week_start,year,week_number,region_code,region_name,patch_code,available_engineers,capacity_jobs,demand_jobs,gap_jobs,utilisation_pct,rag_status,is_forecast
2024-12-30,2025,1,MID,Midlands,MID-P1,4,62,58,4,93.5,Red,0
2024-12-30,2025,1,MID,Midlands,MID-P2,4,82,52,30,63.4,Green,0
2024-12-30,2025,1,MID,Midlands,MID-P3,4,71,57,14,80.3,Amber,0
2024-12-30,2025,1,MID,Midlands,MID-P4,3,73,41,32,56.2,Green,0
2024-12-30,2025,1,MID,Midlands,MID-P5,3,52,41,11,78.8,Amber,0
2024-12-30,2025,1,MID,Midlands,MID-P6,3,65,47,18,72.3,Green,0
2024-12-30,2025,1,MID,Midlands,MID-P7,3,67,58,9,86.6,Amber,0
2024-12-30,2025,1,NE,North East,NE-P1,3,69,45,24,65.2,Green,0
2024-12-30,2025,1,NE,North East,NE-P2,3,69,33,36,47.8,Green,0
2024-12-30,2025,1,NE,North East,NE-P3,4,74,56,18,75.7,Amber,0
2024-12-30,2025,1,NE,North East,NE-P4,2,39,45,-6,115.4,Red,0
2024-12-30,2025,1,NE,North East,NE-P5,3,58,45,13,77.6,Amber,0
2024-12-30,2025,1,NW,North West,NW-P1,3,65,43,22,66.2,Green,0
2024-12-30,2025,1,NW,North West,NW-P2,4,73,62,11,84.9,Amber,0
2024-12-30,2025,1,NW,North West,NW-P3,3,67,50,17,74.6,Green,0
2024-12-30,2025,1,NW,North West,NW-P4,3,65,64,1,98.5,Red,0
2024-12-30,2025,1,NW,North West,NW-P5,3,58,43,15,74.1,Green,0
2024-12-30,2025,1,NW,North West,NW-P6,3,72,47,25,65.3,Green,0
2024-12-30,2025,1,SCO,Scotland,SCO-P1,3,65,48,17,73.8,Green,0
2024-12-30,2025,1,SCO,Scotland,SCO-P2,4,82,60,22,73.2,Green,0
2024-12-30,2025,1,SCO,Scotland,SCO-P3,3,79,57,22,72.2,Green,0
2024-12-30,2025,1,SCO,Scotland,SCO-P4,4,67,59,8,88.1,Amber,0
2024-12-30,2025,1,SE,South East,SE-P1,4,71,51,20,71.8,Green,0
2024-12-30,2025,1,SE,South East,SE-P2,3,57,62,-5,108.8,Red,0
2024-12-30,2025,1,SE,South East,SE-P3,5,84,58,26,69.0,Green,0
2024-12-30,2025,1,SE,South East,SE-P4,4,64,59,5,92.2,Red,0
2024-12-30,2025,1,SE,South East,SE-P5,4,83,59,24,71.1,Green,0
2024-12-30,2025,1,SE,South East,SE-P6,4,72,53,19,73.6,Green,0
2024-12-30,2025,1,SE,South East,SE-P7,3,54,51,3,94.4,Red,0
2024-12-30,2025,1,SE,South East,SE-P8,3,75,62,13,82.7,Amber,0
2024-12-30,2025,1,SW,South West,SW-P1,3,59,57,2,96.6,Red,0
2024-12-30,2025,1,SW,South West,SW-P2,4,67,42,25,62.7,Green,0
2024-12-30,2025,1,SW,South West,SW-P3,3,66,51,15,77.3,Amber,0
2024-12-30,2025,1,SW,South West,SW-P4,3,68,40,28,58.8,Green,0
2024-12-30,2025,1,WAL,Wales,WAL-P1,3,50,61,-11,122.0,Red,0
2024-12-30,2025,1,WAL,Wales,WAL-P2,4,77,50,27,64.9,Green,0
2024-12-30,2025,1,WAL,Wales,WAL-P3,3,70,57,13,81.4,Amber,0
2024-12-30,2025,1,YRK,Yorkshire,YRK-P1,4,76,67,9,88.2,Amber,0
2024-12-30,2025,1,YRK,Yorkshire,YRK-P2,4,77,48,29,62.3,Green,0
2024-12-30,2025,1,YRK,Yorkshire,YRK-P3,4,75,62,13,82.7,Amber,0
2024-12-30,2025,1,YRK,Yorkshire,YRK-P4,3,57,47,10,82.5,Amber,0
2024-12-30,2025,1,YRK,Yorkshire,YRK-P5,3,62,60,2,96.8,Red,0
2025-01-06,2025,2,MID,Midlands,MID-P1,7,117,71,46,60.7,Green,0
2025-01-06,2025,2,MID,Midlands,MID-P2,6,122,102,20,83.6,Amber,0
2025-01-06,2025,2,MID,Midlands,MID-P3,7,126,87,39,69.0,Green,0
2025-01-06,2025,2,MID,Midlands,MID-P4,6,128,89,39,69.5,Green,0
2025-01-06,2025,2,MID,Midlands,MID-P5,4,78,94,-16,120.5,Red,0
2025-01-06,2025,2,MID,Midlands,MID-P6,4,83,89,-6,107.2,Red,0
2025-01-06,2025,2,MID,Midlands,MID-P7,5,110,89,21,80.9,Amber,0
2025-01-06,2025,2,NE,North East,NE-P1,5,108,53,55,49.1,Green,0
2025-01-06,2025,2,NE,North East,NE-P2,5,112,77,35,68.8,Green,0
2025-01-06,2025,2,NE,North East,NE-P3,4,87,81,6,93.1,Red,0
2025-01-06,2025,2,NE,North East,NE-P4,5,82,76,6,92.7,Red,0
2025-01-06,2025,2,NE,North East,NE-P5,4,73,68,5,93.2,Red,0
2025-01-06,2025,2,NW,North West,NW-P1,6,124,77,47,62.1,Green,0
2025-01-06,2025,2,NW,North West,NW-P2,6,112,83,29,74.1,Green,0
2025-01-06,2025,2,NW,North West,NW-P3,5,106,78,28,73.6,Green,0
2025-01-06,2025,2,NW,North West,NW-P4,5,114,83,31,72.8,Green,0
2025-01-06,2025,2,NW,North West,NW-P5,5,96,73,23,76.0,Amber,0
2025-01-06,2025,2,NW,North West,NW-P6,6,117,91,26,77.8,Amber,0
2025-01-06,2025,2,SCO,Scotland,SCO-P1,6,108,66,42,61.1,Green,0
2025-01-06,2025,2,SCO,Scotland,SCO-P2,6,123,87,36,70.7,Green,0
2025-01-06,2025,2,SCO,Scotland,SCO-P3,5,107,90,17,84.1,Amber,0
2025-01-06,2025,2,SCO,Scotland,SCO-P4,5,104,85,19,81.7,Amber,0
2025-01-06,2025,2,SE,South East,SE-P1,6,120,81,39,67.5,Green,0
2025-01-06,2025,2,SE,South East,SE-P2,7,109,83,26,76.1,Amber,0
2025-01-06,2025,2,SE,South East,SE-P3,6,101,78,23,77.2,Amber,0
2025-01-06,2025,2,SE,South East,SE-P4,6,104,70,34,67.3,Green,0
2025-01-06,2025,2,SE,South East,SE-P5,5,108,90,18,83.3,Amber,0
2025-01-06,2025,2,SE,South East,SE-P6,5,102,69,33,67.6,Green,0
2025-01-06,2025,2,SE,South East,SE-P7,5,99,94,5,94.9,Red,0
2025-01-06,2025,2,SE,South East,SE-P8,5,130,86,44,66.2,Green,0
2025-01-06,2025,2,SW,South West,SW-P1,6,106,74,32,69.8,Green,0
2025-01-06,2025,2,SW,South West,SW-P2,5,88,76,12,86.4,Amber,0
2025-01-06,2025,2,SW,South West,SW-P3,5,107,80,27,74.8,Green,0
2025-01-06,2025,2,SW,South West,SW-P4,5,107,80,27,74.8,Green,0
2025-01-06,2025,2,WAL,Wales,WAL-P1,6,113,84,29,74.3,Green,0
2025-01-06,2025,2,WAL,Wales,WAL-P2,6,122,77,45,63.1,Green,0
2025-01-06,2025,2,WAL,Wales,WAL-P3,6,129,91,38,70.5,Green,0
2025-01-06,2025,2,YRK,Yorkshire,YRK-P1,6,111,89,22,80.2,Amber,0
2025-01-06,2025,2,YRK,Yorkshire,YRK-P2,6,116,79,37,68.1,Green,0
2025-01-06,2025,2,YRK,Yorkshire,YRK-P3,6,120,79,41,65.8,Green,0
2025-01-06,2025,2,YRK,Yorkshire,YRK-P4,6,112,81,31,72.3,Green,0
2025-01-06,2025,2,YRK,Yorkshire,YRK-P5,6,122,102,20,83.6,Amber,0
2025-01-13,2025,3,MID,Midlands,MID-P1,5,90,76,14,84.4,Amber,0
2025-01-13,2025,3,MID,Midlands,MID-P2,6,114,85,29,74.6,Green,0
2025-01-13,2025,3,MID,Midlands,MID-P3,6,127,80,47,63.0,Green,0
2025-01-13,2025,3,MID,Midlands,MID-P4,7,146,84,62,57.5,Green,0
2025-01-13,2025,3,MID,Midlands,MID-P5,6,102,70,32,68.6,Green,0
2025-01-13,2025,3,MID,Midlands,MID-P6,5,103,67,36,65.0,Green,0
2025-01-13,2025,3,MID,Midlands,MID-P7,6,122,69,53,56.6,Green,0
2025-01-13,2025,3,NE,North East,NE-P1,5,104,63,41,60.6,Green,0
2025-01-13,2025,3,NE,North East,NE-P2,5,106,59,47,55.7,Green,0
2025-01-13,2025,3,NE,North East,NE-P3,6,114,82,32,71.9,Green,0
2025-01-13,2025,3,NE,North East,NE-P4,4,74,71,3,95.9,Red,0
2025-01-13,2025,3,NE,North East,NE-P5,5,93,61,32,65.6,Green,0
2025-01-13,2025,3,NW,North West,NW-P1,7,130,75,55,57.7,Green,0
2025-01-13,2025,3,NW,North West,NW-P2,6,118,79,39,66.9,Green,0
2025-01-13,2025,3,NW,North West,NW-P3,6,118,69,49,58.5,Green,0
2025-01-13,2025,3,NW,North West,NW-P4,5,109,82,27,75.2,Amber,0
2025-01-13,2025,3,NW,North West,NW-P5,5,82,90,-8,109.8,Red,0
2025-01-13,2025,3,NW,North West,NW-P6,5,112,74,38,66.1,Green,0
2025-01-13,2025,3,SCO,Scotland,SCO-P1,7,125,81,44,64.8,Green,0
2025-01-13,2025,3,SCO,Scotland,SCO-P2,6,137,75,62,54.7,Green,0
2025-01-13,2025,3,SCO,Scotland,SCO-P3,6,135,79,56,58.5,Green,0
2025-01-13,2025,3,SCO,Scotland,SCO-P4,5,101,98,3,97.0,Red,0
2025-01-13,2025,3,SE,South East,SE-P1,7,137,61,76,44.5,Green,0
2025-01-13,2025,3,SE,South East,SE-P2,7,110,63,47,57.3,Green,0
2025-01-13,2025,3,SE,South East,SE-P3,6,110,91,19,82.7,Amber,0
2025-01-13,2025,3,SE,South East,SE-P4,6,101,79,22,78.2,Amber,0
2025-01-13,2025,3,SE,South East,SE-P5,6,130,90,40,69.2,Green,0
2025-01-13,2025,3,SE,South East,SE-P6,5,107,80,27,74.8,Green,0
2025-01-13,2025,3,SE,South East,SE-P7,5,110,75,35,68.2,Green,0
2025-01-13,2025,3,SE,South East,SE-P8,5,135,68,67,50.4,Green,0
2025-01-13,2025,3,SW,South West,SW-P1,5,90,67,23,74.4,Green,0
2025-01-13,2025,3,SW,South West,SW-P2,6,109,74,35,67.9,Green,0
2025-01-13,2025,3,SW,South West,SW-P3,5,104,78,26,75.0,Amber,0
2025-01-13,2025,3,SW,South West,SW-P4,5,90,75,15,83.3,Amber,0
2025-01-13,2025,3,WAL,Wales,WAL-P1,6,115,84,31,73.0,Green,0
2025-01-13,2025,3,WAL,Wales,WAL-P2,6,113,71,42,62.8,Green,0
2025-01-13,2025,3,WAL,Wales,WAL-P3,6,116,79,37,68.1,Green,0
2025-01-13,2025,3,YRK,Yorkshire,YRK-P1,6,128,81,47,63.3,Green,0
2025-01-13,2025,3,YRK,Yorkshire,YRK-P2,7,146,74,72,50.7,Green,0
2025-01-13,2025,3,YRK,Yorkshire,YRK-P3,6,122,72,50,59.0,Green,0
2025-01-13,2025,3,YRK,Yorkshire,YRK-P4,6,111,90,21,81.1,Amber,0
2025-01-13,2025,3,YRK,Yorkshire,YRK-P5,5,114,79,35,69.3,Green,0
2025-01-20,2025,4,MID,Midlands,MID-P1,6,110,69,41,62.7,Green,0
2025-01-20,2025,4,MID,Midlands,MID-P2,6,115,88,27,76.5,Amber,0
2025-01-20,2025,4,MID,Midlands,MID-P3,5,103,87,16,84.5,Amber,0
2025-01-20,2025,4,MID,Midlands,MID-P4,6,130,86,44,66.2,Green,0
2025-01-20,2025,4,MID,Midlands,MID-P5,5,88,77,11,87.5,Amber,0
2025-01-20,2025,4,MID,Midlands,MID-P6,5,99,78,21,78.8,Amber,0
2025-01-20,2025,4,MID,Midlands,MID-P7,5,105,87,18,82.9,Amber,0
2025-01-20,2025,4,NE,North East,NE-P1,4,81,71,10,87.7,Amber,0
2025-01-20,2025,4,NE,North East,NE-P2,6,117,72,45,61.5,Green,0
2025-01-20,2025,4,NE,North East,NE-P3,5,99,63,36,63.6,Green,0
2025-01-20,2025,4,NE,North East,NE-P4,4,71,86,-15,121.1,Red,0
2025-01-20,2025,4,NE,North East,NE-P5,5,100,58,42,58.0,Green,0
2025-01-20,2025,4,NW,North West,NW-P1,7,135,73,62,54.1,Green,0
2025-01-20,2025,4,NW,North West,NW-P2,5,101,92,9,91.1,Red,0
2025-01-20,2025,4,NW,North West,NW-P3,5,112,69,43,61.6,Green,0
2025-01-20,2025,4,NW,North West,NW-P4,5,108,75,33,69.4,Green,0
2025-01-20,2025,4,NW,North West,NW-P5,6,106,83,23,78.3,Amber,0
2025-01-20,2025,4,NW,North West,NW-P6,5,96,82,14,85.4,Amber,0
2025-01-20,2025,4,SCO,Scotland,SCO-P1,5,100,79,21,79.0,Amber,0
2025-01-20,2025,4,SCO,Scotland,SCO-P2,5,115,79,36,68.7,Green,0
2025-01-20,2025,4,SCO,Scotland,SCO-P3,6,130,81,49,62.3,Green,0
2025-01-20,2025,4,SCO,Scotland,SCO-P4,6,119,77,42,64.7,Green,0
2025-01-20,2025,4,SE,South East,SE-P1,6,118,72,46,61.0,Green,0
2025-01-20,2025,4,SE,South East,SE-P2,6,99,78,21,78.8,Amber,0
2025-01-20,2025,4,SE,South East,SE-P3,6,99,78,21,78.8,Amber,0
2025-01-20,2025,4,SE,South East,SE-P4,6,98,81,17,82.7,Amber,0
2025-01-20,2025,4,SE,South East,SE-P5,4,97,81,16,83.5,Amber,0
2025-01-20,2025,4,SE,South East,SE-P6,5,105,92,13,87.6,Amber,0
2025-01-20,2025,4,SE,South East,SE-P7,5,112,87,25,77.7,Amber,0
2025-01-20,2025,4,SE,South East,SE-P8,6,150,89,61,59.3,Green,0
2025-01-20,2025,4,SW,South West,SW-P1,6,111,65,46,58.6,Green,0
2025-01-20,2025,4,SW,South West,SW-P2,5,83,75,8,90.4,Red,0
2025-01-20,2025,4,SW,South West,SW-P3,5,111,75,36,67.6,Green,0
2025-01-20,2025,4,SW,South West,SW-P4,5,100,72,28,72.0,Green,0
2025-01-20,2025,4,WAL,Wales,WAL-P1,6,119,91,28,76.5,Amber,0
2025-01-20,2025,4,WAL,Wales,WAL-P2,6,106,80,26,75.5,Amber,0
2025-01-20,2025,4,WAL,Wales,WAL-P3,5,110,76,34,69.1,Green,0
2025-01-20,2025,4,YRK,Yorkshire,YRK-P1,5,103,83,20,80.6,Amber,0
2025-01-20,2025,4,YRK,Yorkshire,YRK-P2,7,137,93,44,67.9,Green,0
2025-01-20,2025,4,YRK,Yorkshire,YRK-P3,7,127,94,33,74.0,Green,0
2025-01-20,2025,4,YRK,Yorkshire,YRK-P4,7,124,89,35,71.8,Green,0
2025-01-20,2025,4,YRK,Yorkshire,YRK-P5,5,95,70,25,73.7,Green,0
2025-01-27,2025,5,MID,Midlands,MID-P1,6,94,76,18,80.9,Amber,0
2025-01-27,2025,5,MID,Midlands,MID-P2,6,108,76,32,70.4,Green,0
2025-01-27,2025,5,MID,Midlands,MID-P3,5,106,79,27,74.5,Green,0
2025-01-27,2025,5,MID,Midlands,MID-P4,6,120,71,49,59.2,Green,0
2025-01-27,2025,5,MID,Midlands,MID-P5,5,96,95,1,99.0,Red,0
2025-01-27,2025,5,MID,Midlands,MID-P6,5,108,82,26,75.9,Amber,0
2025-01-27,2025,5,MID,Midlands,MID-P7,5,104,64,40,61.5,Green,0
2025-01-27,2025,5,NE,North East,NE-P1,5,94,82,12,87.2,Amber,0
2025-01-27,2025,5,NE,North East,NE-P2,6,120,75,45,62.5,Green,0
2025-01-27,2025,5,NE,North East,NE-P3,5,101,62,39,61.4,Green,0
2025-01-27,2025,5,NE,North East,NE-P4,5,78,60,18,76.9,Amber,0
2025-01-27,2025,5,NE,North East,NE-P5,5,93,61,32,65.6,Green,0
2025-01-27,2025,5,NW,North West,NW-P1,6,125,73,52,58.4,Green,0
2025-01-27,2025,5,NW,North West,NW-P2,5,98,78,20,79.6,Amber,0
2025-01-27,2025,5,NW,North West,NW-P3,5,115,67,48,58.3,Green,0
2025-01-27,2025,5,NW,North West,NW-P4,5,118,64,54,54.2,Green,0
2025-01-27,2025,5,NW,North West,NW-P5,6,110,83,27,75.5,Amber,0
2025-01-27,2025,5,NW,North West,NW-P6,5,107,79,28,73.8,Green,0
2025-01-27,2025,5,SCO,Scotland,SCO-P1,7,130,74,56,56.9,Green,0
2025-01-27,2025,5,SCO,Scotland,SCO-P2,6,127,77,50,60.6,Green,0
2025-01-27,2025,5,SCO,Scotland,SCO-P3,5,107,73,34,68.2,Green,0
2025-01-27,2025,5,SCO,Scotland,SCO-P4,5,100,64,36,64.0,Green,0
2025-01-27,2025,5,SE,South East,SE-P1,6,124,83,41,66.9,Green,0
2025-01-27,2025,5,SE,South East,SE-P2,6,94,66,28,70.2,Green,0
2025-01-27,2025,5,SE,South East,SE-P3,6,98,70,28,71.4,Green,0
2025-01-27,2025,5,SE,South East,SE-P4,7,120,83,37,69.2,Green,0
2025-01-27,2025,5,SE,South East,SE-P5,6,121,64,57,52.9,Green,0
2025-01-27,2025,5,SE,South East,SE-P6,5,109,71,38,65.1,Green,0
2025-01-27,2025,5,SE,South East,SE-P7,5,106,88,18,83.0,Amber,0
2025-01-27,2025,5,SE,South East,SE-P8,5,120,81,39,67.5,Green,0
2025-01-27,2025,5,SW,South West,SW-P1,6,105,58,47,55.2,Green,0
2025-01-27,2025,5,SW,South West,SW-P2,5,105,83,22,79.0,Amber,0
2025-01-27,2025,5,SW,South West,SW-P3,5,106,62,44,58.5,Green,0
2025-01-27,2025,5,SW,South West,SW-P4,4,82,85,-3,103.7,Red,0
2025-01-27,2025,5,WAL,Wales,WAL-P1,6,126,74,52,58.7,Green,0
2025-01-27,2025,5,WAL,Wales,WAL-P2,7,122,79,43,64.8,Green,0
2025-01-27,2025,5,WAL,Wales,WAL-P3,5,114,77,37,67.5,Green,0
2025-01-27,2025,5,YRK,Yorkshire,YRK-P1,6,111,67,44,60.4,Green,0
2025-01-27,2025,5,YRK,Yorkshire,YRK-P2,6,128,84,44,65.6,Green,0
2025-01-27,2025,5,YRK,Yorkshire,YRK-P3,5,102,84,18,82.4,Amber,0
2025-01-27,2025,5,YRK,Yorkshire,YRK-P4,6,104,77,27,74.0,Green,0
2025-01-27,2025,5,YRK,Yorkshire,YRK-P5,5,109,72,37,66.1,Green,0
2025-02-03,2025,6,MID,Midlands,MID-P1,6,106,72,34,67.9,Green,0
2025-02-03,2025,6,MID,Midlands,MID-P2,6,120,76,44,63.3,Green,0
2025-02-03,2025,6,MID,Midlands,MID-P3,6,116,57,59,49.1,Green,0
2025-02-03,2025,6,MID,Midlands,MID-P4,6,132,88,44,66.7,Green,0
2025-02-03,2025,6,MID,Midlands,MID-P5,5,96,55,41,57.3,Green,0
2025-02-03,2025,6,MID,Midlands,MID-P6,5,104,63,41,60.6,Green,0
2025-02-03,2025,6,MID,Midlands,MID-P7,6,125,68,57,54.4,Green,0
2025-02-03,2025,6,NE,North East,NE-P1,6,120,69,51,57.5,Green,0
2025-02-03,2025,6,NE,North East,NE-P2,5,107,75,32,70.1,Green,0
2025-02-03,2025,6,NE,North East,NE-P3,5,102,56,46,54.9,Green,0
2025-02-03,2025,6,NE,North East,NE-P4,4,72,58,14,80.6,Amber,0
2025-02-03,2025,6,NE,North East,NE-P5,5,93,55,38,59.1,Green,0
2025-02-03,2025,6,NW,North West,NW-P1,6,110,57,53,51.8,Green,0
2025-02-03,2025,6,NW,North West,NW-P2,5,102,75,27,73.5,Green,0
2025-02-03,2025,6,NW,North West,NW-P3,5,110,80,30,72.7,Green,0
2025-02-03,2025,6,NW,North West,NW-P4,5,108,87,21,80.6,Amber,0
2025-02-03,2025,6,NW,North West,NW-P5,5,97,66,31,68.0,Green,0
2025-02-03,2025,6,NW,North West,NW-P6,5,100,71,29,71.0,Green,0
2025-02-03,2025,6,SCO,Scotland,SCO-P1,7,139,78,61,56.1,Green,0
2025-02-03,2025,6,SCO,Scotland,SCO-P2,7,141,64,77,45.4,Green,0
2025-02-03,2025,6,SCO,Scotland,SCO-P3,5,112,68,44,60.7,Green,0
2025-02-03,2025,6,SCO,Scotland,SCO-P4,5,103,74,29,71.8,Green,0
2025-02-03,2025,6,SE,South East,SE-P1,6,126,81,45,64.3,Green,0
2025-02-03,2025,6,SE,South East,SE-P2,6,94,77,17,81.9,Amber,0
2025-02-03,2025,6,SE,South East,SE-P3,6,105,76,29,72.4,Green,0
2025-02-03,2025,6,SE,South East,SE-P4,7,108,56,52,51.9,Green,0
2025-02-03,2025,6,SE,South East,SE-P5,6,123,84,39,68.3,Green,0
2025-02-03,2025,6,SE,South East,SE-P6,5,102,88,14,86.3,Amber,0
2025-02-03,2025,6,SE,South East,SE-P7,5,108,75,33,69.4,Green,0
2025-02-03,2025,6,SE,South East,SE-P8,4,110,67,43,60.9,Green,0
2025-02-03,2025,6,SW,South West,SW-P1,5,89,77,12,86.5,Amber,0
2025-02-03,2025,6,SW,South West,SW-P2,5,87,68,19,78.2,Amber,0
2025-02-03,2025,6,SW,South West,SW-P3,5,107,62,45,57.9,Green,0
2025-02-03,2025,6,SW,South West,SW-P4,5,94,69,25,73.4,Green,0
2025-02-03,2025,6,WAL,Wales,WAL-P1,6,106,69,37,65.1,Green,0
2025-02-03,2025,6,WAL,Wales,WAL-P2,6,116,76,40,65.5,Green,0
2025-02-03,2025,6,WAL,Wales,WAL-P3,6,115,79,36,68.7,Green,0
2025-02-03,2025,6,YRK,Yorkshire,YRK-P1,7,130,81,49,62.3,Green,0
2025-02-03,2025,6,YRK,Yorkshire,YRK-P2,6,121,72,49,59.5,Green,0
2025-02-03,2025,6,YRK,Yorkshire,YRK-P3,6,120,78,42,65.0,Green,0
2025-02-03,2025,6,YRK,Yorkshire,YRK-P4,6,115,87,28,75.7,Amber,0
2025-02-03,2025,6,YRK,Yorkshire,YRK-P5,5,103,87,16,84.5,Amber,0
2025-02-10,2025,7,MID,Midlands,MID-P1,6,104,94,10,90.4,Red,0
2025-02-10,2025,7,MID,Midlands,MID-P2,7,125,58,67,46.4,Green,0
2025-02-10,2025,7,MID,Midlands,MID-P3,5,104,77,27,74.0,Green,0
2025-02-10,2025,7,MID,Midlands,MID-P4,6,125,73,52,58.4,Green,0
2025-02-10,2025,7,MID,Midlands,MID-P5,6,112,90,22,80.4,Amber,0
2025-02-10,2025,7,MID,Midlands,MID-P6,5,103,71,32,68.9,Green,0
2025-02-10,2025,7,MID,Midlands,MID-P7,6,130,75,55,57.7,Green,0
2025-02-10,2025,7,NE,North East,NE-P1,5,105,62,43,59.0,Green,0
2025-02-10,2025,7,NE,North East,NE-P2,5,101,55,46,54.5,Green,0
2025-02-10,2025,7,NE,North East,NE-P3,4,84,66,18,78.6,Amber,0
2025-02-10,2025,7,NE,North East,NE-P4,5,77,58,19,75.3,Amber,0
2025-02-10,2025,7,NE,North East,NE-P5,5,99,72,27,72.7,Green,0
2025-02-10,2025,7,NW,North West,NW-P1,6,113,59,54,52.2,Green,0
2025-02-10,2025,7,NW,North West,NW-P2,6,121,64,57,52.9,Green,0
2025-02-10,2025,7,NW,North West,NW-P3,5,117,85,32,72.6,Green,0
2025-02-10,2025,7,NW,North West,NW-P4,6,127,84,43,66.1,Green,0
2025-02-10,2025,7,NW,North West,NW-P5,5,92,61,31,66.3,Green,0
2025-02-10,2025,7,NW,North West,NW-P6,6,117,68,49,58.1,Green,0
2025-02-10,2025,7,SCO,Scotland,SCO-P1,7,131,73,58,55.7,Green,0
2025-02-10,2025,7,SCO,Scotland,SCO-P2,6,116,57,59,49.1,Green,0
2025-02-10,2025,7,SCO,Scotland,SCO-P3,4,104,69,35,66.3,Green,0
2025-02-10,2025,7,SCO,Scotland,SCO-P4,5,100,70,30,70.0,Green,0
2025-02-10,2025,7,SE,South East,SE-P1,5,111,85,26,76.6,Amber,0
2025-02-10,2025,7,SE,South East,SE-P2,5,86,76,10,88.4,Amber,0
2025-02-10,2025,7,SE,South East,SE-P3,5,94,77,17,81.9,Amber,0
2025-02-10,2025,7,SE,South East,SE-P4,6,104,78,26,75.0,Amber,0
2025-02-10,2025,7,SE,South East,SE-P5,5,114,79,35,69.3,Green,0
2025-02-10,2025,7,SE,South East,SE-P6,5,93,77,16,82.8,Amber,0
2025-02-10,2025,7,SE,South East,SE-P7,5,110,72,38,65.5,Green,0
2025-02-10,2025,7,SE,South East,SE-P8,5,115,69,46,60.0,Green,0
2025-02-10,2025,7,SW,South West,SW-P1,5,85,66,19,77.6,Amber,0
2025-02-10,2025,7,SW,South West,SW-P2,4,80,72,8,90.0,Red,0
2025-02-10,2025,7,SW,South West,SW-P3,5,97,71,26,73.2,Green,0
2025-02-10,2025,7,SW,South West,SW-P4,5,101,66,35,65.3,Green,0
2025-02-10,2025,7,WAL,Wales,WAL-P1,6,119,88,31,73.9,Green,0
2025-02-10,2025,7,WAL,Wales,WAL-P2,6,109,66,43,60.6,Green,0
2025-02-10,2025,7,WAL,Wales,WAL-P3,5,105,70,35,66.7,Green,0
2025-02-10,2025,7,YRK,Yorkshire,YRK-P1,6,117,82,35,70.1,Green,0
2025-02-10,2025,7,YRK,Yorkshire,YRK-P2,5,102,77,25,75.5,Amber,0
2025-02-10,2025,7,YRK,Yorkshire,YRK-P3,6,114,81,33,71.1,Green,0
2025-02-10,2025,7,YRK,Yorkshire,YRK-P4,7,132,73,59,55.3,Green,0
2025-02-10,2025,7,YRK,Yorkshire,YRK-P5,4,91,64,27,70.3,Green,0
2025-02-17,2025,8,MID,Midlands,MID-P1,5,92,76,16,82.6,Amber,0
2025-02-17,2025,8,MID,Midlands,MID-P2,6,112,64,48,57.1,Green,0
2025-02-17,2025,8,MID,Midlands,MID-P3,6,114,77,37,67.5,Green,0
2025-02-17,2025,8,MID,Midlands,MID-P4,6,128,68,60,53.1,Green,0
2025-02-17,2025,8,MID,Midlands,MID-P5,6,111,62,49,55.9,Green,0
2025-02-17,2025,8,MID,Midlands,MID-P6,5,98,80,18,81.6,Amber,0
2025-02-17,2025,8,MID,Midlands,MID-P7,6,123,81,42,65.9,Green,0
2025-02-17,2025,8,NE,North East,NE-P1,5,100,64,36,64.0,Green,0
2025-02-17,2025,8,NE,North East,NE-P2,5,109,63,46,57.8,Green,0
2025-02-17,2025,8,NE,North East,NE-P3,4,67,78,-11,116.4,Red,0
2025-02-17,2025,8,NE,North East,NE-P4,4,67,55,12,82.1,Amber,0
2025-02-17,2025,8,NE,North East,NE-P5,4,78,64,14,82.1,Amber,0
2025-02-17,2025,8,NW,North West,NW-P1,6,117,65,52,55.6,Green,0
2025-02-17,2025,8,NW,North West,NW-P2,6,115,72,43,62.6,Green,0
2025-02-17,2025,8,NW,North West,NW-P3,5,112,66,46,58.9,Green,0
2025-02-17,2025,8,NW,North West,NW-P4,6,135,76,59,56.3,Green,0
2025-02-17,2025,8,NW,North West,NW-P5,5,100,75,25,75.0,Amber,0
2025-02-17,2025,8,NW,North West,NW-P6,5,97,65,32,67.0,Green,0
2025-02-17,2025,8,SCO,Scotland,SCO-P1,7,128,70,58,54.7,Green,0
2025-02-17,2025,8,SCO,Scotland,SCO-P2,6,126,66,60,52.4,Green,0
2025-02-17,2025,8,SCO,Scotland,SCO-P3,4,103,83,20,80.6,Amber,0
2025-02-17,2025,8,SCO,Scotland,SCO-P4,5,95,68,27,71.6,Green,0
2025-02-17,2025,8,SE,South East,SE-P1,7,136,68,68,50.0,Green,0
2025-02-17,2025,8,SE,South East,SE-P2,6,103,68,35,66.0,Green,0
2025-02-17,2025,8,SE,South East,SE-P3,7,122,76,46,62.3,Green,0
2025-02-17,2025,8,SE,South East,SE-P4,6,96,70,26,72.9,Green,0
2025-02-17,2025,8,SE,South East,SE-P5,6,121,63,58,52.1,Green,0
2025-02-17,2025,8,SE,South East,SE-P6,5,94,71,23,75.5,Amber,0
2025-02-17,2025,8,SE,South East,SE-P7,5,98,84,14,85.7,Amber,0
2025-02-17,2025,8,SE,South East,SE-P8,6,145,71,74,49.0,Green,0
2025-02-17,2025,8,SW,South West,SW-P1,5,99,66,33,66.7,Green,0
2025-02-17,2025,8,SW,South West,SW-P2,6,106,64,42,60.4,Green,0
2025-02-17,2025,8,SW,South West,SW-P3,5,103,70,33,68.0,Green,0
2025-02-17,2025,8,SW,South West,SW-P4,6,114,68,46,59.6,Green,0
2025-02-17,2025,8,WAL,Wales,WAL-P1,7,131,72,59,55.0,Green,0
2025-02-17,2025,8,WAL,Wales,WAL-P2,7,122,79,43,64.8,Green,0
2025-02-17,2025,8,WAL,Wales,WAL-P3,5,100,68,32,68.0,Green,0
2025-02-17,2025,8,YRK,Yorkshire,YRK-P1,6,112,73,39,65.2,Green,0
2025-02-17,2025,8,YRK,Yorkshire,YRK-P2,6,112,77,35,68.8,Green,0
2025-02-17,2025,8,YRK,Yorkshire,YRK-P3,6,123,86,37,69.9,Green,0
2025-02-17,2025,8,YRK,Yorkshire,YRK-P4,5,94,74,20,78.7,Amber,0
2025-02-17,2025,8,YRK,Yorkshire,YRK-P5,5,101,84,17,83.2,Amber,0
2025-02-24,2025,9,MID,Midlands,MID-P1,6,106,73,33,68.9,Green,0
2025-02-24,2025,9,MID,Midlands,MID-P2,6,112,68,44,60.7,Green,0
2025-02-24,2025,9,MID,Midlands,MID-P3,6,117,96,21,82.1,Amber,0
2025-02-24,2025,9,MID,Midlands,MID-P4,6,125,80,45,64.0,Green,0
2025-02-24,2025,9,MID,Midlands,MID-P5,5,97,69,28,71.1,Green,0
2025-02-24,2025,9,MID,Midlands,MID-P6,6,114,72,42,63.2,Green,0
2025-02-24,2025,9,MID,Midlands,MID-P7,7,136,70,66,51.5,Green,0
2025-02-24,2025,9,NE,North East,NE-P1,5,108,65,43,60.2,Green,0
2025-02-24,2025,9,NE,North East,NE-P2,5,107,57,50,53.3,Green,0
2025-02-24,2025,9,NE,North East,NE-P3,5,101,65,36,64.4,Green,0
2025-02-24,2025,9,NE,North East,NE-P4,5,81,53,28,65.4,Green,0
2025-02-24,2025,9,NE,North East,NE-P5,5,99,56,43,56.6,Green,0
2025-02-24,2025,9,NW,North West,NW-P1,5,103,57,46,55.3,Green,0
2025-02-24,2025,9,NW,North West,NW-P2,6,113,62,51,54.9,Green,0
2025-02-24,2025,9,NW,North West,NW-P3,6,127,62,65,48.8,Green,0
2025-02-24,2025,9,NW,North West,NW-P4,6,119,69,50,58.0,Green,0
2025-02-24,2025,9,NW,North West,NW-P5,5,99,63,36,63.6,Green,0
2025-02-24,2025,9,NW,North West,NW-P6,5,100,80,20,80.0,Amber,0
2025-02-24,2025,9,SCO,Scotland,SCO-P1,7,136,78,58,57.4,Green,0
2025-02-24,2025,9,SCO,Scotland,SCO-P2,6,126,66,60,52.4,Green,0
2025-02-24,2025,9,SCO,Scotland,SCO-P3,6,134,70,64,52.2,Green,0
2025-02-24,2025,9,SCO,Scotland,SCO-P4,6,112,74,38,66.1,Green,0
2025-02-24,2025,9,SE,South East,SE-P1,7,136,81,55,59.6,Green,0
2025-02-24,2025,9,SE,South East,SE-P2,6,106,59,47,55.7,Green,0
2025-02-24,2025,9,SE,South East,SE-P3,7,123,63,60,51.2,Green,0
2025-02-24,2025,9,SE,South East,SE-P4,6,95,69,26,72.6,Green,0
2025-02-24,2025,9,SE,South East,SE-P5,5,110,73,37,66.4,Green,0
2025-02-24,2025,9,SE,South East,SE-P6,5,105,57,48,54.3,Green,0
2025-02-24,2025,9,SE,South East,SE-P7,5,110,67,43,60.9,Green,0
2025-02-24,2025,9,SE,South East,SE-P8,5,125,61,64,48.8,Green,0
2025-02-24,2025,9,SW,South West,SW-P1,5,84,52,32,61.9,Green,0
2025-02-24,2025,9,SW,South West,SW-P2,5,91,52,39,57.1,Green,0
2025-02-24,2025,9,SW,South West,SW-P3,5,107,55,52,51.4,Green,0
2025-02-24,2025,9,SW,South West,SW-P4,5,108,74,34,68.5,Green,0
2025-02-24,2025,9,WAL,Wales,WAL-P1,7,128,72,56,56.2,Green,0
2025-02-24,2025,9,WAL,Wales,WAL-P2,5,94,62,32,66.0,Green,0
2025-02-24,2025,9,WAL,Wales,WAL-P3,6,120,75,45,62.5,Green,0
2025-02-24,2025,9,YRK,Yorkshire,YRK-P1,7,139,65,74,46.8,Green,0
2025-02-24,2025,9,YRK,Yorkshire,YRK-P2,6,134,87,47,64.9,Green,0
2025-02-24,2025,9,YRK,Yorkshire,YRK-P3,6,120,77,43,64.2,Green,0
2025-02-24,2025,9,YRK,Yorkshire,YRK-P4,6,100,67,33,67.0,Green,0
2025-02-24,2025,9,YRK,Yorkshire,YRK-P5,5,109,66,43,60.6,Green,0
2025-03-03,2025,10,MID,Midlands,MID-P1,7,114,80,34,70.2,Green,0
2025-03-03,2025,10,MID,Midlands,MID-P2,5,103,54,49,52.4,Green,0
2025-03-03,2025,10,MID,Midlands,MID-P3,5,101,74,27,73.3,Green,0
2025-03-03,2025,10,MID,Midlands,MID-P4,5,119,66,53,55.5,Green,0
2025-03-03,2025,10,MID,Midlands,MID-P5,5,99,61,38,61.6,Green,0
2025-03-03,2025,10,MID,Midlands,MID-P6,6,112,62,50,55.4,Green,0
2025-03-03,2025,10,MID,Midlands,MID-P7,5,110,71,39,64.5,Green,0
2025-03-03,2025,10,NE,North East,NE-P1,6,117,50,67,42.7,Green,0
2025-03-03,2025,10,NE,North East,NE-P2,5,94,65,29,69.1,Green,0
2025-03-03,2025,10,NE,North East,NE-P3,5,103,60,43,58.3,Green,0
2025-03-03,2025,10,NE,North East,NE-P4,4,69,66,3,95.7,Red,0
2025-03-03,2025,10,NE,North East,NE-P5,5,93,54,39,58.1,Green,0
2025-03-03,2025,10,NW,North West,NW-P1,6,117,65,52,55.6,Green,0
2025-03-03,2025,10,NW,North West,NW-P2,6,115,67,48,58.3,Green,0
2025-03-03,2025,10,NW,North West,NW-P3,5,102,65,37,63.7,Green,0
2025-03-03,2025,10,NW,North West,NW-P4,5,110,71,39,64.5,Green,0
2025-03-03,2025,10,NW,North West,NW-P5,6,103,70,33,68.0,Green,0
2025-03-03,2025,10,NW,North West,NW-P6,5,108,89,19,82.4,Amber,0
2025-03-03,2025,10,SCO,Scotland,SCO-P1,6,109,68,41,62.4,Green,0
2025-03-03,2025,10,SCO,Scotland,SCO-P2,7,145,59,86,40.7,Green,0
2025-03-03,2025,10,SCO,Scotland,SCO-P3,6,135,76,59,56.3,Green,0
2025-03-03,2025,10,SCO,Scotland,SCO-P4,6,108,67,41,62.0,Green,0
2025-03-03,2025,10,SE,South East,SE-P1,6,125,82,43,65.6,Green,0
2025-03-03,2025,10,SE,South East,SE-P2,5,81,77,4,95.1,Red,0
2025-03-03,2025,10,SE,South East,SE-P3,6,103,68,35,66.0,Green,0
2025-03-03,2025,10,SE,South East,SE-P4,5,85,60,25,70.6,Green,0
2025-03-03,2025,10,SE,South East,SE-P5,6,129,93,36,72.1,Green,0
2025-03-03,2025,10,SE,South East,SE-P6,6,128,58,70,45.3,Green,0
2025-03-03,2025,10,SE,South East,SE-P7,5,108,78,30,72.2,Green,0
2025-03-03,2025,10,SE,South East,SE-P8,5,135,53,82,39.3,Green,0
2025-03-03,2025,10,SW,South West,SW-P1,5,91,75,16,82.4,Amber,0
2025-03-03,2025,10,SW,South West,SW-P2,5,91,56,35,61.5,Green,0
2025-03-03,2025,10,SW,South West,SW-P3,6,119,59,60,49.6,Green,0
2025-03-03,2025,10,SW,South West,SW-P4,6,115,72,43,62.6,Green,0
2025-03-03,2025,10,WAL,Wales,WAL-P1,6,119,62,57,52.1,Green,0
2025-03-03,2025,10,WAL,Wales,WAL-P2,6,118,57,61,48.3,Green,0
2025-03-03,2025,10,WAL,Wales,WAL-P3,6,116,74,42,63.8,Green,0
2025-03-03,2025,10,YRK,Yorkshire,YRK-P1,6,124,79,45,63.7,Green,0
2025-03-03,2025,10,YRK,Yorkshire,YRK-P2,6,131,70,61,53.4,Green,0
2025-03-03,2025,10,YRK,Yorkshire,YRK-P3,6,110,78,32,70.9,Green,0
2025-03-03,2025,10,YRK,Yorkshire,YRK-P4,6,108,60,48,55.6,Green,0
2025-03-03,2025,10,YRK,Yorkshire,YRK-P5,5,97,63,34,64.9,Green,0
2025-03-10,2025,11,MID,Midlands,MID-P1,6,96,72,24,75.0,Amber,0
2025-03-10,2025,11,MID,Midlands,MID-P2,6,122,51,71,41.8,Green,0
2025-03-10,2025,11,MID,Midlands,MID-P3,5,98,69,29,70.4,Green,0
2025-03-10,2025,11,MID,Midlands,MID-P4,7,150,58,92,38.7,Green,0
2025-03-10,2025,11,MID,Midlands,MID-P5,5,93,68,25,73.1,Green,0
2025-03-10,2025,11,MID,Midlands,MID-P6,5,104,57,47,54.8,Green,0
2025-03-10,2025,11,MID,Midlands,MID-P7,6,122,63,59,51.6,Green,0
2025-03-10,2025,11,NE,North East,NE-P1,6,111,58,53,52.3,Green,0
2025-03-10,2025,11,NE,North East,NE-P2,5,105,49,56,46.7,Green,0
2025-03-10,2025,11,NE,North East,NE-P3,5,99,53,46,53.5,Green,0
2025-03-10,2025,11,NE,North East,NE-P4,4,71,54,17,76.1,Amber,0
2025-03-10,2025,11,NE,North East,NE-P5,4,81,69,12,85.2,Amber,0
2025-03-10,2025,11,NW,North West,NW-P1,6,118,70,48,59.3,Green,0
2025-03-10,2025,11,NW,North West,NW-P2,6,115,71,44,61.7,Green,0
2025-03-10,2025,11,NW,North West,NW-P3,5,106,64,42,60.4,Green,0
2025-03-10,2025,11,NW,North West,NW-P4,5,114,55,59,48.2,Green,0
2025-03-10,2025,11,NW,North West,NW-P5,5,101,58,43,57.4,Green,0
2025-03-10,2025,11,NW,North West,NW-P6,5,111,63,48,56.8,Green,0
2025-03-10,2025,11,SCO,Scotland,SCO-P1,6,112,64,48,57.1,Green,0
2025-03-10,2025,11,SCO,Scotland,SCO-P2,5,110,64,46,58.2,Green,0
2025-03-10,2025,11,SCO,Scotland,SCO-P3,6,135,73,62,54.1,Green,0
2025-03-10,2025,11,SCO,Scotland,SCO-P4,5,91,61,30,67.0,Green,0
2025-03-10,2025,11,SE,South East,SE-P1,6,124,74,50,59.7,Green,0
2025-03-10,2025,11,SE,South East,SE-P2,6,105,74,31,70.5,Green,0
2025-03-10,2025,11,SE,South East,SE-P3,6,99,65,34,65.7,Green,0
2025-03-10,2025,11,SE,South East,SE-P4,7,109,58,51,53.2,Green,0
2025-03-10,2025,11,SE,South East,SE-P5,5,108,55,53,50.9,Green,0
2025-03-10,2025,11,SE,South East,SE-P6,5,98,67,31,68.4,Green,0
2025-03-10,2025,11,SE,South East,SE-P7,6,121,61,60,50.4,Green,0
2025-03-10,2025,11,SE,South East,SE-P8,5,125,79,46,63.2,Green,0
2025-03-10,2025,11,SW,South West,SW-P1,6,107,70,37,65.4,Green,0
2025-03-10,2025,11,SW,South West,SW-P2,5,95,52,43,54.7,Green,0
2025-03-10,2025,11,SW,South West,SW-P3,5,100,47,53,47.0,Green,0
2025-03-10,2025,11,SW,South West,SW-P4,5,104,69,35,66.3,Green,0
2025-03-10,2025,11,WAL,Wales,WAL-P1,6,114,63,51,55.3,Green,0
2025-03-10,2025,11,WAL,Wales,WAL-P2,7,138,68,70,49.3,Green,0
2025-03-10,2025,11,WAL,Wales,WAL-P3,6,120,70,50,58.3,Green,0
2025-03-10,2025,11,YRK,Yorkshire,YRK-P1,7,125,67,58,53.6,Green,0
2025-03-10,2025,11,YRK,Yorkshire,YRK-P2,6,124,84,40,67.7,Green,0
2025-03-10,2025,11,YRK,Yorkshire,YRK-P3,6,118,62,56,52.5,Green,0
2025-03-10,2025,11,YRK,Yorkshire,YRK-P4,7,121,66,55,54.5,Green,0
2025-03-10,2025,11,YRK,Yorkshire,YRK-P5,6,114,75,39,65.8,Green,0
2025-03-17,2025,12,MID,Midlands,MID-P1,7,118,70,48,59.3,Green,0
2025-03-17,2025,12,MID,Midlands,MID-P2,6,121,74,47,61.2,Green,0
2025-03-17,2025,12,MID,Midlands,MID-P3,6,113,70,43,61.9,Green,0
2025-03-17,2025,12,MID,Midlands,MID-P4,6,125,80,45,64.0,Green,0
2025-03-17,2025,12,MID,Midlands,MID-P5,5,96,77,19,80.2,Amber,0
2025-03-17,2025,12,MID,Midlands,MID-P6,5,98,58,40,59.2,Green,0
2025-03-17,2025,12,MID,Midlands,MID-P7,5,97,72,25,74.2,Green,0
2025-03-17,2025,12,NE,North East,NE-P1,5,106,50,56,47.2,Green,0
2025-03-17,2025,12,NE,North East,NE-P2,6,119,60,59,50.4,Green,0
2025-03-17,2025,12,NE,North East,NE-P3,5,100,70,30,70.0,Green,0
2025-03-17,2025,12,NE,North East,NE-P4,4,75,56,19,74.7,Green,0
2025-03-17,2025,12,NE,North East,NE-P5,5,107,58,49,54.2,Green,0
2025-03-17,2025,12,NW,North West,NW-P1,6,117,77,40,65.8,Green,0
2025-03-17,2025,12,NW,North West,NW-P2,7,133,47,86,35.3,Green,0
2025-03-17,2025,12,NW,North West,NW-P3,5,112,66,46,58.9,Green,0
2025-03-17,2025,12,NW,North West,NW-P4,5,102,53,49,52.0,Green,0
2025-03-17,2025,12,NW,North West,NW-P5,6,107,78,29,72.9,Green,0
2025-03-17,2025,12,NW,North West,NW-P6,5,110,54,56,49.1,Green,0
2025-03-17,2025,12,SCO,Scotland,SCO-P1,6,107,76,31,71.0,Green,0
2025-03-17,2025,12,SCO,Scotland,SCO-P2,6,138,70,68,50.7,Green,0
2025-03-17,2025,12,SCO,Scotland,SCO-P3,5,125,57,68,45.6,Green,0
2025-03-17,2025,12,SCO,Scotland,SCO-P4,5,93,54,39,58.1,Green,0
2025-03-17,2025,12,SE,South East,SE-P1,7,134,68,66,50.7,Green,0
2025-03-17,2025,12,SE,South East,SE-P2,6,97,64,33,66.0,Green,0
2025-03-17,2025,12,SE,South East,SE-P3,6,110,52,58,47.3,Green,0
2025-03-17,2025,12,SE,South East,SE-P4,6,105,66,39,62.9,Green,0
2025-03-17,2025,12,SE,South East,SE-P5,5,108,71,37,65.7,Green,0
2025-03-17,2025,12,SE,South East,SE-P6,5,99,65,34,65.7,Green,0
2025-03-17,2025,12,SE,South East,SE-P7,6,118,94,24,79.7,Amber,0
2025-03-17,2025,12,SE,South East,SE-P8,6,145,84,61,57.9,Green,0
2025-03-17,2025,12,SW,South West,SW-P1,5,89,64,25,71.9,Green,0
2025-03-17,2025,12,SW,South West,SW-P2,5,101,62,39,61.4,Green,0
2025-03-17,2025,12,SW,South West,SW-P3,4,90,59,31,65.6,Green,0
2025-03-17,2025,12,SW,South West,SW-P4,5,110,68,42,61.8,Green,0
2025-03-17,2025,12,WAL,Wales,WAL-P1,7,137,62,75,45.3,Green,0
2025-03-17,2025,12,WAL,Wales,WAL-P2,5,103,66,37,64.1,Green,0
2025-03-17,2025,12,WAL,Wales,WAL-P3,6,135,71,64,52.6,Green,0
2025-03-17,2025,12,YRK,Yorkshire,YRK-P1,6,119,75,44,63.0,Green,0
2025-03-17,2025,12,YRK,Yorkshire,YRK-P2,7,137,60,77,43.8,Green,0
2025-03-17,2025,12,YRK,Yorkshire,YRK-P3,6,120,73,47,60.8,Green,0
2025-03-17,2025,12,YRK,Yorkshire,YRK-P4,6,101,81,20,80.2,Amber,0
2025-03-17,2025,12,YRK,Yorkshire,YRK-P5,5,103,75,28,72.8,Green,0
2025-03-24,2025,13,MID,Midlands,MID-P1,6,95,62,33,65.3,Green,0
2025-03-24,2025,13,MID,Midlands,MID-P2,6,122,56,66,45.9,Green,0
2025-03-24,2025,13,MID,Midlands,MID-P3,7,136,68,68,50.0,Green,0
2025-03-24,2025,13,MID,Midlands,MID-P4,6,130,62,68,47.7,Green,0
2025-03-24,2025,13,MID,Midlands,MID-P5,5,96,72,24,75.0,Amber,0
2025-03-24,2025,13,MID,Midlands,MID-P6,5,100,55,45,55.0,Green,0
2025-03-24,2025,13,MID,Midlands,MID-P7,5,111,62,49,55.9,Green,0
2025-03-24,2025,13,NE,North East,NE-P1,5,108,50,58,46.3,Green,0
2025-03-24,2025,13,NE,North East,NE-P2,5,103,51,52,49.5,Green,0
2025-03-24,2025,13,NE,North East,NE-P3,4,84,58,26,69.0,Green,0
2025-03-24,2025,13,NE,North East,NE-P4,4,71,50,21,70.4,Green,0
2025-03-24,2025,13,NE,North East,NE-P5,5,93,66,27,71.0,Green,0
2025-03-24,2025,13,NW,North West,NW-P1,7,129,60,69,46.5,Green,0
2025-03-24,2025,13,NW,North West,NW-P2,7,126,75,51,59.5,Green,0
2025-03-24,2025,13,NW,North West,NW-P3,5,102,61,41,59.8,Green,0
2025-03-24,2025,13,NW,North West,NW-P4,6,125,57,68,45.6,Green,0
2025-03-24,2025,13,NW,North West,NW-P5,6,109,67,42,61.5,Green,0
2025-03-24,2025,13,NW,North West,NW-P6,6,116,63,53,54.3,Green,0
2025-03-24,2025,13,SCO,Scotland,SCO-P1,6,109,61,48,56.0,Green,0
2025-03-24,2025,13,SCO,Scotland,SCO-P2,6,137,72,65,52.6,Green,0
2025-03-24,2025,13,SCO,Scotland,SCO-P3,6,145,68,77,46.9,Green,0
2025-03-24,2025,13,SCO,Scotland,SCO-P4,5,104,54,50,51.9,Green,0
2025-03-24,2025,13,SE,South East,SE-P1,7,142,63,79,44.4,Green,0
2025-03-24,2025,13,SE,South East,SE-P2,6,97,60,37,61.9,Green,0
2025-03-24,2025,13,SE,South East,SE-P3,5,87,68,19,78.2,Amber,0
2025-03-24,2025,13,SE,South East,SE-P4,6,102,61,41,59.8,Green,0
2025-03-24,2025,13,SE,South East,SE-P5,5,109,76,33,69.7,Green,0
2025-03-24,2025,13,SE,South East,SE-P6,5,99,66,33,66.7,Green,0
2025-03-24,2025,13,SE,South East,SE-P7,6,116,66,50,56.9,Green,0
2025-03-24,2025,13,SE,South East,SE-P8,5,135,70,65,51.9,Green,0
2025-03-24,2025,13,SW,South West,SW-P1,4,73,63,10,86.3,Amber,0
2025-03-24,2025,13,SW,South West,SW-P2,6,115,56,59,48.7,Green,0
2025-03-24,2025,13,SW,South West,SW-P3,5,112,59,53,52.7,Green,0
2025-03-24,2025,13,SW,South West,SW-P4,5,98,70,28,71.4,Green,0
2025-03-24,2025,13,WAL,Wales,WAL-P1,6,109,66,43,60.6,Green,0
2025-03-24,2025,13,WAL,Wales,WAL-P2,7,129,58,71,45.0,Green,0
2025-03-24,2025,13,WAL,Wales,WAL-P3,5,94,67,27,71.3,Green,0
2025-03-24,2025,13,YRK,Yorkshire,YRK-P1,6,113,80,33,70.8,Green,0
2025-03-24,2025,13,YRK,Yorkshire,YRK-P2,6,115,77,38,67.0,Green,0
2025-03-24,2025,13,YRK,Yorkshire,YRK-P3,6,108,88,20,81.5,Amber,0
2025-03-24,2025,13,YRK,Yorkshire,YRK-P4,7,117,52,65,44.4,Green,0
2025-03-24,2025,13,YRK,Yorkshire,YRK-P5,6,110,60,50,54.5,Green,0
2025-03-31,2025,14,MID,Midlands,MID-P1,6,106,66,40,62.3,Green,0
2025-03-31,2025,14,MID,Midlands,MID-P2,6,107,66,41,61.7,Green,0
2025-03-31,2025,14,MID,Midlands,MID-P3,6,120,84,36,70.0,Green,0
2025-03-31,2025,14,MID,Midlands,MID-P4,6,139,55,84,39.6,Green,0
2025-03-31,2025,14,MID,Midlands,MID-P5,5,88,60,28,68.2,Green,0
2025-03-31,2025,14,MID,Midlands,MID-P6,5,100,64,36,64.0,Green,0
2025-03-31,2025,14,MID,Midlands,MID-P7,5,111,87,24,78.4,Amber,0
2025-03-31,2025,14,NE,North East,NE-P1,5,103,68,35,66.0,Green,0
2025-03-31,2025,14,NE,North East,NE-P2,5,116,45,71,38.8,Green,0
2025-03-31,2025,14,NE,North East,NE-P3,6,115,59,56,51.3,Green,0
2025-03-31,2025,14,NE,North East,NE-P4,4,76,51,25,67.1,Green,0
2025-03-31,2025,14,NE,North East,NE-P5,3,66,62,4,93.9,Red,0
2025-03-31,2025,14,NW,North West,NW-P1,6,123,75,48,61.0,Green,0
2025-03-31,2025,14,NW,North West,NW-P2,6,116,62,54,53.4,Green,0
2025-03-31,2025,14,NW,North West,NW-P3,5,103,56,47,54.4,Green,0
2025-03-31,2025,14,NW,North West,NW-P4,4,93,63,30,67.7,Green,0
2025-03-31,2025,14,NW,North West,NW-P5,6,109,54,55,49.5,Green,0
2025-03-31,2025,14,NW,North West,NW-P6,6,124,71,53,57.3,Green,0
2025-03-31,2025,14,SCO,Scotland,SCO-P1,5,100,69,31,69.0,Green,0
2025-03-31,2025,14,SCO,Scotland,SCO-P2,6,123,63,60,51.2,Green,0
2025-03-31,2025,14,SCO,Scotland,SCO-P3,6,130,63,67,48.5,Green,0
2025-03-31,2025,14,SCO,Scotland,SCO-P4,5,98,68,30,69.4,Green,0
2025-03-31,2025,14,SE,South East,SE-P1,7,145,81,64,55.9,Green,0
2025-03-31,2025,14,SE,South East,SE-P2,6,106,63,43,59.4,Green,0
2025-03-31,2025,14,SE,South East,SE-P3,7,123,65,58,52.8,Green,0
2025-03-31,2025,14,SE,South East,SE-P4,6,102,76,26,74.5,Green,0
2025-03-31,2025,14,SE,South East,SE-P5,5,116,72,44,62.1,Green,0
2025-03-31,2025,14,SE,South East,SE-P6,5,100,61,39,61.0,Green,0
2025-03-31,2025,14,SE,South East,SE-P7,6,118,78,40,66.1,Green,0
2025-03-31,2025,14,SE,South East,SE-P8,6,140,56,84,40.0,Green,0
2025-03-31,2025,14,SW,South West,SW-P1,5,81,63,18,77.8,Amber,0
2025-03-31,2025,14,SW,South West,SW-P2,5,92,68,24,73.9,Green,0
2025-03-31,2025,14,SW,South West,SW-P3,6,117,55,62,47.0,Green,0
2025-03-31,2025,14,SW,South West,SW-P4,4,91,56,35,61.5,Green,0
2025-03-31,2025,14,WAL,Wales,WAL-P1,6,115,62,53,53.9,Green,0
2025-03-31,2025,14,WAL,Wales,WAL-P2,5,100,56,44,56.0,Green,0
2025-03-31,2025,14,WAL,Wales,WAL-P3,6,132,68,64,51.5,Green,0
2025-03-31,2025,14,YRK,Yorkshire,YRK-P1,6,112,81,31,72.3,Green,0
2025-03-31,2025,14,YRK,Yorkshire,YRK-P2,7,136,72,64,52.9,Green,0
2025-03-31,2025,14,YRK,Yorkshire,YRK-P3,6,121,62,59,51.2,Green,0
2025-03-31,2025,14,YRK,Yorkshire,YRK-P4,5,83,61,22,73.5,Green,0
2025-03-31,2025,14,YRK,Yorkshire,YRK-P5,5,109,61,48,56.0,Green,0
2025-04-07,2025,15,MID,Midlands,MID-P1,7,126,69,57,54.8,Green,0
2025-04-07,2025,15,MID,Midlands,MID-P2,5,106,57,49,53.8,Green,0
2025-04-07,2025,15,MID,Midlands,MID-P3,7,132,67,65,50.8,Green,0
2025-04-07,2025,15,MID,Midlands,MID-P4,6,129,75,54,58.1,Green,0
2025-04-07,2025,15,MID,Midlands,MID-P5,5,84,65,19,77.4,Amber,0
2025-04-07,2025,15,MID,Midlands,MID-P6,5,101,61,40,60.4,Green,0
2025-04-07,2025,15,MID,Midlands,MID-P7,5,111,74,37,66.7,Green,0
2025-04-07,2025,15,NE,North East,NE-P1,4,86,53,33,61.6,Green,0
2025-04-07,2025,15,NE,North East,NE-P2,6,124,41,83,33.1,Green,0
2025-04-07,2025,15,NE,North East,NE-P3,5,94,56,38,59.6,Green,0
2025-04-07,2025,15,NE,North East,NE-P4,5,82,68,14,82.9,Amber,0
2025-04-07,2025,15,NE,North East,NE-P5,5,94,45,49,47.9,Green,0
2025-04-07,2025,15,NW,North West,NW-P1,6,127,77,50,60.6,Green,0
2025-04-07,2025,15,NW,North West,NW-P2,6,116,63,53,54.3,Green,0
2025-04-07,2025,15,NW,North West,NW-P3,6,119,60,59,50.4,Green,0
2025-04-07,2025,15,NW,North West,NW-P4,6,121,68,53,56.2,Green,0
2025-04-07,2025,15,NW,North West,NW-P5,5,90,61,29,67.8,Green,0
2025-04-07,2025,15,NW,North West,NW-P6,5,97,58,39,59.8,Green,0
2025-04-07,2025,15,SCO,Scotland,SCO-P1,6,125,82,43,65.6,Green,0
2025-04-07,2025,15,SCO,Scotland,SCO-P2,8,162,57,105,35.2,Green,0
2025-04-07,2025,15,SCO,Scotland,SCO-P3,5,120,62,58,51.7,Green,0
2025-04-07,2025,15,SCO,Scotland,SCO-P4,6,113,66,47,58.4,Green,0
2025-04-07,2025,15,SE,South East,SE-P1,7,140,66,74,47.1,Green,0
2025-04-07,2025,15,SE,South East,SE-P2,7,110,64,46,58.2,Green,0
2025-04-07,2025,15,SE,South East,SE-P3,7,120,76,44,63.3,Green,0
2025-04-07,2025,15,SE,South East,SE-P4,6,104,70,34,67.3,Green,0
2025-04-07,2025,15,SE,South East,SE-P5,5,113,53,60,46.9,Green,0
2025-04-07,2025,15,SE,South East,SE-P6,6,112,65,47,58.0,Green,0
2025-04-07,2025,15,SE,South East,SE-P7,5,114,66,48,57.9,Green,0
2025-04-07,2025,15,SE,South East,SE-P8,6,140,74,66,52.9,Green,0
2025-04-07,2025,15,SW,South West,SW-P1,4,80,68,12,85.0,Amber,0
2025-04-07,2025,15,SW,South West,SW-P2,4,77,58,19,75.3,Amber,0
2025-04-07,2025,15,SW,South West,SW-P3,5,112,64,48,57.1,Green,0
2025-04-07,2025,15,SW,South West,SW-P4,5,94,66,28,70.2,Green,0
2025-04-07,2025,15,WAL,Wales,WAL-P1,6,115,75,40,65.2,Green,0
2025-04-07,2025,15,WAL,Wales,WAL-P2,6,106,68,38,64.2,Green,0
2025-04-07,2025,15,WAL,Wales,WAL-P3,4,91,58,33,63.7,Green,0
2025-04-07,2025,15,YRK,Yorkshire,YRK-P1,5,105,68,37,64.8,Green,0
2025-04-07,2025,15,YRK,Yorkshire,YRK-P2,6,127,61,66,48.0,Green,0
2025-04-07,2025,15,YRK,Yorkshire,YRK-P3,6,117,77,40,65.8,Green,0
2025-04-07,2025,15,YRK,Yorkshire,YRK-P4,6,108,77,31,71.3,Green,0
2025-04-07,2025,15,YRK,Yorkshire,YRK-P5,5,96,71,25,74.0,Green,0
2025-04-14,2025,16,MID,Midlands,MID-P1,6,109,64,45,58.7,Green,0
2025-04-14,2025,16,MID,Midlands,MID-P2,6,114,61,53,53.5,Green,0
2025-04-14,2025,16,MID,Midlands,MID-P3,6,105,65,40,61.9,Green,0
2025-04-14,2025,16,MID,Midlands,MID-P4,6,128,71,57,55.5,Green,0
2025-04-14,2025,16,MID,Midlands,MID-P5,5,93,84,9,90.3,Red,0
2025-04-14,2025,16,MID,Midlands,MID-P6,6,117,57,60,48.7,Green,0
2025-04-14,2025,16,MID,Midlands,MID-P7,5,99,65,34,65.7,Green,0
2025-04-14,2025,16,NE,North East,NE-P1,6,115,56,59,48.7,Green,0
2025-04-14,2025,16,NE,North East,NE-P2,5,109,60,49,55.0,Green,0
2025-04-14,2025,16,NE,North East,NE-P3,5,95,56,39,58.9,Green,0
2025-04-14,2025,16,NE,North East,NE-P4,4,71,50,21,70.4,Green,0
2025-04-14,2025,16,NE,North East,NE-P5,4,83,62,21,74.7,Green,0
2025-04-14,2025,16,NW,North West,NW-P1,6,125,66,59,52.8,Green,0
2025-04-14,2025,16,NW,North West,NW-P2,6,115,62,53,53.9,Green,0
2025-04-14,2025,16,NW,North West,NW-P3,4,93,72,21,77.4,Amber,0
2025-04-14,2025,16,NW,North West,NW-P4,6,127,64,63,50.4,Green,0
2025-04-14,2025,16,NW,North West,NW-P5,4,81,59,22,72.8,Green,0
2025-04-14,2025,16,NW,North West,NW-P6,6,121,56,65,46.3,Green,0
2025-04-14,2025,16,SCO,Scotland,SCO-P1,5,108,67,41,62.0,Green,0
2025-04-14,2025,16,SCO,Scotland,SCO-P2,5,116,52,64,44.8,Green,0
2025-04-14,2025,16,SCO,Scotland,SCO-P3,6,130,58,72,44.6,Green,0
2025-04-14,2025,16,SCO,Scotland,SCO-P4,6,118,91,27,77.1,Amber,0
2025-04-14,2025,16,SE,South East,SE-P1,5,109,77,32,70.6,Green,0
2025-04-14,2025,16,SE,South East,SE-P2,6,99,61,38,61.6,Green,0
2025-04-14,2025,16,SE,South East,SE-P3,5,93,55,38,59.1,Green,0
2025-04-14,2025,16,SE,South East,SE-P4,6,104,62,42,59.6,Green,0
2025-04-14,2025,16,SE,South East,SE-P5,5,116,68,48,58.6,Green,0
2025-04-14,2025,16,SE,South East,SE-P6,5,93,77,16,82.8,Amber,0
2025-04-14,2025,16,SE,South East,SE-P7,6,117,56,61,47.9,Green,0
2025-04-14,2025,16,SE,South East,SE-P8,5,130,60,70,46.2,Green,0
2025-04-14,2025,16,SW,South West,SW-P1,5,100,55,45,55.0,Green,0
2025-04-14,2025,16,SW,South West,SW-P2,5,91,57,34,62.6,Green,0
2025-04-14,2025,16,SW,South West,SW-P3,5,108,52,56,48.1,Green,0
2025-04-14,2025,16,SW,South West,SW-P4,6,112,60,52,53.6,Green,0
2025-04-14,2025,16,WAL,Wales,WAL-P1,6,115,59,56,51.3,Green,0
2025-04-14,2025,16,WAL,Wales,WAL-P2,6,106,57,49,53.8,Green,0
2025-04-14,2025,16,WAL,Wales,WAL-P3,6,114,77,37,67.5,Green,0
2025-04-14,2025,16,YRK,Yorkshire,YRK-P1,6,119,68,51,57.1,Green,0
2025-04-14,2025,16,YRK,Yorkshire,YRK-P2,6,120,69,51,57.5,Green,0
2025-04-14,2025,16,YRK,Yorkshire,YRK-P3,6,122,59,63,48.4,Green,0
2025-04-14,2025,16,YRK,Yorkshire,YRK-P4,7,130,80,50,61.5,Green,0
2025-04-14,2025,16,YRK,Yorkshire,YRK-P5,5,102,75,27,73.5,Green,0
2025-04-21,2025,17,MID,Midlands,MID-P1,6,105,65,40,61.9,Green,0
2025-04-21,2025,17,MID,Midlands,MID-P2,6,118,67,51,56.8,Green,0
2025-04-21,2025,17,MID,Midlands,MID-P3,6,122,57,65,46.7,Green,0
2025-04-21,2025,17,MID,Midlands,MID-P4,6,123,75,48,61.0,Green,0
2025-04-21,2025,17,MID,Midlands,MID-P5,6,102,55,47,53.9,Green,0
2025-04-21,2025,17,MID,Midlands,MID-P6,5,108,72,36,66.7,Green,0
2025-04-21,2025,17,MID,Midlands,MID-P7,6,122,83,39,68.0,Green,0
2025-04-21,2025,17,NE,North East,NE-P1,5,93,70,23,75.3,Amber,0
2025-04-21,2025,17,NE,North East,NE-P2,6,116,47,69,40.5,Green,0
2025-04-21,2025,17,NE,North East,NE-P3,5,104,49,55,47.1,Green,0
2025-04-21,2025,17,NE,North East,NE-P4,5,80,55,25,68.8,Green,0
2025-04-21,2025,17,NE,North East,NE-P5,4,84,68,16,81.0,Amber,0
2025-04-21,2025,17,NW,North West,NW-P1,7,134,64,70,47.8,Green,0
2025-04-21,2025,17,NW,North West,NW-P2,5,101,50,51,49.5,Green,0
2025-04-21,2025,17,NW,North West,NW-P3,6,120,79,41,65.8,Green,0
2025-04-21,2025,17,NW,North West,NW-P4,5,115,57,58,49.6,Green,0
2025-04-21,2025,17,NW,North West,NW-P5,5,88,78,10,88.6,Amber,0
2025-04-21,2025,17,NW,North West,NW-P6,5,103,52,51,50.5,Green,0
2025-04-21,2025,17,SCO,Scotland,SCO-P1,7,135,54,81,40.0,Green,0
2025-04-21,2025,17,SCO,Scotland,SCO-P2,4,87,61,26,70.1,Green,0
2025-04-21,2025,17,SCO,Scotland,SCO-P3,5,117,73,44,62.4,Green,0
2025-04-21,2025,17,SCO,Scotland,SCO-P4,6,115,74,41,64.3,Green,0
2025-04-21,2025,17,SE,South East,SE-P1,6,136,59,77,43.4,Green,0
2025-04-21,2025,17,SE,South East,SE-P2,6,106,69,37,65.1,Green,0
2025-04-21,2025,17,SE,South East,SE-P3,7,113,82,31,72.6,Green,0
2025-04-21,2025,17,SE,South East,SE-P4,6,100,74,26,74.0,Green,0
2025-04-21,2025,17,SE,South East,SE-P5,5,119,66,53,55.5,Green,0
2025-04-21,2025,17,SE,South East,SE-P6,5,107,68,39,63.6,Green,0
2025-04-21,2025,17,SE,South East,SE-P7,6,121,63,58,52.1,Green,0
2025-04-21,2025,17,SE,South East,SE-P8,5,135,77,58,57.0,Green,0
2025-04-21,2025,17,SW,South West,SW-P1,7,118,66,52,55.9,Green,0
2025-04-21,2025,17,SW,South West,SW-P2,5,89,75,14,84.3,Amber,0
2025-04-21,2025,17,SW,South West,SW-P3,5,108,56,52,51.9,Green,0
2025-04-21,2025,17,SW,South West,SW-P4,4,88,52,36,59.1,Green,0
2025-04-21,2025,17,WAL,Wales,WAL-P1,7,135,71,64,52.6,Green,0
2025-04-21,2025,17,WAL,Wales,WAL-P2,6,115,70,45,60.9,Green,0
2025-04-21,2025,17,WAL,Wales,WAL-P3,5,103,68,35,66.0,Green,0
2025-04-21,2025,17,YRK,Yorkshire,YRK-P1,6,108,63,45,58.3,Green,0
2025-04-21,2025,17,YRK,Yorkshire,YRK-P2,6,115,64,51,55.7,Green,0
2025-04-21,2025,17,YRK,Yorkshire,YRK-P3,6,117,78,39,66.7,Green,0
2025-04-21,2025,17,YRK,Yorkshire,YRK-P4,7,116,63,53,54.3,Green,0
2025-04-21,2025,17,YRK,Yorkshire,YRK-P5,5,106,77,29,72.6,Green,0
2025-04-28,2025,18,MID,Midlands,MID-P1,6,106,86,20,81.1,Amber,0
2025-04-28,2025,18,MID,Midlands,MID-P2,5,101,63,38,62.4,Green,0
2025-04-28,2025,18,MID,Midlands,MID-P3,7,125,68,57,54.4,Green,0
2025-04-28,2025,18,MID,Midlands,MID-P4,7,153,68,85,44.4,Green,0
2025-04-28,2025,18,MID,Midlands,MID-P5,5,103,64,39,62.1,Green,0
2025-04-28,2025,18,MID,Midlands,MID-P6,6,112,76,36,67.9,Green,0
2025-04-28,2025,18,MID,Midlands,MID-P7,6,120,65,55,54.2,Green,0
2025-04-28,2025,18,NE,North East,NE-P1,6,115,66,49,57.4,Green,0
2025-04-28,2025,18,NE,North East,NE-P2,6,114,53,61,46.5,Green,0
2025-04-28,2025,18,NE,North East,NE-P3,5,104,64,40,61.5,Green,0
2025-04-28,2025,18,NE,North East,NE-P4,5,78,45,33,57.7,Green,0
2025-04-28,2025,18,NE,North East,NE-P5,4,87,56,31,64.4,Green,0
2025-04-28,2025,18,NW,North West,NW-P1,7,129,64,65,49.6,Green,0
2025-04-28,2025,18,NW,North West,NW-P2,7,125,76,49,60.8,Green,0
2025-04-28,2025,18,NW,North West,NW-P3,5,93,60,33,64.5,Green,0
2025-04-28,2025,18,NW,North West,NW-P4,5,105,69,36,65.7,Green,0
2025-04-28,2025,18,NW,North West,NW-P5,5,101,62,39,61.4,Green,0
2025-04-28,2025,18,NW,North West,NW-P6,6,116,68,48,58.6,Green,0
2025-04-28,2025,18,SCO,Scotland,SCO-P1,7,133,73,60,54.9,Green,0
2025-04-28,2025,18,SCO,Scotland,SCO-P2,5,117,65,52,55.6,Green,0
2025-04-28,2025,18,SCO,Scotland,SCO-P3,6,137,62,75,45.3,Green,0
2025-04-28,2025,18,SCO,Scotland,SCO-P4,5,101,69,32,68.3,Green,0
2025-04-28,2025,18,SE,South East,SE-P1,6,117,52,65,44.4,Green,0
2025-04-28,2025,18,SE,South East,SE-P2,6,97,77,20,79.4,Amber,0
2025-04-28,2025,18,SE,South East,SE-P3,6,107,64,43,59.8,Green,0
2025-04-28,2025,18,SE,South East,SE-P4,6,98,63,35,64.3,Green,0
2025-04-28,2025,18,SE,South East,SE-P5,5,108,73,35,67.6,Green,0
2025-04-28,2025,18,SE,South East,SE-P6,5,104,65,39,62.5,Green,0
2025-04-28,2025,18,SE,South East,SE-P7,5,112,66,46,58.9,Green,0
2025-04-28,2025,18,SE,South East,SE-P8,6,140,68,72,48.6,Green,0
2025-04-28,2025,18,SW,South West,SW-P1,5,97,67,30,69.1,Green,0
2025-04-28,2025,18,SW,South West,SW-P2,6,103,67,36,65.0,Green,0
2025-04-28,2025,18,SW,South West,SW-P3,5,114,60,54,52.6,Green,0
2025-04-28,2025,18,SW,South West,SW-P4,5,94,57,37,60.6,Green,0
2025-04-28,2025,18,WAL,Wales,WAL-P1,6,115,77,38,67.0,Green,0
2025-04-28,2025,18,WAL,Wales,WAL-P2,6,112,63,49,56.2,Green,0
2025-04-28,2025,18,WAL,Wales,WAL-P3,6,128,64,64,50.0,Green,0
2025-04-28,2025,18,YRK,Yorkshire,YRK-P1,6,106,76,30,71.7,Green,0
2025-04-28,2025,18,YRK,Yorkshire,YRK-P2,6,115,52,63,45.2,Green,0
2025-04-28,2025,18,YRK,Yorkshire,YRK-P3,5,102,69,33,67.6,Green,0
2025-04-28,2025,18,YRK,Yorkshire,YRK-P4,7,124,90,34,72.6,Green,0
2025-04-28,2025,18,YRK,Yorkshire,YRK-P5,5,110,62,48,56.4,Green,0
2025-05-05,2025,19,MID,Midlands,MID-P1,6,108,77,31,71.3,Green,0
2025-05-05,2025,19,MID,Midlands,MID-P2,5,103,64,39,62.1,Green,0
2025-05-05,2025,19,MID,Midlands,MID-P3,7,130,64,66,49.2,Green,0
2025-05-05,2025,19,MID,Midlands,MID-P4,6,132,66,66,50.0,Green,0
2025-05-05,2025,19,MID,Midlands,MID-P5,5,98,57,41,58.2,Green,0
2025-05-05,2025,19,MID,Midlands,MID-P6,4,86,67,19,77.9,Amber,0
2025-05-05,2025,19,MID,Midlands,MID-P7,5,114,72,42,63.2,Green,0
2025-05-05,2025,19,NE,North East,NE-P1,5,100,66,34,66.0,Green,0
2025-05-05,2025,19,NE,North East,NE-P2,5,100,49,51,49.0,Green,0
2025-05-05,2025,19,NE,North East,NE-P3,5,100,59,41,59.0,Green,0
2025-05-05,2025,19,NE,North East,NE-P4,5,78,59,19,75.6,Amber,0
2025-05-05,2025,19,NE,North East,NE-P5,5,97,51,46,52.6,Green,0
2025-05-05,2025,19,NW,North West,NW-P1,6,111,56,55,50.5,Green,0
2025-05-05,2025,19,NW,North West,NW-P2,6,114,65,49,57.0,Green,0
2025-05-05,2025,19,NW,North West,NW-P3,6,117,84,33,71.8,Green,0
2025-05-05,2025,19,NW,North West,NW-P4,4,87,68,19,78.2,Amber,0
2025-05-05,2025,19,NW,North West,NW-P5,4,79,59,20,74.7,Green,0
2025-05-05,2025,19,NW,North West,NW-P6,5,100,65,35,65.0,Green,0
2025-05-05,2025,19,SCO,Scotland,SCO-P1,6,119,72,47,60.5,Green,0
2025-05-05,2025,19,SCO,Scotland,SCO-P2,6,124,73,51,58.9,Green,0
2025-05-05,2025,19,SCO,Scotland,SCO-P3,5,112,65,47,58.0,Green,0
2025-05-05,2025,19,SCO,Scotland,SCO-P4,5,105,61,44,58.1,Green,0
2025-05-05,2025,19,SE,South East,SE-P1,6,132,69,63,52.3,Green,0
2025-05-05,2025,19,SE,South East,SE-P2,6,93,72,21,77.4,Amber,0
2025-05-05,2025,19,SE,South East,SE-P3,6,103,74,29,71.8,Green,0
2025-05-05,2025,19,SE,South East,SE-P4,5,85,63,22,74.1,Green,0
2025-05-05,2025,19,SE,South East,SE-P5,5,118,72,46,61.0,Green,0
2025-05-05,2025,19,SE,South East,SE-P6,5,102,65,37,63.7,Green,0
2025-05-05,2025,19,SE,South East,SE-P7,5,113,62,51,54.9,Green,0
2025-05-05,2025,19,SE,South East,SE-P8,6,140,71,69,50.7,Green,0
2025-05-05,2025,19,SW,South West,SW-P1,5,96,70,26,72.9,Green,0
2025-05-05,2025,19,SW,South West,SW-P2,5,95,62,33,65.3,Green,0
2025-05-05,2025,19,SW,South West,SW-P3,5,95,61,34,64.2,Green,0
2025-05-05,2025,19,SW,South West,SW-P4,5,98,67,31,68.4,Green,0
2025-05-05,2025,19,WAL,Wales,WAL-P1,6,119,64,55,53.8,Green,0
2025-05-05,2025,19,WAL,Wales,WAL-P2,6,113,80,33,70.8,Green,0
2025-05-05,2025,19,WAL,Wales,WAL-P3,6,117,53,64,45.3,Green,0
2025-05-05,2025,19,YRK,Yorkshire,YRK-P1,6,117,72,45,61.5,Green,0
2025-05-05,2025,19,YRK,Yorkshire,YRK-P2,6,133,74,59,55.6,Green,0
2025-05-05,2025,19,YRK,Yorkshire,YRK-P3,6,120,56,64,46.7,Green,0
2025-05-05,2025,19,YRK,Yorkshire,YRK-P4,5,89,66,23,74.2,Green,0
2025-05-05,2025,19,YRK,Yorkshire,YRK-P5,5,114,88,26,77.2,Amber,0
2025-05-12,2025,20,MID,Midlands,MID-P1,6,101,65,36,64.4,Green,0
2025-05-12,2025,20,MID,Midlands,MID-P2,5,94,81,13,86.2,Amber,0
2025-05-12,2025,20,MID,Midlands,MID-P3,6,122,75,47,61.5,Green,0
2025-05-12,2025,20,MID,Midlands,MID-P4,5,115,76,39,66.1,Green,0
2025-05-12,2025,20,MID,Midlands,MID-P5,5,81,78,3,96.3,Red,0
2025-05-12,2025,20,MID,Midlands,MID-P6,4,78,60,18,76.9,Amber,0
2025-05-12,2025,20,MID,Midlands,MID-P7,5,103,68,35,66.0,Green,0
2025-05-12,2025,20,NE,North East,NE-P1,5,94,55,39,58.5,Green,0
2025-05-12,2025,20,NE,North East,NE-P2,5,105,52,53,49.5,Green,0
2025-05-12,2025,20,NE,North East,NE-P3,4,76,50,26,65.8,Green,0
2025-05-12,2025,20,NE,North East,NE-P4,4,74,57,17,77.0,Amber,0
2025-05-12,2025,20,NE,North East,NE-P5,4,88,65,23,73.9,Green,0
2025-05-12,2025,20,NW,North West,NW-P1,6,107,68,39,63.6,Green,0
2025-05-12,2025,20,NW,North West,NW-P2,6,114,58,56,50.9,Green,0
2025-05-12,2025,20,NW,North West,NW-P3,6,112,61,51,54.5,Green,0
2025-05-12,2025,20,NW,North West,NW-P4,5,114,71,43,62.3,Green,0
2025-05-12,2025,20,NW,North West,NW-P5,5,90,66,24,73.3,Green,0
2025-05-12,2025,20,NW,North West,NW-P6,5,105,62,43,59.0,Green,0
2025-05-12,2025,20,SCO,Scotland,SCO-P1,6,119,71,48,59.7,Green,0
2025-05-12,2025,20,SCO,Scotland,SCO-P2,6,119,67,52,56.3,Green,0
2025-05-12,2025,20,SCO,Scotland,SCO-P3,5,122,75,47,61.5,Green,0
2025-05-12,2025,20,SCO,Scotland,SCO-P4,6,109,73,36,67.0,Green,0
2025-05-12,2025,20,SE,South East,SE-P1,6,130,72,58,55.4,Green,0
2025-05-12,2025,20,SE,South East,SE-P2,5,89,68,21,76.4,Amber,0
2025-05-12,2025,20,SE,South East,SE-P3,6,108,60,48,55.6,Green,0
2025-05-12,2025,20,SE,South East,SE-P4,6,96,67,29,69.8,Green,0
2025-05-12,2025,20,SE,South East,SE-P5,6,128,55,73,43.0,Green,0
2025-05-12,2025,20,SE,South East,SE-P6,6,113,63,50,55.8,Green,0
2025-05-12,2025,20,SE,South East,SE-P7,5,103,66,37,64.1,Green,0
2025-05-12,2025,20,SE,South East,SE-P8,6,140,78,62,55.7,Green,0
2025-05-12,2025,20,SW,South West,SW-P1,5,93,65,28,69.9,Green,0
2025-05-12,2025,20,SW,South West,SW-P2,6,100,63,37,63.0,Green,0
2025-05-12,2025,20,SW,South West,SW-P3,6,115,67,48,58.3,Green,0
2025-05-12,2025,20,SW,South West,SW-P4,6,120,60,60,50.0,Green,0
2025-05-12,2025,20,WAL,Wales,WAL-P1,7,130,64,66,49.2,Green,0
2025-05-12,2025,20,WAL,Wales,WAL-P2,6,117,78,39,66.7,Green,0
2025-05-12,2025,20,WAL,Wales,WAL-P3,5,102,73,29,71.6,Green,0
2025-05-12,2025,20,YRK,Yorkshire,YRK-P1,6,113,68,45,60.2,Green,0
2025-05-12,2025,20,YRK,Yorkshire,YRK-P2,6,128,67,61,52.3,Green,0
2025-05-12,2025,20,YRK,Yorkshire,YRK-P3,6,119,68,51,57.1,Green,0
2025-05-12,2025,20,YRK,Yorkshire,YRK-P4,6,103,74,29,71.8,Green,0
2025-05-12,2025,20,YRK,Yorkshire,YRK-P5,5,107,73,34,68.2,Green,0
2025-05-19,2025,21,MID,Midlands,MID-P1,6,104,72,32,69.2,Green,0
2025-05-19,2025,21,MID,Midlands,MID-P2,6,110,78,32,70.9,Green,0
2025-05-19,2025,21,MID,Midlands,MID-P3,6,125,71,54,56.8,Green,0
2025-05-19,2025,21,MID,Midlands,MID-P4,6,134,65,69,48.5,Green,0
2025-05-19,2025,21,MID,Midlands,MID-P5,6,104,64,40,61.5,Green,0
2025-05-19,2025,21,MID,Midlands,MID-P6,6,111,84,27,75.7,Amber,0
2025-05-19,2025,21,MID,Midlands,MID-P7,5,103,69,34,67.0,Green,0
2025-05-19,2025,21,NE,North East,NE-P1,5,98,55,43,56.1,Green,0
2025-05-19,2025,21,NE,North East,NE-P2,5,101,63,38,62.4,Green,0
2025-05-19,2025,21,NE,North East,NE-P3,4,81,68,13,84.0,Amber,0
2025-05-19,2025,21,NE,North East,NE-P4,4,73,60,13,82.2,Amber,0
2025-05-19,2025,21,NE,North East,NE-P5,5,97,58,39,59.8,Green,0
2025-05-19,2025,21,NW,North West,NW-P1,5,107,60,47,56.1,Green,0
2025-05-19,2025,21,NW,North West,NW-P2,6,106,70,36,66.0,Green,0
2025-05-19,2025,21,NW,North West,NW-P3,4,84,91,-7,108.3,Red,0
2025-05-19,2025,21,NW,North West,NW-P4,4,94,67,27,71.3,Green,0
2025-05-19,2025,21,NW,North West,NW-P5,5,98,78,20,79.6,Amber,0
2025-05-19,2025,21,NW,North West,NW-P6,5,93,68,25,73.1,Green,0
2025-05-19,2025,21,SCO,Scotland,SCO-P1,6,110,77,33,70.0,Green,0
2025-05-19,2025,21,SCO,Scotland,SCO-P2,6,139,68,71,48.9,Green,0
2025-05-19,2025,21,SCO,Scotland,SCO-P3,6,134,70,64,52.2,Green,0
2025-05-19,2025,21,SCO,Scotland,SCO-P4,5,100,60,40,60.0,Green,0
2025-05-19,2025,21,SE,South East,SE-P1,6,118,68,50,57.6,Green,0
2025-05-19,2025,21,SE,South East,SE-P2,5,89,53,36,59.6,Green,0
2025-05-19,2025,21,SE,South East,SE-P3,6,107,72,35,67.3,Green,0
2025-05-19,2025,21,SE,South East,SE-P4,7,111,74,37,66.7,Green,0
2025-05-19,2025,21,SE,South East,SE-P5,6,124,77,47,62.1,Green,0
2025-05-19,2025,21,SE,South East,SE-P6,6,120,67,53,55.8,Green,0
2025-05-19,2025,21,SE,South East,SE-P7,6,131,69,62,52.7,Green,0
2025-05-19,2025,21,SE,South East,SE-P8,4,100,60,40,60.0,Green,0
2025-05-19,2025,21,SW,South West,SW-P1,6,117,62,55,53.0,Green,0
2025-05-19,2025,21,SW,South West,SW-P2,5,93,68,25,73.1,Green,0
2025-05-19,2025,21,SW,South West,SW-P3,6,114,83,31,72.8,Green,0
2025-05-19,2025,21,SW,South West,SW-P4,6,118,70,48,59.3,Green,0
2025-05-19,2025,21,WAL,Wales,WAL-P1,5,107,69,38,64.5,Green,0
2025-05-19,2025,21,WAL,Wales,WAL-P2,6,112,66,46,58.9,Green,0
2025-05-19,2025,21,WAL,Wales,WAL-P3,6,117,71,46,60.7,Green,0
2025-05-19,2025,21,YRK,Yorkshire,YRK-P1,6,108,74,34,68.5,Green,0
2025-05-19,2025,21,YRK,Yorkshire,YRK-P2,6,125,79,46,63.2,Green,0
2025-05-19,2025,21,YRK,Yorkshire,YRK-P3,6,123,75,48,61.0,Green,0
2025-05-19,2025,21,YRK,Yorkshire,YRK-P4,6,111,73,38,65.8,Green,0
2025-05-19,2025,21,YRK,Yorkshire,YRK-P5,5,114,71,43,62.3,Green,0
2025-05-26,2025,22,MID,Midlands,MID-P1,6,101,50,51,49.5,Green,0
2025-05-26,2025,22,MID,Midlands,MID-P2,6,119,76,43,63.9,Green,0
2025-05-26,2025,22,MID,Midlands,MID-P3,7,132,71,61,53.8,Green,0
2025-05-26,2025,22,MID,Midlands,MID-P4,6,127,81,46,63.8,Green,0
2025-05-26,2025,22,MID,Midlands,MID-P5,5,95,76,19,80.0,Amber,0
2025-05-26,2025,22,MID,Midlands,MID-P6,6,115,78,37,67.8,Green,0
2025-05-26,2025,22,MID,Midlands,MID-P7,6,117,80,37,68.4,Green,0
2025-05-26,2025,22,NE,North East,NE-P1,6,109,72,37,66.1,Green,0
2025-05-26,2025,22,NE,North East,NE-P2,5,109,62,47,56.9,Green,0
2025-05-26,2025,22,NE,North East,NE-P3,5,89,59,30,66.3,Green,0
2025-05-26,2025,22,NE,North East,NE-P4,4,62,56,6,90.3,Red,0
2025-05-26,2025,22,NE,North East,NE-P5,5,106,51,55,48.1,Green,0
2025-05-26,2025,22,NW,North West,NW-P1,5,105,52,53,49.5,Green,0
2025-05-26,2025,22,NW,North West,NW-P2,6,106,81,25,76.4,Amber,0
2025-05-26,2025,22,NW,North West,NW-P3,6,124,74,50,59.7,Green,0
2025-05-26,2025,22,NW,North West,NW-P4,5,97,75,22,77.3,Amber,0
2025-05-26,2025,22,NW,North West,NW-P5,6,103,75,28,72.8,Green,0
2025-05-26,2025,22,NW,North West,NW-P6,5,97,79,18,81.4,Amber,0
2025-05-26,2025,22,SCO,Scotland,SCO-P1,6,119,66,53,55.5,Green,0
2025-05-26,2025,22,SCO,Scotland,SCO-P2,6,121,72,49,59.5,Green,0
2025-05-26,2025,22,SCO,Scotland,SCO-P3,5,127,79,48,62.2,Green,0
2025-05-26,2025,22,SCO,Scotland,SCO-P4,6,123,80,43,65.0,Green,0
2025-05-26,2025,22,SE,South East,SE-P1,6,120,67,53,55.8,Green,0
2025-05-26,2025,22,SE,South East,SE-P2,5,86,81,5,94.2,Red,0
2025-05-26,2025,22,SE,South East,SE-P3,6,107,71,36,66.4,Green,0
2025-05-26,2025,22,SE,South East,SE-P4,6,99,74,25,74.7,Green,0
2025-05-26,2025,22,SE,South East,SE-P5,5,113,62,51,54.9,Green,0
2025-05-26,2025,22,SE,South East,SE-P6,5,109,65,44,59.6,Green,0
2025-05-26,2025,22,SE,South East,SE-P7,5,108,66,42,61.1,Green,0
2025-05-26,2025,22,SE,South East,SE-P8,5,125,67,58,53.6,Green,0
2025-05-26,2025,22,SW,South West,SW-P1,5,83,65,18,78.3,Amber,0
2025-05-26,2025,22,SW,South West,SW-P2,5,99,69,30,69.7,Green,0
2025-05-26,2025,22,SW,South West,SW-P3,6,117,60,57,51.3,Green,0
2025-05-26,2025,22,SW,South West,SW-P4,6,111,76,35,68.5,Green,0
2025-05-26,2025,22,WAL,Wales,WAL-P1,6,117,59,58,50.4,Green,0
2025-05-26,2025,22,WAL,Wales,WAL-P2,7,128,82,46,64.1,Green,0
2025-05-26,2025,22,WAL,Wales,WAL-P3,4,90,69,21,76.7,Amber,0
2025-05-26,2025,22,YRK,Yorkshire,YRK-P1,6,113,61,52,54.0,Green,0
2025-05-26,2025,22,YRK,Yorkshire,YRK-P2,6,132,82,50,62.1,Green,0
2025-05-26,2025,22,YRK,Yorkshire,YRK-P3,7,141,64,77,45.4,Green,0
2025-05-26,2025,22,YRK,Yorkshire,YRK-P4,7,119,95,24,79.8,Amber,0
2025-05-26,2025,22,YRK,Yorkshire,YRK-P5,6,125,69,56,55.2,Green,0
2025-06-02,2025,23,MID,Midlands,MID-P1,5,95,72,23,75.8,Amber,0
2025-06-02,2025,23,MID,Midlands,MID-P2,6,108,80,28,74.1,Green,0
2025-06-02,2025,23,MID,Midlands,MID-P3,6,122,77,45,63.1,Green,0
2025-06-02,2025,23,MID,Midlands,MID-P4,6,131,76,55,58.0,Green,0
2025-06-02,2025,23,MID,Midlands,MID-P5,5,101,84,17,83.2,Amber,0
2025-06-02,2025,23,MID,Midlands,MID-P6,5,111,69,42,62.2,Green,0
2025-06-02,2025,23,MID,Midlands,MID-P7,5,104,69,35,66.3,Green,0
2025-06-02,2025,23,NE,North East,NE-P1,6,121,54,67,44.6,Green,0
2025-06-02,2025,23,NE,North East,NE-P2,5,114,57,57,50.0,Green,0
2025-06-02,2025,23,NE,North East,NE-P3,5,89,63,26,70.8,Green,0
2025-06-02,2025,23,NE,North East,NE-P4,4,73,74,-1,101.4,Red,0
2025-06-02,2025,23,NE,North East,NE-P5,5,91,57,34,62.6,Green,0
2025-06-02,2025,23,NW,North West,NW-P1,6,118,62,56,52.5,Green,0
2025-06-02,2025,23,NW,North West,NW-P2,7,124,64,60,51.6,Green,0
2025-06-02,2025,23,NW,North West,NW-P3,4,75,62,13,82.7,Amber,0
2025-06-02,2025,23,NW,North West,NW-P4,5,113,75,38,66.4,Green,0
2025-06-02,2025,23,NW,North West,NW-P5,6,110,86,24,78.2,Amber,0
2025-06-02,2025,23,NW,North West,NW-P6,4,88,74,14,84.1,Amber,0
2025-06-02,2025,23,SCO,Scotland,SCO-P1,5,97,83,14,85.6,Amber,0
2025-06-02,2025,23,SCO,Scotland,SCO-P2,7,142,71,71,50.0,Green,0
2025-06-02,2025,23,SCO,Scotland,SCO-P3,5,119,64,55,53.8,Green,0
2025-06-02,2025,23,SCO,Scotland,SCO-P4,5,103,81,22,78.6,Amber,0
2025-06-02,2025,23,SE,South East,SE-P1,6,121,74,47,61.2,Green,0
2025-06-02,2025,23,SE,South East,SE-P2,6,93,73,20,78.5,Amber,0
2025-06-02,2025,23,SE,South East,SE-P3,7,117,73,44,62.4,Green,0
2025-06-02,2025,23,SE,South East,SE-P4,6,97,65,32,67.0,Green,0
2025-06-02,2025,23,SE,South East,SE-P5,6,125,64,61,51.2,Green,0
2025-06-02,2025,23,SE,South East,SE-P6,5,105,77,28,73.3,Green,0
2025-06-02,2025,23,SE,South East,SE-P7,6,128,80,48,62.5,Green,0
2025-06-02,2025,23,SE,South East,SE-P8,6,140,74,66,52.9,Green,0
2025-06-02,2025,23,SW,South West,SW-P1,5,96,59,37,61.5,Green,0
2025-06-02,2025,23,SW,South West,SW-P2,6,100,66,34,66.0,Green,0
2025-06-02,2025,23,SW,South West,SW-P3,5,114,62,52,54.4,Green,0
2025-06-02,2025,23,SW,South West,SW-P4,5,107,63,44,58.9,Green,0
2025-06-02,2025,23,WAL,Wales,WAL-P1,6,109,73,36,67.0,Green,0
2025-06-02,2025,23,WAL,Wales,WAL-P2,5,100,87,13,87.0,Amber,0
2025-06-02,2025,23,WAL,Wales,WAL-P3,6,117,54,63,46.2,Green,0
2025-06-02,2025,23,YRK,Yorkshire,YRK-P1,7,135,78,57,57.8,Green,0
2025-06-02,2025,23,YRK,Yorkshire,YRK-P2,7,135,85,50,63.0,Green,0
2025-06-02,2025,23,YRK,Yorkshire,YRK-P3,6,124,77,47,62.1,Green,0
2025-06-02,2025,23,YRK,Yorkshire,YRK-P4,5,96,71,25,74.0,Green,0
2025-06-02,2025,23,YRK,Yorkshire,YRK-P5,5,103,65,38,63.1,Green,0
2025-06-09,2025,24,MID,Midlands,MID-P1,7,114,64,50,56.1,Green,0
2025-06-09,2025,24,MID,Midlands,MID-P2,6,125,81,44,64.8,Green,0
2025-06-09,2025,24,MID,Midlands,MID-P3,6,107,64,43,59.8,Green,0
2025-06-09,2025,24,MID,Midlands,MID-P4,7,140,72,68,51.4,Green,0
2025-06-09,2025,24,MID,Midlands,MID-P5,6,102,92,10,90.2,Red,0
2025-06-09,2025,24,MID,Midlands,MID-P6,6,117,74,43,63.2,Green,0
2025-06-09,2025,24,MID,Midlands,MID-P7,5,110,74,36,67.3,Green,0
2025-06-09,2025,24,NE,North East,NE-P1,5,90,71,19,78.9,Amber,0
2025-06-09,2025,24,NE,North East,NE-P2,5,113,76,37,67.3,Green,0
2025-06-09,2025,24,NE,North East,NE-P3,5,92,66,26,71.7,Green,0
2025-06-09,2025,24,NE,North East,NE-P4,4,72,68,4,94.4,Red,0
2025-06-09,2025,24,NE,North East,NE-P5,4,85,47,38,55.3,Green,0
2025-06-09,2025,24,NW,North West,NW-P1,7,124,64,60,51.6,Green,0
2025-06-09,2025,24,NW,North West,NW-P2,6,109,70,39,64.2,Green,0
2025-06-09,2025,24,NW,North West,NW-P3,6,130,74,56,56.9,Green,0
2025-06-09,2025,24,NW,North West,NW-P4,5,107,62,45,57.9,Green,0
2025-06-09,2025,24,NW,North West,NW-P5,5,86,81,5,94.2,Red,0
2025-06-09,2025,24,NW,North West,NW-P6,6,123,86,37,69.9,Green,0
2025-06-09,2025,24,SCO,Scotland,SCO-P1,7,125,73,52,58.4,Green,0
2025-06-09,2025,24,SCO,Scotland,SCO-P2,7,147,70,77,47.6,Green,0
2025-06-09,2025,24,SCO,Scotland,SCO-P3,5,105,70,35,66.7,Green,0
2025-06-09,2025,24,SCO,Scotland,SCO-P4,6,111,79,32,71.2,Green,0
2025-06-09,2025,24,SE,South East,SE-P1,6,136,74,62,54.4,Green,0
2025-06-09,2025,24,SE,South East,SE-P2,6,98,97,1,99.0,Red,0
2025-06-09,2025,24,SE,South East,SE-P3,6,103,73,30,70.9,Green,0
2025-06-09,2025,24,SE,South East,SE-P4,6,102,70,32,68.6,Green,0
2025-06-09,2025,24,SE,South East,SE-P5,6,133,63,70,47.4,Green,0
2025-06-09,2025,24,SE,South East,SE-P6,6,111,87,24,78.4,Amber,0
2025-06-09,2025,24,SE,South East,SE-P7,5,105,82,23,78.1,Amber,0
2025-06-09,2025,24,SE,South East,SE-P8,5,120,65,55,54.2,Green,0
2025-06-09,2025,24,SW,South West,SW-P1,5,93,80,13,86.0,Amber,0
2025-06-09,2025,24,SW,South West,SW-P2,6,107,70,37,65.4,Green,0
2025-06-09,2025,24,SW,South West,SW-P3,5,99,69,30,69.7,Green,0
2025-06-09,2025,24,SW,South West,SW-P4,5,104,62,42,59.6,Green,0
2025-06-09,2025,24,WAL,Wales,WAL-P1,7,132,69,63,52.3,Green,0
2025-06-09,2025,24,WAL,Wales,WAL-P2,7,123,75,48,61.0,Green,0
2025-06-09,2025,24,WAL,Wales,WAL-P3,6,118,72,46,61.0,Green,0
2025-06-09,2025,24,YRK,Yorkshire,YRK-P1,6,119,72,47,60.5,Green,0
2025-06-09,2025,24,YRK,Yorkshire,YRK-P2,6,120,82,38,68.3,Green,0
2025-06-09,2025,24,YRK,Yorkshire,YRK-P3,6,111,71,40,64.0,Green,0
2025-06-09,2025,24,YRK,Yorkshire,YRK-P4,5,98,78,20,79.6,Amber,0
2025-06-09,2025,24,YRK,Yorkshire,YRK-P5,6,123,100,23,81.3,Amber,0
2025-06-16,2025,25,MID,Midlands,MID-P1,5,92,76,16,82.6,Amber,0
2025-06-16,2025,25,MID,Midlands,MID-P2,6,119,67,52,56.3,Green,0
2025-06-16,2025,25,MID,Midlands,MID-P3,6,121,83,38,68.6,Green,0
2025-06-16,2025,25,MID,Midlands,MID-P4,6,130,71,59,54.6,Green,0
2025-06-16,2025,25,MID,Midlands,MID-P5,6,112,85,27,75.9,Amber,0
2025-06-16,2025,25,MID,Midlands,MID-P6,5,98,63,35,64.3,Green,0
2025-06-16,2025,25,MID,Midlands,MID-P7,5,111,74,37,66.7,Green,0
2025-06-16,2025,25,NE,North East,NE-P1,6,121,52,69,43.0,Green,0
2025-06-16,2025,25,NE,North East,NE-P2,5,113,79,34,69.9,Green,0
2025-06-16,2025,25,NE,North East,NE-P3,5,97,64,33,66.0,Green,0
2025-06-16,2025,25,NE,North East,NE-P4,4,62,62,0,100.0,Red,0
2025-06-16,2025,25,NE,North East,NE-P5,5,104,74,30,71.2,Green,0
2025-06-16,2025,25,NW,North West,NW-P1,6,111,63,48,56.8,Green,0
2025-06-16,2025,25,NW,North West,NW-P2,6,114,76,38,66.7,Green,0
2025-06-16,2025,25,NW,North West,NW-P3,5,106,77,29,72.6,Green,0
2025-06-16,2025,25,NW,North West,NW-P4,6,120,77,43,64.2,Green,0
2025-06-16,2025,25,NW,North West,NW-P5,5,96,77,19,80.2,Amber,0
2025-06-16,2025,25,NW,North West,NW-P6,5,105,77,28,73.3,Green,0
2025-06-16,2025,25,SCO,Scotland,SCO-P1,6,109,66,43,60.6,Green,0
2025-06-16,2025,25,SCO,Scotland,SCO-P2,6,120,80,40,66.7,Green,0
2025-06-16,2025,25,SCO,Scotland,SCO-P3,5,120,92,28,76.7,Amber,0
2025-06-16,2025,25,SCO,Scotland,SCO-P4,6,109,83,26,76.1,Amber,0
2025-06-16,2025,25,SE,South East,SE-P1,6,130,56,74,43.1,Green,0
2025-06-16,2025,25,SE,South East,SE-P2,6,91,87,4,95.6,Red,0
2025-06-16,2025,25,SE,South East,SE-P3,7,114,72,42,63.2,Green,0
2025-06-16,2025,25,SE,South East,SE-P4,6,104,67,37,64.4,Green,0
2025-06-16,2025,25,SE,South East,SE-P5,5,102,82,20,80.4,Amber,0
2025-06-16,2025,25,SE,South East,SE-P6,6,114,86,28,75.4,Amber,0
2025-06-16,2025,25,SE,South East,SE-P7,5,108,68,40,63.0,Green,0
2025-06-16,2025,25,SE,South East,SE-P8,5,120,89,31,74.2,Green,0
2025-06-16,2025,25,SW,South West,SW-P1,5,96,71,25,74.0,Green,0
2025-06-16,2025,25,SW,South West,SW-P2,5,91,71,20,78.0,Amber,0
2025-06-16,2025,25,SW,South West,SW-P3,5,111,71,40,64.0,Green,0
2025-06-16,2025,25,SW,South West,SW-P4,5,97,83,14,85.6,Amber,0
2025-06-16,2025,25,WAL,Wales,WAL-P1,5,93,67,26,72.0,Green,0
2025-06-16,2025,25,WAL,Wales,WAL-P2,6,104,63,41,60.6,Green,0
2025-06-16,2025,25,WAL,Wales,WAL-P3,5,98,92,6,93.9,Red,0
2025-06-16,2025,25,YRK,Yorkshire,YRK-P1,6,124,98,26,79.0,Amber,0
2025-06-16,2025,25,YRK,Yorkshire,YRK-P2,6,126,79,47,62.7,Green,0
2025-06-16,2025,25,YRK,Yorkshire,YRK-P3,6,112,65,47,58.0,Green,0
2025-06-16,2025,25,YRK,Yorkshire,YRK-P4,6,106,78,28,73.6,Green,0
2025-06-16,2025,25,YRK,Yorkshire,YRK-P5,5,104,77,27,74.0,Green,0
2025-06-23,2025,26,MID,Midlands,MID-P1,6,110,79,31,71.8,Green,0
2025-06-23,2025,26,MID,Midlands,MID-P2,6,120,66,54,55.0,Green,0
2025-06-23,2025,26,MID,Midlands,MID-P3,6,115,79,36,68.7,Green,0
2025-06-23,2025,26,MID,Midlands,MID-P4,6,127,66,61,52.0,Green,0
2025-06-23,2025,26,MID,Midlands,MID-P5,5,91,82,9,90.1,Red,0
2025-06-23,2025,26,MID,Midlands,MID-P6,5,92,83,9,90.2,Red,0
2025-06-23,2025,26,MID,Midlands,MID-P7,5,111,96,15,86.5,Amber,0
2025-06-23,2025,26,NE,North East,NE-P1,5,105,64,41,61.0,Green,0
2025-06-23,2025,26,NE,North East,NE-P2,5,101,64,37,63.4,Green,0
2025-06-23,2025,26,NE,North East,NE-P3,5,95,61,34,64.2,Green,0
2025-06-23,2025,26,NE,North East,NE-P4,4,75,74,1,98.7,Red,0
2025-06-23,2025,26,NE,North East,NE-P5,4,81,61,20,75.3,Amber,0
2025-06-23,2025,26,NW,North West,NW-P1,6,121,64,57,52.9,Green,0
2025-06-23,2025,26,NW,North West,NW-P2,6,110,81,29,73.6,Green,0
2025-06-23,2025,26,NW,North West,NW-P3,5,107,81,26,75.7,Amber,0
2025-06-23,2025,26,NW,North West,NW-P4,6,123,74,49,60.2,Green,0
2025-06-23,2025,26,NW,North West,NW-P5,5,89,80,9,89.9,Amber,0
2025-06-23,2025,26,NW,North West,NW-P6,5,99,75,24,75.8,Amber,0
2025-06-23,2025,26,SCO,Scotland,SCO-P1,7,126,61,65,48.4,Green,0
2025-06-23,2025,26,SCO,Scotland,SCO-P2,7,139,89,50,64.0,Green,0
2025-06-23,2025,26,SCO,Scotland,SCO-P3,6,145,69,76,47.6,Green,0
2025-06-23,2025,26,SCO,Scotland,SCO-P4,6,112,76,36,67.9,Green,0
2025-06-23,2025,26,SE,South East,SE-P1,6,114,85,29,74.6,Green,0
2025-06-23,2025,26,SE,South East,SE-P2,6,96,70,26,72.9,Green,0
2025-06-23,2025,26,SE,South East,SE-P3,5,93,80,13,86.0,Amber,0
2025-06-23,2025,26,SE,South East,SE-P4,6,105,60,45,57.1,Green,0
2025-06-23,2025,26,SE,South East,SE-P5,5,116,70,46,60.3,Green,0
2025-06-23,2025,26,SE,South East,SE-P6,5,93,94,-1,101.1,Red,0
2025-06-23,2025,26,SE,South East,SE-P7,6,118,77,41,65.3,Green,0
2025-06-23,2025,26,SE,South East,SE-P8,5,125,93,32,74.4,Green,0
2025-06-23,2025,26,SW,South West,SW-P1,5,98,78,20,79.6,Amber,0
2025-06-23,2025,26,SW,South West,SW-P2,5,93,77,16,82.8,Amber,0
2025-06-23,2025,26,SW,South West,SW-P3,4,78,69,9,88.5,Amber,0
2025-06-23,2025,26,SW,South West,SW-P4,5,108,69,39,63.9,Green,0
2025-06-23,2025,26,WAL,Wales,WAL-P1,7,125,63,62,50.4,Green,0
2025-06-23,2025,26,WAL,Wales,WAL-P2,6,109,80,29,73.4,Green,0
2025-06-23,2025,26,WAL,Wales,WAL-P3,5,104,86,18,82.7,Amber,0
2025-06-23,2025,26,YRK,Yorkshire,YRK-P1,7,139,84,55,60.4,Green,0
2025-06-23,2025,26,YRK,Yorkshire,YRK-P2,6,127,87,40,68.5,Green,0
2025-06-23,2025,26,YRK,Yorkshire,YRK-P3,7,143,72,71,50.3,Green,0
2025-06-23,2025,26,YRK,Yorkshire,YRK-P4,5,82,94,-12,114.6,Red,0
2025-06-23,2025,26,YRK,Yorkshire,YRK-P5,5,106,83,23,78.3,Amber,0
2025-06-30,2025,27,MID,Midlands,MID-P1,6,113,83,30,73.5,Green,0
2025-06-30,2025,27,MID,Midlands,MID-P2,6,116,72,44,62.1,Green,0
2025-06-30,2025,27,MID,Midlands,MID-P3,6,112,80,32,71.4,Green,0
2025-06-30,2025,27,MID,Midlands,MID-P4,6,127,79,48,62.2,Green,0
2025-06-30,2025,27,MID,Midlands,MID-P5,5,84,77,7,91.7,Red,0
2025-06-30,2025,27,MID,Midlands,MID-P6,5,108,58,50,53.7,Green,0
2025-06-30,2025,27,MID,Midlands,MID-P7,5,112,100,12,89.3,Amber,0
2025-06-30,2025,27,NE,North East,NE-P1,5,103,71,32,68.9,Green,0
2025-06-30,2025,27,NE,North East,NE-P2,5,106,68,38,64.2,Green,0
2025-06-30,2025,27,NE,North East,NE-P3,5,104,68,36,65.4,Green,0
2025-06-30,2025,27,NE,North East,NE-P4,4,75,54,21,72.0,Green,0
2025-06-30,2025,27,NE,North East,NE-P5,4,89,58,31,65.2,Green,0
2025-06-30,2025,27,NW,North West,NW-P1,6,119,67,52,56.3,Green,0
2025-06-30,2025,27,NW,North West,NW-P2,6,107,90,17,84.1,Amber,0
2025-06-30,2025,27,NW,North West,NW-P3,6,118,73,45,61.9,Green,0
2025-06-30,2025,27,NW,North West,NW-P4,5,109,71,38,65.1,Green,0
2025-06-30,2025,27,NW,North West,NW-P5,5,100,94,6,94.0,Red,0
2025-06-30,2025,27,NW,North West,NW-P6,6,126,66,60,52.4,Green,0
2025-06-30,2025,27,SCO,Scotland,SCO-P1,6,106,89,17,84.0,Amber,0
2025-06-30,2025,27,SCO,Scotland,SCO-P2,6,136,76,60,55.9,Green,0
2025-06-30,2025,27,SCO,Scotland,SCO-P3,5,114,75,39,65.8,Green,0
2025-06-30,2025,27,SCO,Scotland,SCO-P4,5,88,75,13,85.2,Amber,0
2025-06-30,2025,27,SE,South East,SE-P1,7,136,76,60,55.9,Green,0
2025-06-30,2025,27,SE,South East,SE-P2,6,102,69,33,67.6,Green,0
2025-06-30,2025,27,SE,South East,SE-P3,7,113,79,34,69.9,Green,0
2025-06-30,2025,27,SE,South East,SE-P4,6,101,79,22,78.2,Amber,0
2025-06-30,2025,27,SE,South East,SE-P5,6,127,91,36,71.7,Green,0
2025-06-30,2025,27,SE,South East,SE-P6,5,103,75,28,72.8,Green,0
2025-06-30,2025,27,SE,South East,SE-P7,5,99,76,23,76.8,Amber,0
2025-06-30,2025,27,SE,South East,SE-P8,5,120,81,39,67.5,Green,0
2025-06-30,2025,27,SW,South West,SW-P1,5,92,65,27,70.7,Green,0
2025-06-30,2025,27,SW,South West,SW-P2,6,104,79,25,76.0,Amber,0
2025-06-30,2025,27,SW,South West,SW-P3,5,112,68,44,60.7,Green,0
2025-06-30,2025,27,SW,South West,SW-P4,5,96,90,6,93.8,Red,0
2025-06-30,2025,27,WAL,Wales,WAL-P1,6,119,75,44,63.0,Green,0
2025-06-30,2025,27,WAL,Wales,WAL-P2,6,109,74,35,67.9,Green,0
2025-06-30,2025,27,WAL,Wales,WAL-P3,6,129,89,40,69.0,Green,0
2025-06-30,2025,27,YRK,Yorkshire,YRK-P1,6,120,88,32,73.3,Green,0
2025-06-30,2025,27,YRK,Yorkshire,YRK-P2,6,131,83,48,63.4,Green,0
2025-06-30,2025,27,YRK,Yorkshire,YRK-P3,6,110,87,23,79.1,Amber,0
2025-06-30,2025,27,YRK,Yorkshire,YRK-P4,6,101,86,15,85.1,Amber,0
2025-06-30,2025,27,YRK,Yorkshire,YRK-P5,6,114,100,14,87.7,Amber,0
2025-07-07,2025,28,MID,Midlands,MID-P1,5,88,101,-13,114.8,Red,0
2025-07-07,2025,28,MID,Midlands,MID-P2,6,114,97,17,85.1,Amber,0
2025-07-07,2025,28,MID,Midlands,MID-P3,6,120,82,38,68.3,Green,0
2025-07-07,2025,28,MID,Midlands,MID-P4,6,127,88,39,69.3,Green,0
2025-07-07,2025,28,MID,Midlands,MID-P5,5,97,72,25,74.2,Green,0
2025-07-07,2025,28,MID,Midlands,MID-P6,5,101,77,24,76.2,Amber,0
2025-07-07,2025,28,MID,Midlands,MID-P7,5,112,76,36,67.9,Green,0
2025-07-07,2025,28,NE,North East,NE-P1,6,112,83,29,74.1,Green,0
2025-07-07,2025,28,NE,North East,NE-P2,5,114,71,43,62.3,Green,0
2025-07-07,2025,28,NE,North East,NE-P3,5,88,52,36,59.1,Green,0
2025-07-07,2025,28,NE,North East,NE-P4,4,74,71,3,95.9,Red,0
2025-07-07,2025,28,NE,North East,NE-P5,4,82,54,28,65.9,Green,0
2025-07-07,2025,28,NW,North West,NW-P1,7,122,64,58,52.5,Green,0
2025-07-07,2025,28,NW,North West,NW-P2,6,111,89,22,80.2,Amber,0
2025-07-07,2025,28,NW,North West,NW-P3,5,107,68,39,63.6,Green,0
2025-07-07,2025,28,NW,North West,NW-P4,5,105,66,39,62.9,Green,0
2025-07-07,2025,28,NW,North West,NW-P5,6,106,79,27,74.5,Green,0
2025-07-07,2025,28,NW,North West,NW-P6,5,108,86,22,79.6,Amber,0
2025-07-07,2025,28,SCO,Scotland,SCO-P1,7,133,86,47,64.7,Green,0
2025-07-07,2025,28,SCO,Scotland,SCO-P2,6,131,75,56,57.3,Green,0
2025-07-07,2025,28,SCO,Scotland,SCO-P3,5,109,93,16,85.3,Amber,0
2025-07-07,2025,28,SCO,Scotland,SCO-P4,5,98,78,20,79.6,Amber,0
2025-07-07,2025,28,SE,South East,SE-P1,6,122,84,38,68.9,Green,0
2025-07-07,2025,28,SE,South East,SE-P2,6,102,79,23,77.5,Amber,0
2025-07-07,2025,28,SE,South East,SE-P3,6,97,92,5,94.8,Red,0
2025-07-07,2025,28,SE,South East,SE-P4,6,102,70,32,68.6,Green,0
2025-07-07,2025,28,SE,South East,SE-P5,5,116,91,25,78.4,Amber,0
2025-07-07,2025,28,SE,South East,SE-P6,5,95,61,34,64.2,Green,0
2025-07-07,2025,28,SE,South East,SE-P7,6,124,84,40,67.7,Green,0
2025-07-07,2025,28,SE,South East,SE-P8,6,145,70,75,48.3,Green,0
2025-07-07,2025,28,SW,South West,SW-P1,5,97,80,17,82.5,Amber,0
2025-07-07,2025,28,SW,South West,SW-P2,5,103,85,18,82.5,Amber,0
2025-07-07,2025,28,SW,South West,SW-P3,4,93,69,24,74.2,Green,0
2025-07-07,2025,28,SW,South West,SW-P4,5,103,83,20,80.6,Amber,0
2025-07-07,2025,28,WAL,Wales,WAL-P1,6,124,70,54,56.5,Green,0
2025-07-07,2025,28,WAL,Wales,WAL-P2,5,91,83,8,91.2,Red,0
2025-07-07,2025,28,WAL,Wales,WAL-P3,5,114,84,30,73.7,Green,0
2025-07-07,2025,28,YRK,Yorkshire,YRK-P1,6,120,74,46,61.7,Green,0
2025-07-07,2025,28,YRK,Yorkshire,YRK-P2,6,131,101,30,77.1,Amber,0
2025-07-07,2025,28,YRK,Yorkshire,YRK-P3,7,129,94,35,72.9,Green,0
2025-07-07,2025,28,YRK,Yorkshire,YRK-P4,6,101,82,19,81.2,Amber,0
2025-07-07,2025,28,YRK,Yorkshire,YRK-P5,5,101,103,-2,102.0,Red,0
2025-07-14,2025,29,MID,Midlands,MID-P1,7,117,92,25,78.6,Amber,0
2025-07-14,2025,29,MID,Midlands,MID-P2,6,108,71,37,65.7,Green,0
2025-07-14,2025,29,MID,Midlands,MID-P3,7,130,81,49,62.3,Green,0
2025-07-14,2025,29,MID,Midlands,MID-P4,6,137,102,35,74.5,Green,0
2025-07-14,2025,29,MID,Midlands,MID-P5,5,94,95,-1,101.1,Red,0
2025-07-14,2025,29,MID,Midlands,MID-P6,5,96,112,-16,116.7,Red,0
2025-07-14,2025,29,MID,Midlands,MID-P7,5,112,81,31,72.3,Green,0
2025-07-14,2025,29,NE,North East,NE-P1,5,100,86,14,86.0,Amber,0
2025-07-14,2025,29,NE,North East,NE-P2,6,123,66,57,53.7,Green,0
2025-07-14,2025,29,NE,North East,NE-P3,4,82,80,2,97.6,Red,0
2025-07-14,2025,29,NE,North East,NE-P4,5,82,67,15,81.7,Amber,0
2025-07-14,2025,29,NE,North East,NE-P5,4,88,66,22,75.0,Amber,0
2025-07-14,2025,29,NW,North West,NW-P1,6,120,73,47,60.8,Green,0
2025-07-14,2025,29,NW,North West,NW-P2,6,116,75,41,64.7,Green,0
2025-07-14,2025,29,NW,North West,NW-P3,5,102,84,18,82.4,Amber,0
2025-07-14,2025,29,NW,North West,NW-P4,5,111,81,30,73.0,Green,0
2025-07-14,2025,29,NW,North West,NW-P5,6,106,94,12,88.7,Amber,0
2025-07-14,2025,29,NW,North West,NW-P6,6,123,78,45,63.4,Green,0
2025-07-14,2025,29,SCO,Scotland,SCO-P1,6,125,88,37,70.4,Green,0
2025-07-14,2025,29,SCO,Scotland,SCO-P2,6,124,89,35,71.8,Green,0
2025-07-14,2025,29,SCO,Scotland,SCO-P3,5,110,92,18,83.6,Amber,0
2025-07-14,2025,29,SCO,Scotland,SCO-P4,5,102,87,15,85.3,Amber,0
2025-07-14,2025,29,SE,South East,SE-P1,7,137,88,49,64.2,Green,0
2025-07-14,2025,29,SE,South East,SE-P2,6,105,95,10,90.5,Red,0
2025-07-14,2025,29,SE,South East,SE-P3,6,107,78,29,72.9,Green,0
2025-07-14,2025,29,SE,South East,SE-P4,6,98,88,10,89.8,Amber,0
2025-07-14,2025,29,SE,South East,SE-P5,5,117,93,24,79.5,Amber,0
2025-07-14,2025,29,SE,South East,SE-P6,5,99,98,1,99.0,Red,0
2025-07-14,2025,29,SE,South East,SE-P7,6,120,73,47,60.8,Green,0
2025-07-14,2025,29,SE,South East,SE-P8,6,140,66,74,47.1,Green,0
2025-07-14,2025,29,SW,South West,SW-P1,5,86,74,12,86.0,Amber,0
2025-07-14,2025,29,SW,South West,SW-P2,5,96,87,9,90.6,Red,0
2025-07-14,2025,29,SW,South West,SW-P3,5,106,82,24,77.4,Amber,0
2025-07-14,2025,29,SW,South West,SW-P4,5,98,74,24,75.5,Amber,0
2025-07-14,2025,29,WAL,Wales,WAL-P1,7,128,73,55,57.0,Green,0
2025-07-14,2025,29,WAL,Wales,WAL-P2,7,127,99,28,78.0,Amber,0
2025-07-14,2025,29,WAL,Wales,WAL-P3,4,77,86,-9,111.7,Red,0
2025-07-14,2025,29,YRK,Yorkshire,YRK-P1,6,108,95,13,88.0,Amber,0
2025-07-14,2025,29,YRK,Yorkshire,YRK-P2,6,124,73,51,58.9,Green,0
2025-07-14,2025,29,YRK,Yorkshire,YRK-P3,5,93,87,6,93.5,Red,0
2025-07-14,2025,29,YRK,Yorkshire,YRK-P4,7,122,99,23,81.1,Amber,0
2025-07-14,2025,29,YRK,Yorkshire,YRK-P5,6,115,96,19,83.5,Amber,0
2025-07-21,2025,30,MID,Midlands,MID-P1,6,111,78,33,70.3,Green,0
2025-07-21,2025,30,MID,Midlands,MID-P2,6,103,83,20,80.6,Amber,0
2025-07-21,2025,30,MID,Midlands,MID-P3,6,114,76,38,66.7,Green,0
2025-07-21,2025,30,MID,Midlands,MID-P4,6,137,95,42,69.3,Green,0
2025-07-21,2025,30,MID,Midlands,MID-P5,6,109,92,17,84.4,Amber,0
2025-07-21,2025,30,MID,Midlands,MID-P6,5,104,103,1,99.0,Red,0
2025-07-21,2025,30,MID,Midlands,MID-P7,5,104,80,24,76.9,Amber,0
2025-07-21,2025,30,NE,North East,NE-P1,6,117,60,57,51.3,Green,0
2025-07-21,2025,30,NE,North East,NE-P2,6,115,77,38,67.0,Green,0
2025-07-21,2025,30,NE,North East,NE-P3,5,100,66,34,66.0,Green,0
2025-07-21,2025,30,NE,North East,NE-P4,4,71,94,-23,132.4,Red,0
2025-07-21,2025,30,NE,North East,NE-P5,4,82,70,12,85.4,Amber,0
2025-07-21,2025,30,NW,North West,NW-P1,7,140,78,62,55.7,Green,0
2025-07-21,2025,30,NW,North West,NW-P2,6,111,98,13,88.3,Amber,0
2025-07-21,2025,30,NW,North West,NW-P3,5,105,66,39,62.9,Green,0
2025-07-21,2025,30,NW,North West,NW-P4,6,120,67,53,55.8,Green,0
2025-07-21,2025,30,NW,North West,NW-P5,6,103,97,6,94.2,Red,0
2025-07-21,2025,30,NW,North West,NW-P6,4,86,95,-9,110.5,Red,0
2025-07-21,2025,30,SCO,Scotland,SCO-P1,6,114,100,14,87.7,Amber,0
2025-07-21,2025,30,SCO,Scotland,SCO-P2,6,133,76,57,57.1,Green,0
2025-07-21,2025,30,SCO,Scotland,SCO-P3,5,115,81,34,70.4,Green,0
2025-07-21,2025,30,SCO,Scotland,SCO-P4,5,87,89,-2,102.3,Red,0
2025-07-21,2025,30,SE,South East,SE-P1,6,114,98,16,86.0,Amber,0
2025-07-21,2025,30,SE,South East,SE-P2,5,91,82,9,90.1,Red,0
2025-07-21,2025,30,SE,South East,SE-P3,6,108,100,8,92.6,Red,0
2025-07-21,2025,30,SE,South East,SE-P4,6,105,81,24,77.1,Amber,0
2025-07-21,2025,30,SE,South East,SE-P5,5,110,89,21,80.9,Amber,0
2025-07-21,2025,30,SE,South East,SE-P6,5,93,62,31,66.7,Green,0
2025-07-21,2025,30,SE,South East,SE-P7,5,103,73,30,70.9,Green,0
2025-07-21,2025,30,SE,South East,SE-P8,5,135,84,51,62.2,Green,0
2025-07-21,2025,30,SW,South West,SW-P1,6,120,98,22,81.7,Amber,0
2025-07-21,2025,30,SW,South West,SW-P2,5,96,78,18,81.2,Amber,0
2025-07-21,2025,30,SW,South West,SW-P3,6,124,74,50,59.7,Green,0
2025-07-21,2025,30,SW,South West,SW-P4,5,98,78,20,79.6,Amber,0
2025-07-21,2025,30,WAL,Wales,WAL-P1,6,116,81,35,69.8,Green,0
2025-07-21,2025,30,WAL,Wales,WAL-P2,7,125,98,27,78.4,Amber,0
2025-07-21,2025,30,WAL,Wales,WAL-P3,5,100,94,6,94.0,Red,0
2025-07-21,2025,30,YRK,Yorkshire,YRK-P1,6,113,90,23,79.6,Amber,0
2025-07-21,2025,30,YRK,Yorkshire,YRK-P2,6,121,101,20,83.5,Amber,0
2025-07-21,2025,30,YRK,Yorkshire,YRK-P3,6,117,97,20,82.9,Amber,0
2025-07-21,2025,30,YRK,Yorkshire,YRK-P4,6,103,102,1,99.0,Red,0
2025-07-21,2025,30,YRK,Yorkshire,YRK-P5,5,114,81,33,71.1,Green,0
2025-07-28,2025,31,MID,Midlands,MID-P1,7,113,97,16,85.8,Amber,0
2025-07-28,2025,31,MID,Midlands,MID-P2,5,96,77,19,80.2,Amber,0
2025-07-28,2025,31,MID,Midlands,MID-P3,5,106,97,9,91.5,Red,0
2025-07-28,2025,31,MID,Midlands,MID-P4,6,131,75,56,57.3,Green,0
2025-07-28,2025,31,MID,Midlands,MID-P5,5,96,94,2,97.9,Red,0
2025-07-28,2025,31,MID,Midlands,MID-P6,5,111,91,20,82.0,Amber,0
2025-07-28,2025,31,MID,Midlands,MID-P7,4,93,86,7,92.5,Red,0
2025-07-28,2025,31,NE,North East,NE-P1,5,103,88,15,85.4,Amber,0
2025-07-28,2025,31,NE,North East,NE-P2,5,101,86,15,85.1,Amber,0
2025-07-28,2025,31,NE,North East,NE-P3,5,103,68,35,66.0,Green,0
2025-07-28,2025,31,NE,North East,NE-P4,4,71,70,1,98.6,Red,0
2025-07-28,2025,31,NE,North East,NE-P5,4,76,74,2,97.4,Red,0
2025-07-28,2025,31,NW,North West,NW-P1,6,121,93,28,76.9,Amber,0
2025-07-28,2025,31,NW,North West,NW-P2,6,104,96,8,92.3,Red,0
2025-07-28,2025,31,NW,North West,NW-P3,5,108,78,30,72.2,Green,0
2025-07-28,2025,31,NW,North West,NW-P4,5,113,91,22,80.5,Amber,0
2025-07-28,2025,31,NW,North West,NW-P5,6,101,96,5,95.0,Red,0
2025-07-28,2025,31,NW,North West,NW-P6,6,120,84,36,70.0,Green,0
2025-07-28,2025,31,SCO,Scotland,SCO-P1,6,119,110,9,92.4,Red,0
2025-07-28,2025,31,SCO,Scotland,SCO-P2,6,129,87,42,67.4,Green,0
2025-07-28,2025,31,SCO,Scotland,SCO-P3,5,107,77,30,72.0,Green,0
2025-07-28,2025,31,SCO,Scotland,SCO-P4,6,108,105,3,97.2,Red,0
2025-07-28,2025,31,SE,South East,SE-P1,5,113,90,23,79.6,Amber,0
2025-07-28,2025,31,SE,South East,SE-P2,6,104,80,24,76.9,Amber,0
2025-07-28,2025,31,SE,South East,SE-P3,6,109,78,31,71.6,Green,0
2025-07-28,2025,31,SE,South East,SE-P4,6,105,85,20,81.0,Amber,0
2025-07-28,2025,31,SE,South East,SE-P5,6,132,84,48,63.6,Green,0
2025-07-28,2025,31,SE,South East,SE-P6,5,100,93,7,93.0,Red,0
2025-07-28,2025,31,SE,South East,SE-P7,4,87,75,12,86.2,Amber,0
2025-07-28,2025,31,SE,South East,SE-P8,5,130,103,27,79.2,Amber,0
2025-07-28,2025,31,SW,South West,SW-P1,5,97,87,10,89.7,Amber,0
2025-07-28,2025,31,SW,South West,SW-P2,5,83,82,1,98.8,Red,0
2025-07-28,2025,31,SW,South West,SW-P3,5,110,77,33,70.0,Green,0
2025-07-28,2025,31,SW,South West,SW-P4,6,112,84,28,75.0,Amber,0
2025-07-28,2025,31,WAL,Wales,WAL-P1,5,103,89,14,86.4,Amber,0
2025-07-28,2025,31,WAL,Wales,WAL-P2,6,118,85,33,72.0,Green,0
2025-07-28,2025,31,WAL,Wales,WAL-P3,5,111,90,21,81.1,Amber,0
2025-07-28,2025,31,YRK,Yorkshire,YRK-P1,6,126,89,37,70.6,Green,0
2025-07-28,2025,31,YRK,Yorkshire,YRK-P2,6,134,97,37,72.4,Green,0
2025-07-28,2025,31,YRK,Yorkshire,YRK-P3,5,100,104,-4,104.0,Red,0
2025-07-28,2025,31,YRK,Yorkshire,YRK-P4,6,106,83,23,78.3,Amber,0
2025-07-28,2025,31,YRK,Yorkshire,YRK-P5,5,105,103,2,98.1,Red,0
2025-08-04,2025,32,MID,Midlands,MID-P1,6,108,96,12,88.9,Amber,0
2025-08-04,2025,32,MID,Midlands,MID-P2,6,106,95,11,89.6,Amber,0
2025-08-04,2025,32,MID,Midlands,MID-P3,6,114,71,43,62.3,Green,0
2025-08-04,2025,32,MID,Midlands,MID-P4,6,139,84,55,60.4,Green,0
2025-08-04,2025,32,MID,Midlands,MID-P5,5,98,102,-4,104.1,Red,0
2025-08-04,2025,32,MID,Midlands,MID-P6,6,120,87,33,72.5,Green,0
2025-08-04,2025,32,MID,Midlands,MID-P7,5,115,99,16,86.1,Amber,0
2025-08-04,2025,32,NE,North East,NE-P1,5,101,74,27,73.3,Green,0
2025-08-04,2025,32,NE,North East,NE-P2,4,87,60,27,69.0,Green,0
2025-08-04,2025,32,NE,North East,NE-P3,5,92,73,19,79.3,Amber,0
2025-08-04,2025,32,NE,North East,NE-P4,4,75,72,3,96.0,Red,0
2025-08-04,2025,32,NE,North East,NE-P5,4,88,82,6,93.2,Red,0
2025-08-04,2025,32,NW,North West,NW-P1,6,111,74,37,66.7,Green,0
2025-08-04,2025,32,NW,North West,NW-P2,6,113,84,29,74.3,Green,0
2025-08-04,2025,32,NW,North West,NW-P3,5,113,86,27,76.1,Amber,0
2025-08-04,2025,32,NW,North West,NW-P4,5,117,89,28,76.1,Amber,0
2025-08-04,2025,32,NW,North West,NW-P5,5,95,98,-3,103.2,Red,0
2025-08-04,2025,32,NW,North West,NW-P6,5,94,96,-2,102.1,Red,0
2025-08-04,2025,32,SCO,Scotland,SCO-P1,7,126,81,45,64.3,Green,0
2025-08-04,2025,32,SCO,Scotland,SCO-P2,6,125,90,35,72.0,Green,0
2025-08-04,2025,32,SCO,Scotland,SCO-P3,4,102,97,5,95.1,Red,0
2025-08-04,2025,32,SCO,Scotland,SCO-P4,4,84,94,-10,111.9,Red,0
2025-08-04,2025,32,SE,South East,SE-P1,5,109,84,25,77.1,Amber,0
2025-08-04,2025,32,SE,South East,SE-P2,6,100,76,24,76.0,Amber,0
2025-08-04,2025,32,SE,South East,SE-P3,6,99,70,29,70.7,Green,0
2025-08-04,2025,32,SE,South East,SE-P4,6,101,100,1,99.0,Red,0
2025-08-04,2025,32,SE,South East,SE-P5,4,96,106,-10,110.4,Red,0
2025-08-04,2025,32,SE,South East,SE-P6,6,113,94,19,83.2,Amber,0
2025-08-04,2025,32,SE,South East,SE-P7,5,102,92,10,90.2,Red,0
2025-08-04,2025,32,SE,South East,SE-P8,6,145,114,31,78.6,Amber,0
2025-08-04,2025,32,SW,South West,SW-P1,5,98,86,12,87.8,Amber,0
2025-08-04,2025,32,SW,South West,SW-P2,6,113,77,36,68.1,Green,0
2025-08-04,2025,32,SW,South West,SW-P3,5,109,94,15,86.2,Amber,0
2025-08-04,2025,32,SW,South West,SW-P4,5,99,85,14,85.9,Amber,0
2025-08-04,2025,32,WAL,Wales,WAL-P1,6,123,102,21,82.9,Amber,0
2025-08-04,2025,32,WAL,Wales,WAL-P2,6,119,83,36,69.7,Green,0
2025-08-04,2025,32,WAL,Wales,WAL-P3,5,99,91,8,91.9,Red,0
2025-08-04,2025,32,YRK,Yorkshire,YRK-P1,6,112,97,15,86.6,Amber,0
2025-08-04,2025,32,YRK,Yorkshire,YRK-P2,7,142,83,59,58.5,Green,0
2025-08-04,2025,32,YRK,Yorkshire,YRK-P3,6,121,98,23,81.0,Amber,0
2025-08-04,2025,32,YRK,Yorkshire,YRK-P4,6,116,99,17,85.3,Amber,0
2025-08-04,2025,32,YRK,Yorkshire,YRK-P5,4,94,102,-8,108.5,Red,0
2025-08-11,2025,33,MID,Midlands,MID-P1,5,78,91,-13,116.7,Red,0
2025-08-11,2025,33,MID,Midlands,MID-P2,6,119,94,25,79.0,Amber,0
2025-08-11,2025,33,MID,Midlands,MID-P3,6,120,101,19,84.2,Amber,0
2025-08-11,2025,33,MID,Midlands,MID-P4,7,143,88,55,61.5,Green,0
2025-08-11,2025,33,MID,Midlands,MID-P5,6,107,85,22,79.4,Amber,0
2025-08-11,2025,33,MID,Midlands,MID-P6,5,96,88,8,91.7,Red,0
2025-08-11,2025,33,MID,Midlands,MID-P7,5,113,80,33,70.8,Green,0
2025-08-11,2025,33,NE,North East,NE-P1,5,101,80,21,79.2,Amber,0
2025-08-11,2025,33,NE,North East,NE-P2,6,119,74,45,62.2,Green,0
2025-08-11,2025,33,NE,North East,NE-P3,5,93,86,7,92.5,Red,0
2025-08-11,2025,33,NE,North East,NE-P4,5,78,79,-1,101.3,Red,0
2025-08-11,2025,33,NE,North East,NE-P5,4,70,86,-16,122.9,Red,0
2025-08-11,2025,33,NW,North West,NW-P1,5,105,92,13,87.6,Amber,0
2025-08-11,2025,33,NW,North West,NW-P2,6,121,90,31,74.4,Green,0
2025-08-11,2025,33,NW,North West,NW-P3,6,118,79,39,66.9,Green,0
2025-08-11,2025,33,NW,North West,NW-P4,6,133,74,59,55.6,Green,0
2025-08-11,2025,33,NW,North West,NW-P5,5,91,91,0,100.0,Red,0
2025-08-11,2025,33,NW,North West,NW-P6,5,112,96,16,85.7,Amber,0
2025-08-11,2025,33,SCO,Scotland,SCO-P1,6,115,86,29,74.8,Green,0
2025-08-11,2025,33,SCO,Scotland,SCO-P2,5,105,89,16,84.8,Amber,0
2025-08-11,2025,33,SCO,Scotland,SCO-P3,6,132,106,26,80.3,Amber,0
2025-08-11,2025,33,SCO,Scotland,SCO-P4,6,106,92,14,86.8,Amber,0
2025-08-11,2025,33,SE,South East,SE-P1,6,123,94,29,76.4,Amber,0
2025-08-11,2025,33,SE,South East,SE-P2,6,92,83,9,90.2,Red,0
2025-08-11,2025,33,SE,South East,SE-P3,5,96,102,-6,106.2,Red,0
2025-08-11,2025,33,SE,South East,SE-P4,6,98,91,7,92.9,Red,0
2025-08-11,2025,33,SE,South East,SE-P5,6,134,110,24,82.1,Amber,0
2025-08-11,2025,33,SE,South East,SE-P6,4,85,78,7,91.8,Red,0
2025-08-11,2025,33,SE,South East,SE-P7,5,108,93,15,86.1,Amber,0
2025-08-11,2025,33,SE,South East,SE-P8,5,115,84,31,73.0,Green,0
2025-08-11,2025,33,SW,South West,SW-P1,5,99,88,11,88.9,Amber,0
2025-08-11,2025,33,SW,South West,SW-P2,5,98,83,15,84.7,Amber,0
2025-08-11,2025,33,SW,South West,SW-P3,5,107,81,26,75.7,Amber,0
2025-08-11,2025,33,SW,South West,SW-P4,5,105,92,13,87.6,Amber,0
2025-08-11,2025,33,WAL,Wales,WAL-P1,6,117,101,16,86.3,Amber,0
2025-08-11,2025,33,WAL,Wales,WAL-P2,7,124,90,34,72.6,Green,0
2025-08-11,2025,33,WAL,Wales,WAL-P3,6,130,100,30,76.9,Amber,0
2025-08-11,2025,33,YRK,Yorkshire,YRK-P1,6,121,87,34,71.9,Green,0
2025-08-11,2025,33,YRK,Yorkshire,YRK-P2,6,131,108,23,82.4,Amber,0
2025-08-11,2025,33,YRK,Yorkshire,YRK-P3,7,128,98,30,76.6,Amber,0
2025-08-11,2025,33,YRK,Yorkshire,YRK-P4,6,114,106,8,93.0,Red,0
2025-08-11,2025,33,YRK,Yorkshire,YRK-P5,5,103,96,7,93.2,Red,0
2025-08-18,2025,34,MID,Midlands,MID-P1,6,107,84,23,78.5,Amber,0
2025-08-18,2025,34,MID,Midlands,MID-P2,6,116,93,23,80.2,Amber,0
2025-08-18,2025,34,MID,Midlands,MID-P3,6,122,91,31,74.6,Green,0
2025-08-18,2025,34,MID,Midlands,MID-P4,6,121,104,17,86.0,Amber,0
2025-08-18,2025,34,MID,Midlands,MID-P5,6,98,85,13,86.7,Amber,0
2025-08-18,2025,34,MID,Midlands,MID-P6,5,108,98,10,90.7,Red,0
2025-08-18,2025,34,MID,Midlands,MID-P7,5,106,86,20,81.1,Amber,0
2025-08-18,2025,34,NE,North East,NE-P1,5,100,65,35,65.0,Green,0
2025-08-18,2025,34,NE,North East,NE-P2,6,115,70,45,60.9,Green,0
2025-08-18,2025,34,NE,North East,NE-P3,5,91,79,12,86.8,Amber,0
2025-08-18,2025,34,NE,North East,NE-P4,5,77,85,-8,110.4,Red,0
2025-08-18,2025,34,NE,North East,NE-P5,5,90,80,10,88.9,Amber,0
2025-08-18,2025,34,NW,North West,NW-P1,6,112,92,20,82.1,Amber,0
2025-08-18,2025,34,NW,North West,NW-P2,6,112,73,39,65.2,Green,0
2025-08-18,2025,34,NW,North West,NW-P3,6,118,93,25,78.8,Amber,0
2025-08-18,2025,34,NW,North West,NW-P4,6,124,78,46,62.9,Green,0
2025-08-18,2025,34,NW,North West,NW-P5,6,100,98,2,98.0,Red,0
2025-08-18,2025,34,NW,North West,NW-P6,6,119,93,26,78.2,Amber,0
2025-08-18,2025,34,SCO,Scotland,SCO-P1,6,116,107,9,92.2,Red,0
2025-08-18,2025,34,SCO,Scotland,SCO-P2,5,111,107,4,96.4,Red,0
2025-08-18,2025,34,SCO,Scotland,SCO-P3,5,110,97,13,88.2,Amber,0
2025-08-18,2025,34,SCO,Scotland,SCO-P4,6,109,83,26,76.1,Amber,0
2025-08-18,2025,34,SE,South East,SE-P1,5,95,95,0,100.0,Red,0
2025-08-18,2025,34,SE,South East,SE-P2,5,89,92,-3,103.4,Red,0
2025-08-18,2025,34,SE,South East,SE-P3,6,103,82,21,79.6,Amber,0
2025-08-18,2025,34,SE,South East,SE-P4,7,118,101,17,85.6,Amber,0
2025-08-18,2025,34,SE,South East,SE-P5,6,121,89,32,73.6,Green,0
2025-08-18,2025,34,SE,South East,SE-P6,4,82,79,3,96.3,Red,0
2025-08-18,2025,34,SE,South East,SE-P7,5,101,102,-1,101.0,Red,0
2025-08-18,2025,34,SE,South East,SE-P8,6,150,108,42,72.0,Green,0
2025-08-18,2025,34,SW,South West,SW-P1,6,106,82,24,77.4,Amber,0
2025-08-18,2025,34,SW,South West,SW-P2,5,91,80,11,87.9,Amber,0
2025-08-18,2025,34,SW,South West,SW-P3,5,98,93,5,94.9,Red,0
2025-08-18,2025,34,SW,South West,SW-P4,5,102,95,7,93.1,Red,0
2025-08-18,2025,34,WAL,Wales,WAL-P1,6,111,83,28,74.8,Green,0
2025-08-18,2025,34,WAL,Wales,WAL-P2,6,109,94,15,86.2,Amber,0
2025-08-18,2025,34,WAL,Wales,WAL-P3,5,112,95,17,84.8,Amber,0
2025-08-18,2025,34,YRK,Yorkshire,YRK-P1,6,114,107,7,93.9,Red,0
2025-08-18,2025,34,YRK,Yorkshire,YRK-P2,5,114,96,18,84.2,Amber,0
2025-08-18,2025,34,YRK,Yorkshire,YRK-P3,7,129,97,32,75.2,Amber,0
2025-08-18,2025,34,YRK,Yorkshire,YRK-P4,6,103,87,16,84.5,Amber,0
2025-08-18,2025,34,YRK,Yorkshire,YRK-P5,6,124,89,35,71.8,Green,0
2025-08-25,2025,35,MID,Midlands,MID-P1,6,107,81,26,75.7,Amber,0
2025-08-25,2025,35,MID,Midlands,MID-P2,6,114,95,19,83.3,Amber,0
2025-08-25,2025,35,MID,Midlands,MID-P3,7,128,89,39,69.5,Green,0
2025-08-25,2025,35,MID,Midlands,MID-P4,6,135,81,54,60.0,Green,0
2025-08-25,2025,35,MID,Midlands,MID-P5,5,87,102,-15,117.2,Red,0
2025-08-25,2025,35,MID,Midlands,MID-P6,5,107,101,6,94.4,Red,0
2025-08-25,2025,35,MID,Midlands,MID-P7,6,123,99,24,80.5,Amber,0
2025-08-25,2025,35,NE,North East,NE-P1,5,102,81,21,79.4,Amber,0
2025-08-25,2025,35,NE,North East,NE-P2,6,117,83,34,70.9,Green,0
2025-08-25,2025,35,NE,North East,NE-P3,6,116,77,39,66.4,Green,0
2025-08-25,2025,35,NE,North East,NE-P4,4,63,89,-26,141.3,Red,0
2025-08-25,2025,35,NE,North East,NE-P5,4,78,89,-11,114.1,Red,0
2025-08-25,2025,35,NW,North West,NW-P1,6,114,79,35,69.3,Green,0
2025-08-25,2025,35,NW,North West,NW-P2,7,129,99,30,76.7,Amber,0
2025-08-25,2025,35,NW,North West,NW-P3,5,105,85,20,81.0,Amber,0
2025-08-25,2025,35,NW,North West,NW-P4,6,119,81,38,68.1,Green,0
2025-08-25,2025,35,NW,North West,NW-P5,5,89,89,0,100.0,Red,0
2025-08-25,2025,35,NW,North West,NW-P6,6,121,96,25,79.3,Amber,0
2025-08-25,2025,35,SCO,Scotland,SCO-P1,6,127,98,29,77.2,Amber,0
2025-08-25,2025,35,SCO,Scotland,SCO-P2,7,141,95,46,67.4,Green,0
2025-08-25,2025,35,SCO,Scotland,SCO-P3,5,125,80,45,64.0,Green,0
2025-08-25,2025,35,SCO,Scotland,SCO-P4,6,109,95,14,87.2,Amber,0
2025-08-25,2025,35,SE,South East,SE-P1,5,103,100,3,97.1,Red,0
2025-08-25,2025,35,SE,South East,SE-P2,6,104,94,10,90.4,Red,0
2025-08-25,2025,35,SE,South East,SE-P3,6,107,91,16,85.0,Amber,0
2025-08-25,2025,35,SE,South East,SE-P4,6,102,99,3,97.1,Red,0
2025-08-25,2025,35,SE,South East,SE-P5,6,122,87,35,71.3,Green,0
2025-08-25,2025,35,SE,South East,SE-P6,6,112,104,8,92.9,Red,0
2025-08-25,2025,35,SE,South East,SE-P7,5,110,92,18,83.6,Amber,0
2025-08-25,2025,35,SE,South East,SE-P8,5,130,99,31,76.2,Amber,0
2025-08-25,2025,35,SW,South West,SW-P1,6,102,84,18,82.4,Amber,0
2025-08-25,2025,35,SW,South West,SW-P2,5,94,83,11,88.3,Amber,0
2025-08-25,2025,35,SW,South West,SW-P3,6,126,85,41,67.5,Green,0
2025-08-25,2025,35,SW,South West,SW-P4,6,116,100,16,86.2,Amber,0
2025-08-25,2025,35,WAL,Wales,WAL-P1,6,126,83,43,65.9,Green,0
2025-08-25,2025,35,WAL,Wales,WAL-P2,6,119,103,16,86.6,Amber,0
2025-08-25,2025,35,WAL,Wales,WAL-P3,5,104,94,10,90.4,Red,0
2025-08-25,2025,35,YRK,Yorkshire,YRK-P1,6,115,104,11,90.4,Red,0
2025-08-25,2025,35,YRK,Yorkshire,YRK-P2,6,116,107,9,92.2,Red,0
2025-08-25,2025,35,YRK,Yorkshire,YRK-P3,6,118,98,20,83.1,Amber,0
2025-08-25,2025,35,YRK,Yorkshire,YRK-P4,6,107,97,10,90.7,Red,0
2025-08-25,2025,35,YRK,Yorkshire,YRK-P5,6,116,101,15,87.1,Amber,0
2025-09-01,2025,36,MID,Midlands,MID-P1,5,86,113,-27,131.4,Red,0
2025-09-01,2025,36,MID,Midlands,MID-P2,5,95,102,-7,107.4,Red,0
2025-09-01,2025,36,MID,Midlands,MID-P3,6,115,100,15,87.0,Amber,0
2025-09-01,2025,36,MID,Midlands,MID-P4,6,128,94,34,73.4,Green,0
2025-09-01,2025,36,MID,Midlands,MID-P5,5,93,95,-2,102.2,Red,0
2025-09-01,2025,36,MID,Midlands,MID-P6,5,105,107,-2,101.9,Red,0
2025-09-01,2025,36,MID,Midlands,MID-P7,4,85,97,-12,114.1,Red,0
2025-09-01,2025,36,NE,North East,NE-P1,5,96,76,20,79.2,Amber,0
2025-09-01,2025,36,NE,North East,NE-P2,5,109,83,26,76.1,Amber,0
2025-09-01,2025,36,NE,North East,NE-P3,6,121,100,21,82.6,Amber,0
2025-09-01,2025,36,NE,North East,NE-P4,6,96,79,17,82.3,Amber,0
2025-09-01,2025,36,NE,North East,NE-P5,4,82,69,13,84.1,Amber,0
2025-09-01,2025,36,NW,North West,NW-P1,6,127,97,30,76.4,Amber,0
2025-09-01,2025,36,NW,North West,NW-P2,7,129,99,30,76.7,Amber,0
2025-09-01,2025,36,NW,North West,NW-P3,5,108,108,0,100.0,Red,0
2025-09-01,2025,36,NW,North West,NW-P4,5,109,92,17,84.4,Amber,0
2025-09-01,2025,36,NW,North West,NW-P5,5,96,90,6,93.8,Red,0
2025-09-01,2025,36,NW,North West,NW-P6,6,121,100,21,82.6,Amber,0
2025-09-01,2025,36,SCO,Scotland,SCO-P1,6,120,87,33,72.5,Green,0
2025-09-01,2025,36,SCO,Scotland,SCO-P2,7,145,109,36,75.2,Amber,0
2025-09-01,2025,36,SCO,Scotland,SCO-P3,5,112,82,30,73.2,Green,0
2025-09-01,2025,36,SCO,Scotland,SCO-P4,6,108,109,-1,100.9,Red,0
2025-09-01,2025,36,SE,South East,SE-P1,6,124,104,20,83.9,Amber,0
2025-09-01,2025,36,SE,South East,SE-P2,6,93,94,-1,101.1,Red,0
2025-09-01,2025,36,SE,South East,SE-P3,5,81,101,-20,124.7,Red,0
2025-09-01,2025,36,SE,South East,SE-P4,7,117,100,17,85.5,Amber,0
2025-09-01,2025,36,SE,South East,SE-P5,5,112,103,9,92.0,Red,0
2025-09-01,2025,36,SE,South East,SE-P6,5,98,107,-9,109.2,Red,0
2025-09-01,2025,36,SE,South East,SE-P7,5,102,103,-1,101.0,Red,0
2025-09-01,2025,36,SE,South East,SE-P8,4,110,90,20,81.8,Amber,0
2025-09-01,2025,36,SW,South West,SW-P1,5,101,87,14,86.1,Amber,0
2025-09-01,2025,36,SW,South West,SW-P2,5,92,105,-13,114.1,Red,0
2025-09-01,2025,36,SW,South West,SW-P3,6,116,64,52,55.2,Green,0
2025-09-01,2025,36,SW,South West,SW-P4,6,116,106,10,91.4,Red,0
2025-09-01,2025,36,WAL,Wales,WAL-P1,6,128,79,49,61.7,Green,0
2025-09-01,2025,36,WAL,Wales,WAL-P2,6,105,101,4,96.2,Red,0
2025-09-01,2025,36,WAL,Wales,WAL-P3,5,100,99,1,99.0,Red,0
2025-09-01,2025,36,YRK,Yorkshire,YRK-P1,6,126,108,18,85.7,Amber,0
2025-09-01,2025,36,YRK,Yorkshire,YRK-P2,7,145,97,48,66.9,Green,0
2025-09-01,2025,36,YRK,Yorkshire,YRK-P3,5,102,112,-10,109.8,Red,0
2025-09-01,2025,36,YRK,Yorkshire,YRK-P4,6,110,78,32,70.9,Green,0
2025-09-01,2025,36,YRK,Yorkshire,YRK-P5,6,117,111,6,94.9,Red,0
2025-09-08,2025,37,MID,Midlands,MID-P1,6,104,104,0,100.0,Red,0
2025-09-08,2025,37,MID,Midlands,MID-P2,6,118,94,24,79.7,Amber,0
2025-09-08,2025,37,MID,Midlands,MID-P3,6,123,111,12,90.2,Red,0
2025-09-08,2025,37,MID,Midlands,MID-P4,5,115,80,35,69.6,Green,0
2025-09-08,2025,37,MID,Midlands,MID-P5,5,93,95,-2,102.2,Red,0
2025-09-08,2025,37,MID,Midlands,MID-P6,5,100,110,-10,110.0,Red,0
2025-09-08,2025,37,MID,Midlands,MID-P7,6,117,90,27,76.9,Amber,0
2025-09-08,2025,37,NE,North East,NE-P1,6,111,96,15,86.5,Amber,0
2025-09-08,2025,37,NE,North East,NE-P2,5,111,73,38,65.8,Green,0
2025-09-08,2025,37,NE,North East,NE-P3,5,100,90,10,90.0,Red,0
2025-09-08,2025,37,NE,North East,NE-P4,4,73,74,-1,101.4,Red,0
2025-09-08,2025,37,NE,North East,NE-P5,4,72,92,-20,127.8,Red,0
2025-09-08,2025,37,NW,North West,NW-P1,5,98,111,-13,113.3,Red,0
2025-09-08,2025,37,NW,North West,NW-P2,6,118,101,17,85.6,Amber,0
2025-09-08,2025,37,NW,North West,NW-P3,6,121,92,29,76.0,Amber,0
2025-09-08,2025,37,NW,North West,NW-P4,5,112,88,24,78.6,Amber,0
2025-09-08,2025,37,NW,North West,NW-P5,5,97,97,0,100.0,Red,0
2025-09-08,2025,37,NW,North West,NW-P6,6,119,74,45,62.2,Green,0
2025-09-08,2025,37,SCO,Scotland,SCO-P1,6,124,98,26,79.0,Amber,0
2025-09-08,2025,37,SCO,Scotland,SCO-P2,6,136,110,26,80.9,Amber,0
2025-09-08,2025,37,SCO,Scotland,SCO-P3,4,100,75,25,75.0,Amber,0
2025-09-08,2025,37,SCO,Scotland,SCO-P4,5,96,94,2,97.9,Red,0
2025-09-08,2025,37,SE,South East,SE-P1,6,130,98,32,75.4,Amber,0
2025-09-08,2025,37,SE,South East,SE-P2,6,93,104,-11,111.8,Red,0
2025-09-08,2025,37,SE,South East,SE-P3,5,90,85,5,94.4,Red,0
2025-09-08,2025,37,SE,South East,SE-P4,6,101,94,7,93.1,Red,0
2025-09-08,2025,37,SE,South East,SE-P5,5,103,102,1,99.0,Red,0
2025-09-08,2025,37,SE,South East,SE-P6,5,105,93,12,88.6,Amber,0
2025-09-08,2025,37,SE,South East,SE-P7,5,106,101,5,95.3,Red,0
2025-09-08,2025,37,SE,South East,SE-P8,5,130,88,42,67.7,Green,0
2025-09-08,2025,37,SW,South West,SW-P1,6,107,107,0,100.0,Red,0
2025-09-08,2025,37,SW,South West,SW-P2,6,100,86,14,86.0,Amber,0
2025-09-08,2025,37,SW,South West,SW-P3,6,119,91,28,76.5,Amber,0
2025-09-08,2025,37,SW,South West,SW-P4,4,79,71,8,89.9,Amber,0
2025-09-08,2025,37,WAL,Wales,WAL-P1,6,111,100,11,90.1,Red,0
2025-09-08,2025,37,WAL,Wales,WAL-P2,6,108,110,-2,101.9,Red,0
2025-09-08,2025,37,WAL,Wales,WAL-P3,5,104,73,31,70.2,Green,0
2025-09-08,2025,37,YRK,Yorkshire,YRK-P1,6,126,110,16,87.3,Amber,0
2025-09-08,2025,37,YRK,Yorkshire,YRK-P2,5,112,87,25,77.7,Amber,0
2025-09-08,2025,37,YRK,Yorkshire,YRK-P3,6,124,105,19,84.7,Amber,0
2025-09-08,2025,37,YRK,Yorkshire,YRK-P4,6,107,109,-2,101.9,Red,0
2025-09-08,2025,37,YRK,Yorkshire,YRK-P5,5,105,101,4,96.2,Red,0
2025-09-15,2025,38,MID,Midlands,MID-P1,5,87,106,-19,121.8,Red,0
2025-09-15,2025,38,MID,Midlands,MID-P2,6,115,103,12,89.6,Amber,0
2025-09-15,2025,38,MID,Midlands,MID-P3,6,109,97,12,89.0,Amber,0
2025-09-15,2025,38,MID,Midlands,MID-P4,7,152,117,35,77.0,Amber,0
2025-09-15,2025,38,MID,Midlands,MID-P5,6,105,88,17,83.8,Amber,0
2025-09-15,2025,38,MID,Midlands,MID-P6,4,84,95,-11,113.1,Red,0
2025-09-15,2025,38,MID,Midlands,MID-P7,5,101,105,-4,104.0,Red,0
2025-09-15,2025,38,NE,North East,NE-P1,5,107,84,23,78.5,Amber,0
2025-09-15,2025,38,NE,North East,NE-P2,5,102,78,24,76.5,Amber,0
2025-09-15,2025,38,NE,North East,NE-P3,5,91,88,3,96.7,Red,0
2025-09-15,2025,38,NE,North East,NE-P4,5,92,89,3,96.7,Red,0
2025-09-15,2025,38,NE,North East,NE-P5,4,80,71,9,88.8,Amber,0
2025-09-15,2025,38,NW,North West,NW-P1,5,102,106,-4,103.9,Red,0
2025-09-15,2025,38,NW,North West,NW-P2,5,100,66,34,66.0,Green,0
2025-09-15,2025,38,NW,North West,NW-P3,5,101,105,-4,104.0,Red,0
2025-09-15,2025,38,NW,North West,NW-P4,5,103,101,2,98.1,Red,0
2025-09-15,2025,38,NW,North West,NW-P5,5,89,85,4,95.5,Red,0
2025-09-15,2025,38,NW,North West,NW-P6,5,109,111,-2,101.8,Red,0
2025-09-15,2025,38,SCO,Scotland,SCO-P1,6,126,113,13,89.7,Amber,0
2025-09-15,2025,38,SCO,Scotland,SCO-P2,6,126,90,36,71.4,Green,0
2025-09-15,2025,38,SCO,Scotland,SCO-P3,6,132,102,30,77.3,Amber,0
2025-09-15,2025,38,SCO,Scotland,SCO-P4,5,102,88,14,86.3,Amber,0
2025-09-15,2025,38,SE,South East,SE-P1,6,129,84,45,65.1,Green,0
2025-09-15,2025,38,SE,South East,SE-P2,7,116,96,20,82.8,Amber,0
2025-09-15,2025,38,SE,South East,SE-P3,6,106,84,22,79.2,Amber,0
2025-09-15,2025,38,SE,South East,SE-P4,6,106,97,9,91.5,Red,0
2025-09-15,2025,38,SE,South East,SE-P5,6,128,101,27,78.9,Amber,0
2025-09-15,2025,38,SE,South East,SE-P6,5,103,104,-1,101.0,Red,0
2025-09-15,2025,38,SE,South East,SE-P7,6,119,91,28,76.5,Amber,0
2025-09-15,2025,38,SE,South East,SE-P8,5,135,92,43,68.1,Green,0
2025-09-15,2025,38,SW,South West,SW-P1,6,103,77,26,74.8,Green,0
2025-09-15,2025,38,SW,South West,SW-P2,5,99,98,1,99.0,Red,0
2025-09-15,2025,38,SW,South West,SW-P3,5,112,90,22,80.4,Amber,0
2025-09-15,2025,38,SW,South West,SW-P4,5,95,103,-8,108.4,Red,0
2025-09-15,2025,38,WAL,Wales,WAL-P1,6,124,82,42,66.1,Green,0
2025-09-15,2025,38,WAL,Wales,WAL-P2,7,128,102,26,79.7,Amber,0
2025-09-15,2025,38,WAL,Wales,WAL-P3,5,111,99,12,89.2,Amber,0
2025-09-15,2025,38,YRK,Yorkshire,YRK-P1,6,113,100,13,88.5,Amber,0
2025-09-15,2025,38,YRK,Yorkshire,YRK-P2,5,110,104,6,94.5,Red,0
2025-09-15,2025,38,YRK,Yorkshire,YRK-P3,6,115,106,9,92.2,Red,0
2025-09-15,2025,38,YRK,Yorkshire,YRK-P4,6,110,124,-14,112.7,Red,0
2025-09-15,2025,38,YRK,Yorkshire,YRK-P5,5,109,108,1,99.1,Red,0
2025-09-22,2025,39,MID,Midlands,MID-P1,5,94,91,3,96.8,Red,0
2025-09-22,2025,39,MID,Midlands,MID-P2,6,106,79,27,74.5,Green,0
2025-09-22,2025,39,MID,Midlands,MID-P3,6,122,106,16,86.9,Amber,0
2025-09-22,2025,39,MID,Midlands,MID-P4,5,117,101,16,86.3,Amber,0
2025-09-22,2025,39,MID,Midlands,MID-P5,5,93,110,-17,118.3,Red,0
2025-09-22,2025,39,MID,Midlands,MID-P6,5,96,117,-21,121.9,Red,0
2025-09-22,2025,39,MID,Midlands,MID-P7,5,113,97,16,85.8,Amber,0
2025-09-22,2025,39,NE,North East,NE-P1,5,105,83,22,79.0,Amber,0
2025-09-22,2025,39,NE,North East,NE-P2,5,112,89,23,79.5,Amber,0
2025-09-22,2025,39,NE,North East,NE-P3,5,97,69,28,71.1,Green,0
2025-09-22,2025,39,NE,North East,NE-P4,5,84,100,-16,119.0,Red,0
2025-09-22,2025,39,NE,North East,NE-P5,3,68,74,-6,108.8,Red,0
2025-09-22,2025,39,NW,North West,NW-P1,5,103,82,21,79.6,Amber,0
2025-09-22,2025,39,NW,North West,NW-P2,6,108,83,25,76.9,Amber,0
2025-09-22,2025,39,NW,North West,NW-P3,5,109,114,-5,104.6,Red,0
2025-09-22,2025,39,NW,North West,NW-P4,6,124,108,16,87.1,Amber,0
2025-09-22,2025,39,NW,North West,NW-P5,4,77,96,-19,124.7,Red,0
2025-09-22,2025,39,NW,North West,NW-P6,5,112,94,18,83.9,Amber,0
2025-09-22,2025,39,SCO,Scotland,SCO-P1,6,123,99,24,80.5,Amber,0
2025-09-22,2025,39,SCO,Scotland,SCO-P2,7,148,101,47,68.2,Green,0
2025-09-22,2025,39,SCO,Scotland,SCO-P3,6,130,108,22,83.1,Amber,0
2025-09-22,2025,39,SCO,Scotland,SCO-P4,6,107,108,-1,100.9,Red,0
2025-09-22,2025,39,SE,South East,SE-P1,6,120,111,9,92.5,Red,0
2025-09-22,2025,39,SE,South East,SE-P2,7,111,92,19,82.9,Amber,0
2025-09-22,2025,39,SE,South East,SE-P3,7,117,100,17,85.5,Amber,0
2025-09-22,2025,39,SE,South East,SE-P4,7,108,119,-11,110.2,Red,0
2025-09-22,2025,39,SE,South East,SE-P5,5,100,86,14,86.0,Amber,0
2025-09-22,2025,39,SE,South East,SE-P6,5,103,91,12,88.3,Amber,0
2025-09-22,2025,39,SE,South East,SE-P7,5,115,78,37,67.8,Green,0
2025-09-22,2025,39,SE,South East,SE-P8,5,130,89,41,68.5,Green,0
2025-09-22,2025,39,SW,South West,SW-P1,6,102,91,11,89.2,Amber,0
2025-09-22,2025,39,SW,South West,SW-P2,5,101,105,-4,104.0,Red,0
2025-09-22,2025,39,SW,South West,SW-P3,5,103,84,19,81.6,Amber,0
2025-09-22,2025,39,SW,South West,SW-P4,5,105,86,19,81.9,Amber,0
2025-09-22,2025,39,WAL,Wales,WAL-P1,6,117,94,23,80.3,Amber,0
2025-09-22,2025,39,WAL,Wales,WAL-P2,6,111,104,7,93.7,Red,0
2025-09-22,2025,39,WAL,Wales,WAL-P3,5,101,102,-1,101.0,Red,0
2025-09-22,2025,39,YRK,Yorkshire,YRK-P1,6,109,122,-13,111.9,Red,0
2025-09-22,2025,39,YRK,Yorkshire,YRK-P2,5,98,105,-7,107.1,Red,0
2025-09-22,2025,39,YRK,Yorkshire,YRK-P3,6,109,106,3,97.2,Red,0
2025-09-22,2025,39,YRK,Yorkshire,YRK-P4,6,114,105,9,92.1,Red,0
2025-09-22,2025,39,YRK,Yorkshire,YRK-P5,6,120,99,21,82.5,Amber,0
2025-09-29,2025,40,MID,Midlands,MID-P1,6,104,100,4,96.2,Red,0
2025-09-29,2025,40,MID,Midlands,MID-P2,5,104,90,14,86.5,Amber,0
2025-09-29,2025,40,MID,Midlands,MID-P3,5,105,106,-1,101.0,Red,0
2025-09-29,2025,40,MID,Midlands,MID-P4,6,134,88,46,65.7,Green,0
2025-09-29,2025,40,MID,Midlands,MID-P5,5,96,107,-11,111.5,Red,0
2025-09-29,2025,40,MID,Midlands,MID-P6,6,110,102,8,92.7,Red,0
2025-09-29,2025,40,MID,Midlands,MID-P7,6,125,102,23,81.6,Amber,0
2025-09-29,2025,40,NE,North East,NE-P1,6,115,99,16,86.1,Amber,0
2025-09-29,2025,40,NE,North East,NE-P2,5,102,76,26,74.5,Green,0
2025-09-29,2025,40,NE,North East,NE-P3,5,95,80,15,84.2,Amber,0
2025-09-29,2025,40,NE,North East,NE-P4,5,89,81,8,91.0,Red,0
2025-09-29,2025,40,NE,North East,NE-P5,4,84,97,-13,115.5,Red,0
2025-09-29,2025,40,NW,North West,NW-P1,8,149,96,53,64.4,Green,0
2025-09-29,2025,40,NW,North West,NW-P2,6,102,103,-1,101.0,Red,0
2025-09-29,2025,40,NW,North West,NW-P3,6,132,96,36,72.7,Green,0
2025-09-29,2025,40,NW,North West,NW-P4,5,110,101,9,91.8,Red,0
2025-09-29,2025,40,NW,North West,NW-P5,6,112,98,14,87.5,Amber,0
2025-09-29,2025,40,NW,North West,NW-P6,5,114,82,32,71.9,Green,0
2025-09-29,2025,40,SCO,Scotland,SCO-P1,5,102,114,-12,111.8,Red,0
2025-09-29,2025,40,SCO,Scotland,SCO-P2,5,108,120,-12,111.1,Red,0
2025-09-29,2025,40,SCO,Scotland,SCO-P3,6,132,103,29,78.0,Amber,0
2025-09-29,2025,40,SCO,Scotland,SCO-P4,6,113,92,21,81.4,Amber,0
2025-09-29,2025,40,SE,South East,SE-P1,6,117,86,31,73.5,Green,0
2025-09-29,2025,40,SE,South East,SE-P2,6,93,130,-37,139.8,Red,0
2025-09-29,2025,40,SE,South East,SE-P3,6,97,83,14,85.6,Amber,0
2025-09-29,2025,40,SE,South East,SE-P4,6,98,116,-18,118.4,Red,0
2025-09-29,2025,40,SE,South East,SE-P5,5,114,96,18,84.2,Amber,0
2025-09-29,2025,40,SE,South East,SE-P6,5,92,105,-13,114.1,Red,0
2025-09-29,2025,40,SE,South East,SE-P7,5,99,82,17,82.8,Amber,0
2025-09-29,2025,40,SE,South East,SE-P8,5,125,106,19,84.8,Amber,0
2025-09-29,2025,40,SW,South West,SW-P1,5,88,94,-6,106.8,Red,0
2025-09-29,2025,40,SW,South West,SW-P2,5,91,99,-8,108.8,Red,0
2025-09-29,2025,40,SW,South West,SW-P3,6,117,87,30,74.4,Green,0
2025-09-29,2025,40,SW,South West,SW-P4,4,88,87,1,98.9,Red,0
2025-09-29,2025,40,WAL,Wales,WAL-P1,6,124,107,17,86.3,Amber,0
2025-09-29,2025,40,WAL,Wales,WAL-P2,7,122,105,17,86.1,Amber,0
2025-09-29,2025,40,WAL,Wales,WAL-P3,4,89,83,6,93.3,Red,0
2025-09-29,2025,40,YRK,Yorkshire,YRK-P1,6,121,93,28,76.9,Amber,0
2025-09-29,2025,40,YRK,Yorkshire,YRK-P2,6,130,97,33,74.6,Green,0
2025-09-29,2025,40,YRK,Yorkshire,YRK-P3,6,124,98,26,79.0,Amber,0
2025-09-29,2025,40,YRK,Yorkshire,YRK-P4,5,93,105,-12,112.9,Red,0
2025-09-29,2025,40,YRK,Yorkshire,YRK-P5,5,108,105,3,97.2,Red,0
2025-10-06,2025,41,MID,Midlands,MID-P1,6,103,99,4,96.1,Red,0
2025-10-06,2025,41,MID,Midlands,MID-P2,7,126,92,34,73.0,Green,0
2025-10-06,2025,41,MID,Midlands,MID-P3,7,130,113,17,86.9,Amber,0
2025-10-06,2025,41,MID,Midlands,MID-P4,5,117,112,5,95.7,Red,0
2025-10-06,2025,41,MID,Midlands,MID-P5,5,97,97,0,100.0,Red,0
2025-10-06,2025,41,MID,Midlands,MID-P6,5,100,93,7,93.0,Red,0
2025-10-06,2025,41,MID,Midlands,MID-P7,6,117,110,7,94.0,Red,0
2025-10-06,2025,41,NE,North East,NE-P1,6,110,72,38,65.5,Green,0
2025-10-06,2025,41,NE,North East,NE-P2,5,108,81,27,75.0,Amber,0
2025-10-06,2025,41,NE,North East,NE-P3,5,96,66,30,68.8,Green,0
2025-10-06,2025,41,NE,North East,NE-P4,5,82,99,-17,120.7,Red,0
2025-10-06,2025,41,NE,North East,NE-P5,5,93,95,-2,102.2,Red,0
2025-10-06,2025,41,NW,North West,NW-P1,6,119,98,21,82.4,Amber,0
2025-10-06,2025,41,NW,North West,NW-P2,6,103,87,16,84.5,Amber,0
2025-10-06,2025,41,NW,North West,NW-P3,5,107,102,5,95.3,Red,0
2025-10-06,2025,41,NW,North West,NW-P4,5,114,84,30,73.7,Green,0
2025-10-06,2025,41,NW,North West,NW-P5,5,94,89,5,94.7,Red,0
2025-10-06,2025,41,NW,North West,NW-P6,5,95,98,-3,103.2,Red,0
2025-10-06,2025,41,SCO,Scotland,SCO-P1,7,125,104,21,83.2,Amber,0
2025-10-06,2025,41,SCO,Scotland,SCO-P2,5,116,107,9,92.2,Red,0
2025-10-06,2025,41,SCO,Scotland,SCO-P3,5,117,100,17,85.5,Amber,0
2025-10-06,2025,41,SCO,Scotland,SCO-P4,6,108,96,12,88.9,Amber,0
2025-10-06,2025,41,SE,South East,SE-P1,6,127,91,36,71.7,Green,0
2025-10-06,2025,41,SE,South East,SE-P2,6,90,99,-9,110.0,Red,0
2025-10-06,2025,41,SE,South East,SE-P3,7,120,94,26,78.3,Amber,0
2025-10-06,2025,41,SE,South East,SE-P4,6,95,102,-7,107.4,Red,0
2025-10-06,2025,41,SE,South East,SE-P5,6,122,87,35,71.3,Green,0
2025-10-06,2025,41,SE,South East,SE-P6,6,117,91,26,77.8,Amber,0
2025-10-06,2025,41,SE,South East,SE-P7,5,107,108,-1,100.9,Red,0
2025-10-06,2025,41,SE,South East,SE-P8,5,135,96,39,71.1,Green,0
2025-10-06,2025,41,SW,South West,SW-P1,5,87,81,6,93.1,Red,0
2025-10-06,2025,41,SW,South West,SW-P2,5,94,92,2,97.9,Red,0
2025-10-06,2025,41,SW,South West,SW-P3,5,110,105,5,95.5,Red,0
2025-10-06,2025,41,SW,South West,SW-P4,5,99,90,9,90.9,Red,0
2025-10-06,2025,41,WAL,Wales,WAL-P1,6,112,110,2,98.2,Red,0
2025-10-06,2025,41,WAL,Wales,WAL-P2,6,107,103,4,96.3,Red,0
2025-10-06,2025,41,WAL,Wales,WAL-P3,5,98,88,10,89.8,Amber,0
2025-10-06,2025,41,YRK,Yorkshire,YRK-P1,6,111,99,12,89.2,Amber,0
2025-10-06,2025,41,YRK,Yorkshire,YRK-P2,6,133,104,29,78.2,Amber,0
2025-10-06,2025,41,YRK,Yorkshire,YRK-P3,6,111,101,10,91.0,Red,0
2025-10-06,2025,41,YRK,Yorkshire,YRK-P4,6,110,101,9,91.8,Red,0
2025-10-06,2025,41,YRK,Yorkshire,YRK-P5,5,106,96,10,90.6,Red,0
2025-10-13,2025,42,MID,Midlands,MID-P1,6,99,90,9,90.9,Red,0
2025-10-13,2025,42,MID,Midlands,MID-P2,5,104,102,2,98.1,Red,0
2025-10-13,2025,42,MID,Midlands,MID-P3,5,106,94,12,88.7,Amber,0
2025-10-13,2025,42,MID,Midlands,MID-P4,6,127,93,34,73.2,Green,0
2025-10-13,2025,42,MID,Midlands,MID-P5,4,79,94,-15,119.0,Red,0
2025-10-13,2025,42,MID,Midlands,MID-P6,5,106,107,-1,100.9,Red,0
2025-10-13,2025,42,MID,Midlands,MID-P7,5,99,88,11,88.9,Amber,0
2025-10-13,2025,42,NE,North East,NE-P1,5,104,67,37,64.4,Green,0
2025-10-13,2025,42,NE,North East,NE-P2,6,117,92,25,78.6,Amber,0
2025-10-13,2025,42,NE,North East,NE-P3,5,102,75,27,73.5,Green,0
2025-10-13,2025,42,NE,North East,NE-P4,4,64,88,-24,137.5,Red,0
2025-10-13,2025,42,NE,North East,NE-P5,4,82,87,-5,106.1,Red,0
2025-10-13,2025,42,NW,North West,NW-P1,5,103,95,8,92.2,Red,0
2025-10-13,2025,42,NW,North West,NW-P2,6,122,98,24,80.3,Amber,0
2025-10-13,2025,42,NW,North West,NW-P3,5,98,101,-3,103.1,Red,0
2025-10-13,2025,42,NW,North West,NW-P4,5,118,96,22,81.4,Amber,0
2025-10-13,2025,42,NW,North West,NW-P5,5,86,105,-19,122.1,Red,0
2025-10-13,2025,42,NW,North West,NW-P6,5,106,83,23,78.3,Amber,0
2025-10-13,2025,42,SCO,Scotland,SCO-P1,7,141,103,38,73.0,Green,0
2025-10-13,2025,42,SCO,Scotland,SCO-P2,5,112,95,17,84.8,Amber,0
2025-10-13,2025,42,SCO,Scotland,SCO-P3,5,109,94,15,86.2,Amber,0
2025-10-13,2025,42,SCO,Scotland,SCO-P4,4,83,99,-16,119.3,Red,0
2025-10-13,2025,42,SE,South East,SE-P1,6,124,101,23,81.5,Amber,0
2025-10-13,2025,42,SE,South East,SE-P2,6,94,104,-10,110.6,Red,0
2025-10-13,2025,42,SE,South East,SE-P3,6,110,98,12,89.1,Amber,0
2025-10-13,2025,42,SE,South East,SE-P4,6,103,100,3,97.1,Red,0
2025-10-13,2025,42,SE,South East,SE-P5,6,122,93,29,76.2,Amber,0
2025-10-13,2025,42,SE,South East,SE-P6,5,91,98,-7,107.7,Red,0
2025-10-13,2025,42,SE,South East,SE-P7,4,87,103,-16,118.4,Red,0
2025-10-13,2025,42,SE,South East,SE-P8,5,135,75,60,55.6,Green,0
2025-10-13,2025,42,SW,South West,SW-P1,5,91,91,0,100.0,Red,0
2025-10-13,2025,42,SW,South West,SW-P2,5,96,99,-3,103.1,Red,0
2025-10-13,2025,42,SW,South West,SW-P3,4,85,93,-8,109.4,Red,0
2025-10-13,2025,42,SW,South West,SW-P4,5,103,92,11,89.3,Amber,0
2025-10-13,2025,42,WAL,Wales,WAL-P1,6,121,91,30,75.2,Amber,0
2025-10-13,2025,42,WAL,Wales,WAL-P2,6,117,99,18,84.6,Amber,0
2025-10-13,2025,42,WAL,Wales,WAL-P3,5,107,101,6,94.4,Red,0
2025-10-13,2025,42,YRK,Yorkshire,YRK-P1,5,100,100,0,100.0,Red,0
2025-10-13,2025,42,YRK,Yorkshire,YRK-P2,6,123,103,20,83.7,Amber,0
2025-10-13,2025,42,YRK,Yorkshire,YRK-P3,6,110,102,8,92.7,Red,0
2025-10-13,2025,42,YRK,Yorkshire,YRK-P4,6,106,94,12,88.7,Amber,0
2025-10-13,2025,42,YRK,Yorkshire,YRK-P5,5,114,93,21,81.6,Amber,0
2025-10-20,2025,43,MID,Midlands,MID-P1,7,113,132,-19,116.8,Red,0
2025-10-20,2025,43,MID,Midlands,MID-P2,6,113,91,22,80.5,Amber,0
2025-10-20,2025,43,MID,Midlands,MID-P3,6,124,95,29,76.6,Amber,0
2025-10-20,2025,43,MID,Midlands,MID-P4,6,131,94,37,71.8,Green,0
2025-10-20,2025,43,MID,Midlands,MID-P5,5,88,112,-24,127.3,Red,0
2025-10-20,2025,43,MID,Midlands,MID-P6,6,122,114,8,93.4,Red,0
2025-10-20,2025,43,MID,Midlands,MID-P7,5,102,88,14,86.3,Amber,0
2025-10-20,2025,43,NE,North East,NE-P1,5,94,87,7,92.6,Red,0
2025-10-20,2025,43,NE,North East,NE-P2,5,99,83,16,83.8,Amber,0
2025-10-20,2025,43,NE,North East,NE-P3,5,97,94,3,96.9,Red,0
2025-10-20,2025,43,NE,North East,NE-P4,4,76,93,-17,122.4,Red,0
2025-10-20,2025,43,NE,North East,NE-P5,5,98,79,19,80.6,Amber,0
2025-10-20,2025,43,NW,North West,NW-P1,5,102,113,-11,110.8,Red,0
2025-10-20,2025,43,NW,North West,NW-P2,7,136,87,49,64.0,Green,0
2025-10-20,2025,43,NW,North West,NW-P3,5,100,87,13,87.0,Amber,0
2025-10-20,2025,43,NW,North West,NW-P4,5,111,99,12,89.2,Amber,0
2025-10-20,2025,43,NW,North West,NW-P5,5,90,90,0,100.0,Red,0
2025-10-20,2025,43,NW,North West,NW-P6,5,111,85,26,76.6,Amber,0
2025-10-20,2025,43,SCO,Scotland,SCO-P1,6,118,106,12,89.8,Amber,0
2025-10-20,2025,43,SCO,Scotland,SCO-P2,6,129,81,48,62.8,Green,0
2025-10-20,2025,43,SCO,Scotland,SCO-P3,4,94,95,-1,101.1,Red,0
2025-10-20,2025,43,SCO,Scotland,SCO-P4,5,99,102,-3,103.0,Red,0
2025-10-20,2025,43,SE,South East,SE-P1,6,127,80,47,63.0,Green,0
2025-10-20,2025,43,SE,South East,SE-P2,6,99,100,-1,101.0,Red,0
2025-10-20,2025,43,SE,South East,SE-P3,6,99,108,-9,109.1,Red,0
2025-10-20,2025,43,SE,South East,SE-P4,5,89,117,-28,131.5,Red,0
2025-10-20,2025,43,SE,South East,SE-P5,5,112,97,15,86.6,Amber,0
2025-10-20,2025,43,SE,South East,SE-P6,6,117,98,19,83.8,Amber,0
2025-10-20,2025,43,SE,South East,SE-P7,5,107,101,6,94.4,Red,0
2025-10-20,2025,43,SE,South East,SE-P8,5,115,102,13,88.7,Amber,0
2025-10-20,2025,43,SW,South West,SW-P1,5,89,94,-5,105.6,Red,0
2025-10-20,2025,43,SW,South West,SW-P2,5,92,94,-2,102.2,Red,0
2025-10-20,2025,43,SW,South West,SW-P3,5,107,77,30,72.0,Green,0
2025-10-20,2025,43,SW,South West,SW-P4,5,108,103,5,95.4,Red,0
2025-10-20,2025,43,WAL,Wales,WAL-P1,6,106,85,21,80.2,Amber,0
2025-10-20,2025,43,WAL,Wales,WAL-P2,6,113,114,-1,100.9,Red,0
2025-10-20,2025,43,WAL,Wales,WAL-P3,5,112,97,15,86.6,Amber,0
2025-10-20,2025,43,YRK,Yorkshire,YRK-P1,6,118,109,9,92.4,Red,0
2025-10-20,2025,43,YRK,Yorkshire,YRK-P2,6,131,120,11,91.6,Red,0
2025-10-20,2025,43,YRK,Yorkshire,YRK-P3,7,133,125,8,94.0,Red,0
2025-10-20,2025,43,YRK,Yorkshire,YRK-P4,6,113,89,24,78.8,Amber,0
2025-10-20,2025,43,YRK,Yorkshire,YRK-P5,6,116,109,7,94.0,Red,0
2025-10-27,2025,44,MID,Midlands,MID-P1,8,129,103,26,79.8,Amber,0
2025-10-27,2025,44,MID,Midlands,MID-P2,6,121,109,12,90.1,Red,0
2025-10-27,2025,44,MID,Midlands,MID-P3,7,131,95,36,72.5,Green,0
2025-10-27,2025,44,MID,Midlands,MID-P4,5,107,103,4,96.3,Red,0
2025-10-27,2025,44,MID,Midlands,MID-P5,5,101,110,-9,108.9,Red,0
2025-10-27,2025,44,MID,Midlands,MID-P6,6,117,92,25,78.6,Amber,0
2025-10-27,2025,44,MID,Midlands,MID-P7,6,120,82,38,68.3,Green,0
2025-10-27,2025,44,NE,North East,NE-P1,4,84,69,15,82.1,Amber,0
2025-10-27,2025,44,NE,North East,NE-P2,5,106,84,22,79.2,Amber,0
2025-10-27,2025,44,NE,North East,NE-P3,5,86,88,-2,102.3,Red,0
2025-10-27,2025,44,NE,North East,NE-P4,5,76,89,-13,117.1,Red,0
2025-10-27,2025,44,NE,North East,NE-P5,5,90,84,6,93.3,Red,0
2025-10-27,2025,44,NW,North West,NW-P1,7,124,88,36,71.0,Green,0
2025-10-27,2025,44,NW,North West,NW-P2,6,114,106,8,93.0,Red,0
2025-10-27,2025,44,NW,North West,NW-P3,6,119,100,19,84.0,Amber,0
2025-10-27,2025,44,NW,North West,NW-P4,6,121,85,36,70.2,Green,0
2025-10-27,2025,44,NW,North West,NW-P5,5,92,85,7,92.4,Red,0
2025-10-27,2025,44,NW,North West,NW-P6,5,114,92,22,80.7,Amber,0
2025-10-27,2025,44,SCO,Scotland,SCO-P1,7,133,81,52,60.9,Green,0
2025-10-27,2025,44,SCO,Scotland,SCO-P2,6,137,115,22,83.9,Amber,0
2025-10-27,2025,44,SCO,Scotland,SCO-P3,6,133,101,32,75.9,Amber,0
2025-10-27,2025,44,SCO,Scotland,SCO-P4,5,103,118,-15,114.6,Red,0
2025-10-27,2025,44,SE,South East,SE-P1,5,113,103,10,91.2,Red,0
2025-10-27,2025,44,SE,South East,SE-P2,6,92,83,9,90.2,Red,0
2025-10-27,2025,44,SE,South East,SE-P3,6,104,119,-15,114.4,Red,0
2025-10-27,2025,44,SE,South East,SE-P4,6,92,101,-9,109.8,Red,0
2025-10-27,2025,44,SE,South East,SE-P5,6,125,115,10,92.0,Red,0
2025-10-27,2025,44,SE,South East,SE-P6,5,95,104,-9,109.5,Red,0
2025-10-27,2025,44,SE,South East,SE-P7,5,102,91,11,89.2,Amber,0
2025-10-27,2025,44,SE,South East,SE-P8,5,125,87,38,69.6,Green,0
2025-10-27,2025,44,SW,South West,SW-P1,4,82,85,-3,103.7,Red,0
2025-10-27,2025,44,SW,South West,SW-P2,5,91,79,12,86.8,Amber,0
2025-10-27,2025,44,SW,South West,SW-P3,5,117,89,28,76.1,Amber,0
2025-10-27,2025,44,SW,South West,SW-P4,6,112,99,13,88.4,Amber,0
2025-10-27,2025,44,WAL,Wales,WAL-P1,6,114,91,23,79.8,Amber,0
2025-10-27,2025,44,WAL,Wales,WAL-P2,7,125,93,32,74.4,Green,0
2025-10-27,2025,44,WAL,Wales,WAL-P3,5,115,87,28,75.7,Amber,0
2025-10-27,2025,44,YRK,Yorkshire,YRK-P1,6,126,124,2,98.4,Red,0
2025-10-27,2025,44,YRK,Yorkshire,YRK-P2,7,142,95,47,66.9,Green,0
2025-10-27,2025,44,YRK,Yorkshire,YRK-P3,6,114,103,11,90.4,Red,0
2025-10-27,2025,44,YRK,Yorkshire,YRK-P4,5,93,92,1,98.9,Red,0
2025-10-27,2025,44,YRK,Yorkshire,YRK-P5,6,114,95,19,83.3,Amber,0
2025-11-03,2025,45,MID,Midlands,MID-P1,6,96,84,12,87.5,Amber,0
2025-11-03,2025,45,MID,Midlands,MID-P2,5,98,98,0,100.0,Red,0
2025-11-03,2025,45,MID,Midlands,MID-P3,7,130,102,28,78.5,Amber,0
2025-11-03,2025,45,MID,Midlands,MID-P4,6,129,106,23,82.2,Amber,0
2025-11-03,2025,45,MID,Midlands,MID-P5,5,92,92,0,100.0,Red,0
2025-11-03,2025,45,MID,Midlands,MID-P6,5,99,100,-1,101.0,Red,0
2025-11-03,2025,45,MID,Midlands,MID-P7,5,97,88,9,90.7,Red,0
2025-11-03,2025,45,NE,North East,NE-P1,4,82,73,9,89.0,Amber,0
2025-11-03,2025,45,NE,North East,NE-P2,6,120,93,27,77.5,Amber,0
2025-11-03,2025,45,NE,North East,NE-P3,6,108,72,36,66.7,Green,0
2025-11-03,2025,45,NE,North East,NE-P4,4,74,91,-17,123.0,Red,0
2025-11-03,2025,45,NE,North East,NE-P5,3,67,89,-22,132.8,Red,0
2025-11-03,2025,45,NW,North West,NW-P1,6,115,102,13,88.7,Amber,0
2025-11-03,2025,45,NW,North West,NW-P2,6,112,89,23,79.5,Amber,0
2025-11-03,2025,45,NW,North West,NW-P3,5,110,87,23,79.1,Amber,0
2025-11-03,2025,45,NW,North West,NW-P4,5,117,107,10,91.5,Red,0
2025-11-03,2025,45,NW,North West,NW-P5,5,92,97,-5,105.4,Red,0
2025-11-03,2025,45,NW,North West,NW-P6,5,107,94,13,87.9,Amber,0
2025-11-03,2025,45,SCO,Scotland,SCO-P1,6,125,97,28,77.6,Amber,0
2025-11-03,2025,45,SCO,Scotland,SCO-P2,7,154,111,43,72.1,Green,0
2025-11-03,2025,45,SCO,Scotland,SCO-P3,4,104,104,0,100.0,Red,0
2025-11-03,2025,45,SCO,Scotland,SCO-P4,5,105,96,9,91.4,Red,0
2025-11-03,2025,45,SE,South East,SE-P1,7,138,94,44,68.1,Green,0
2025-11-03,2025,45,SE,South East,SE-P2,7,107,90,17,84.1,Amber,0
2025-11-03,2025,45,SE,South East,SE-P3,6,101,81,20,80.2,Amber,0
2025-11-03,2025,45,SE,South East,SE-P4,6,104,99,5,95.2,Red,0
2025-11-03,2025,45,SE,South East,SE-P5,6,121,106,15,87.6,Amber,0
2025-11-03,2025,45,SE,South East,SE-P6,5,109,83,26,76.1,Amber,0
2025-11-03,2025,45,SE,South East,SE-P7,5,92,123,-31,133.7,Red,0
2025-11-03,2025,45,SE,South East,SE-P8,5,125,99,26,79.2,Amber,0
2025-11-03,2025,45,SW,South West,SW-P1,6,101,92,9,91.1,Red,0
2025-11-03,2025,45,SW,South West,SW-P2,5,105,84,21,80.0,Amber,0
2025-11-03,2025,45,SW,South West,SW-P3,5,113,84,29,74.3,Green,0
2025-11-03,2025,45,SW,South West,SW-P4,6,112,95,17,84.8,Amber,0
2025-11-03,2025,45,WAL,Wales,WAL-P1,6,109,102,7,93.6,Red,0
2025-11-03,2025,45,WAL,Wales,WAL-P2,6,107,97,10,90.7,Red,0
2025-11-03,2025,45,WAL,Wales,WAL-P3,5,106,78,28,73.6,Green,0
2025-11-03,2025,45,YRK,Yorkshire,YRK-P1,7,127,121,6,95.3,Red,0
2025-11-03,2025,45,YRK,Yorkshire,YRK-P2,6,127,120,7,94.5,Red,0
2025-11-03,2025,45,YRK,Yorkshire,YRK-P3,6,122,104,18,85.2,Amber,0
2025-11-03,2025,45,YRK,Yorkshire,YRK-P4,6,98,107,-9,109.2,Red,0
2025-11-03,2025,45,YRK,Yorkshire,YRK-P5,5,97,103,-6,106.2,Red,0
2025-11-10,2025,46,MID,Midlands,MID-P1,7,112,106,6,94.6,Red,0
2025-11-10,2025,46,MID,Midlands,MID-P2,6,120,92,28,76.7,Amber,0
2025-11-10,2025,46,MID,Midlands,MID-P3,6,120,120,0,100.0,Red,0
2025-11-10,2025,46,MID,Midlands,MID-P4,7,150,90,60,60.0,Green,0
2025-11-10,2025,46,MID,Midlands,MID-P5,5,93,79,14,84.9,Amber,0
2025-11-10,2025,46,MID,Midlands,MID-P6,6,117,88,29,75.2,Amber,0
2025-11-10,2025,46,MID,Midlands,MID-P7,6,121,110,11,90.9,Red,0
2025-11-10,2025,46,NE,North East,NE-P1,5,100,88,12,88.0,Amber,0
2025-11-10,2025,46,NE,North East,NE-P2,6,125,69,56,55.2,Green,0
2025-11-10,2025,46,NE,North East,NE-P3,6,112,86,26,76.8,Amber,0
2025-11-10,2025,46,NE,North East,NE-P4,5,83,84,-1,101.2,Red,0
2025-11-10,2025,46,NE,North East,NE-P5,4,80,80,0,100.0,Red,0
2025-11-10,2025,46,NW,North West,NW-P1,7,126,79,47,62.7,Green,0
2025-11-10,2025,46,NW,North West,NW-P2,6,116,117,-1,100.9,Red,0
2025-11-10,2025,46,NW,North West,NW-P3,5,99,97,2,98.0,Red,0
2025-11-10,2025,46,NW,North West,NW-P4,6,122,79,43,64.8,Green,0
2025-11-10,2025,46,NW,North West,NW-P5,5,94,96,-2,102.1,Red,0
2025-11-10,2025,46,NW,North West,NW-P6,5,112,110,2,98.2,Red,0
2025-11-10,2025,46,SCO,Scotland,SCO-P1,7,127,91,36,71.7,Green,0
2025-11-10,2025,46,SCO,Scotland,SCO-P2,7,143,92,51,64.3,Green,0
2025-11-10,2025,46,SCO,Scotland,SCO-P3,6,132,87,45,65.9,Green,0
2025-11-10,2025,46,SCO,Scotland,SCO-P4,6,120,92,28,76.7,Amber,0
2025-11-10,2025,46,SE,South East,SE-P1,6,122,92,30,75.4,Amber,0
2025-11-10,2025,46,SE,South East,SE-P2,7,108,91,17,84.3,Amber,0
2025-11-10,2025,46,SE,South East,SE-P3,5,83,95,-12,114.5,Red,0
2025-11-10,2025,46,SE,South East,SE-P4,6,105,94,11,89.5,Amber,0
2025-11-10,2025,46,SE,South East,SE-P5,5,120,80,40,66.7,Green,0
2025-11-10,2025,46,SE,South East,SE-P6,6,112,93,19,83.0,Amber,0
2025-11-10,2025,46,SE,South East,SE-P7,6,122,98,24,80.3,Amber,0
2025-11-10,2025,46,SE,South East,SE-P8,5,125,91,34,72.8,Green,0
2025-11-10,2025,46,SW,South West,SW-P1,6,104,93,11,89.4,Amber,0
2025-11-10,2025,46,SW,South West,SW-P2,5,95,79,16,83.2,Amber,0
2025-11-10,2025,46,SW,South West,SW-P3,6,119,109,10,91.6,Red,0
2025-11-10,2025,46,SW,South West,SW-P4,5,98,86,12,87.8,Amber,0
2025-11-10,2025,46,WAL,Wales,WAL-P1,7,125,103,22,82.4,Amber,0
2025-11-10,2025,46,WAL,Wales,WAL-P2,7,123,93,30,75.6,Amber,0
2025-11-10,2025,46,WAL,Wales,WAL-P3,6,127,95,32,74.8,Green,0
2025-11-10,2025,46,YRK,Yorkshire,YRK-P1,6,121,92,29,76.0,Amber,0
2025-11-10,2025,46,YRK,Yorkshire,YRK-P2,6,114,96,18,84.2,Amber,0
2025-11-10,2025,46,YRK,Yorkshire,YRK-P3,6,123,122,1,99.2,Red,0
2025-11-10,2025,46,YRK,Yorkshire,YRK-P4,6,107,94,13,87.9,Amber,0
2025-11-10,2025,46,YRK,Yorkshire,YRK-P5,6,124,97,27,78.2,Amber,0
2025-11-17,2025,47,MID,Midlands,MID-P1,6,100,85,15,85.0,Amber,0
2025-11-17,2025,47,MID,Midlands,MID-P2,6,122,94,28,77.0,Amber,0
2025-11-17,2025,47,MID,Midlands,MID-P3,6,111,111,0,100.0,Red,0
2025-11-17,2025,47,MID,Midlands,MID-P4,7,141,90,51,63.8,Green,0
2025-11-17,2025,47,MID,Midlands,MID-P5,5,93,92,1,98.9,Red,0
2025-11-17,2025,47,MID,Midlands,MID-P6,5,104,92,12,88.5,Amber,0
2025-11-17,2025,47,MID,Midlands,MID-P7,5,108,93,15,86.1,Amber,0
2025-11-17,2025,47,NE,North East,NE-P1,4,85,80,5,94.1,Red,0
2025-11-17,2025,47,NE,North East,NE-P2,6,117,66,51,56.4,Green,0
2025-11-17,2025,47,NE,North East,NE-P3,5,104,86,18,82.7,Amber,0
2025-11-17,2025,47,NE,North East,NE-P4,5,79,102,-23,129.1,Red,0
2025-11-17,2025,47,NE,North East,NE-P5,4,71,78,-7,109.9,Red,0
2025-11-17,2025,47,NW,North West,NW-P1,6,117,82,35,70.1,Green,0
2025-11-17,2025,47,NW,North West,NW-P2,6,109,96,13,88.1,Amber,0
2025-11-17,2025,47,NW,North West,NW-P3,5,112,101,11,90.2,Red,0
2025-11-17,2025,47,NW,North West,NW-P4,5,118,117,1,99.2,Red,0
2025-11-17,2025,47,NW,North West,NW-P5,5,96,109,-13,113.5,Red,0
2025-11-17,2025,47,NW,North West,NW-P6,5,106,81,25,76.4,Amber,0
2025-11-17,2025,47,SCO,Scotland,SCO-P1,5,106,82,24,77.4,Amber,0
2025-11-17,2025,47,SCO,Scotland,SCO-P2,6,134,87,47,64.9,Green,0
2025-11-17,2025,47,SCO,Scotland,SCO-P3,5,117,88,29,75.2,Amber,0
2025-11-17,2025,47,SCO,Scotland,SCO-P4,6,114,105,9,92.1,Red,0
2025-11-17,2025,47,SE,South East,SE-P1,6,124,81,43,65.3,Green,0
2025-11-17,2025,47,SE,South East,SE-P2,7,106,90,16,84.9,Amber,0
2025-11-17,2025,47,SE,South East,SE-P3,6,107,93,14,86.9,Amber,0
2025-11-17,2025,47,SE,South East,SE-P4,6,94,104,-10,110.6,Red,0
2025-11-17,2025,47,SE,South East,SE-P5,4,94,97,-3,103.2,Red,0
2025-11-17,2025,47,SE,South East,SE-P6,4,87,97,-10,111.5,Red,0
2025-11-17,2025,47,SE,South East,SE-P7,4,77,95,-18,123.4,Red,0
2025-11-17,2025,47,SE,South East,SE-P8,6,140,93,47,66.4,Green,0
2025-11-17,2025,47,SW,South West,SW-P1,5,83,100,-17,120.5,Red,0
2025-11-17,2025,47,SW,South West,SW-P2,6,102,82,20,80.4,Amber,0
2025-11-17,2025,47,SW,South West,SW-P3,5,114,90,24,78.9,Amber,0
2025-11-17,2025,47,SW,South West,SW-P4,5,99,78,21,78.8,Amber,0
2025-11-17,2025,47,WAL,Wales,WAL-P1,6,102,97,5,95.1,Red,0
2025-11-17,2025,47,WAL,Wales,WAL-P2,6,110,104,6,94.5,Red,0
2025-11-17,2025,47,WAL,Wales,WAL-P3,6,119,91,28,76.5,Amber,0
2025-11-17,2025,47,YRK,Yorkshire,YRK-P1,6,120,99,21,82.5,Amber,0
2025-11-17,2025,47,YRK,Yorkshire,YRK-P2,6,120,84,36,70.0,Green,0
2025-11-17,2025,47,YRK,Yorkshire,YRK-P3,6,113,105,8,92.9,Red,0
2025-11-17,2025,47,YRK,Yorkshire,YRK-P4,6,104,107,-3,102.9,Red,0
2025-11-17,2025,47,YRK,Yorkshire,YRK-P5,5,109,98,11,89.9,Amber,0
2025-11-24,2025,48,MID,Midlands,MID-P1,6,110,90,20,81.8,Amber,0
2025-11-24,2025,48,MID,Midlands,MID-P2,7,136,105,31,77.2,Amber,0
2025-11-24,2025,48,MID,Midlands,MID-P3,6,110,95,15,86.4,Amber,0
2025-11-24,2025,48,MID,Midlands,MID-P4,7,147,103,44,70.1,Green,0
2025-11-24,2025,48,MID,Midlands,MID-P5,5,93,76,17,81.7,Amber,0
2025-11-24,2025,48,MID,Midlands,MID-P6,5,96,99,-3,103.1,Red,0
2025-11-24,2025,48,MID,Midlands,MID-P7,6,124,83,41,66.9,Green,0
2025-11-24,2025,48,NE,North East,NE-P1,4,89,62,27,69.7,Green,0
2025-11-24,2025,48,NE,North East,NE-P2,5,109,73,36,67.0,Green,0
2025-11-24,2025,48,NE,North East,NE-P3,6,119,80,39,67.2,Green,0
2025-11-24,2025,48,NE,North East,NE-P4,3,57,89,-32,156.1,Red,0
2025-11-24,2025,48,NE,North East,NE-P5,4,76,78,-2,102.6,Red,0
2025-11-24,2025,48,NW,North West,NW-P1,6,107,89,18,83.2,Amber,0
2025-11-24,2025,48,NW,North West,NW-P2,6,119,94,25,79.0,Amber,0
2025-11-24,2025,48,NW,North West,NW-P3,6,114,82,32,71.9,Green,0
2025-11-24,2025,48,NW,North West,NW-P4,5,119,91,28,76.5,Amber,0
2025-11-24,2025,48,NW,North West,NW-P5,5,86,82,4,95.3,Red,0
2025-11-24,2025,48,NW,North West,NW-P6,6,117,79,38,67.5,Green,0
2025-11-24,2025,48,SCO,Scotland,SCO-P1,6,115,91,24,79.1,Amber,0
2025-11-24,2025,48,SCO,Scotland,SCO-P2,7,142,85,57,59.9,Green,0
2025-11-24,2025,48,SCO,Scotland,SCO-P3,5,112,97,15,86.6,Amber,0
2025-11-24,2025,48,SCO,Scotland,SCO-P4,4,80,100,-20,125.0,Red,0
2025-11-24,2025,48,SE,South East,SE-P1,6,132,101,31,76.5,Amber,0
2025-11-24,2025,48,SE,South East,SE-P2,5,86,92,-6,107.0,Red,0
2025-11-24,2025,48,SE,South East,SE-P3,6,104,87,17,83.7,Amber,0
2025-11-24,2025,48,SE,South East,SE-P4,6,91,88,3,96.7,Red,0
2025-11-24,2025,48,SE,South East,SE-P5,5,110,108,2,98.2,Red,0
2025-11-24,2025,48,SE,South East,SE-P6,5,107,85,22,79.4,Amber,0
2025-11-24,2025,48,SE,South East,SE-P7,4,87,99,-12,113.8,Red,0
2025-11-24,2025,48,SE,South East,SE-P8,5,120,94,26,78.3,Amber,0
2025-11-24,2025,48,SW,South West,SW-P1,5,100,84,16,84.0,Amber,0
2025-11-24,2025,48,SW,South West,SW-P2,5,93,83,10,89.2,Amber,0
2025-11-24,2025,48,SW,South West,SW-P3,5,95,84,11,88.4,Amber,0
2025-11-24,2025,48,SW,South West,SW-P4,5,97,88,9,90.7,Red,0
2025-11-24,2025,48,WAL,Wales,WAL-P1,6,120,88,32,73.3,Green,0
2025-11-24,2025,48,WAL,Wales,WAL-P2,6,103,101,2,98.1,Red,0
2025-11-24,2025,48,WAL,Wales,WAL-P3,5,114,89,25,78.1,Amber,0
2025-11-24,2025,48,YRK,Yorkshire,YRK-P1,6,109,105,4,96.3,Red,0
2025-11-24,2025,48,YRK,Yorkshire,YRK-P2,5,112,109,3,97.3,Red,0
2025-11-24,2025,48,YRK,Yorkshire,YRK-P3,6,116,106,10,91.4,Red,0
2025-11-24,2025,48,YRK,Yorkshire,YRK-P4,7,120,97,23,80.8,Amber,0
2025-11-24,2025,48,YRK,Yorkshire,YRK-P5,6,125,89,36,71.2,Green,0
2025-12-01,2025,49,MID,Midlands,MID-P1,6,107,88,19,82.2,Amber,0
2025-12-01,2025,49,MID,Midlands,MID-P2,7,125,102,23,81.6,Amber,0
2025-12-01,2025,49,MID,Midlands,MID-P3,7,125,78,47,62.4,Green,0
2025-12-01,2025,49,MID,Midlands,MID-P4,6,130,105,25,80.8,Amber,0
2025-12-01,2025,49,MID,Midlands,MID-P5,5,91,94,-3,103.3,Red,0
2025-12-01,2025,49,MID,Midlands,MID-P6,5,91,82,9,90.1,Red,0
2025-12-01,2025,49,MID,Midlands,MID-P7,6,118,98,20,83.1,Amber,0
2025-12-01,2025,49,NE,North East,NE-P1,6,114,81,33,71.1,Green,0
2025-12-01,2025,49,NE,North East,NE-P2,5,107,79,28,73.8,Green,0
2025-12-01,2025,49,NE,North East,NE-P3,5,97,80,17,82.5,Amber,0
2025-12-01,2025,49,NE,North East,NE-P4,5,78,66,12,84.6,Amber,0
2025-12-01,2025,49,NE,North East,NE-P5,4,84,73,11,86.9,Amber,0
2025-12-01,2025,49,NW,North West,NW-P1,7,125,81,44,64.8,Green,0
2025-12-01,2025,49,NW,North West,NW-P2,6,117,83,34,70.9,Green,0
2025-12-01,2025,49,NW,North West,NW-P3,5,100,91,9,91.0,Red,0
2025-12-01,2025,49,NW,North West,NW-P4,5,108,86,22,79.6,Amber,0
2025-12-01,2025,49,NW,North West,NW-P5,5,94,77,17,81.9,Amber,0
2025-12-01,2025,49,NW,North West,NW-P6,5,105,88,17,83.8,Amber,0
2025-12-01,2025,49,SCO,Scotland,SCO-P1,7,128,84,44,65.6,Green,0
2025-12-01,2025,49,SCO,Scotland,SCO-P2,6,138,108,30,78.3,Amber,0
2025-12-01,2025,49,SCO,Scotland,SCO-P3,5,122,82,40,67.2,Green,0
2025-12-01,2025,49,SCO,Scotland,SCO-P4,5,105,92,13,87.6,Amber,0
2025-12-01,2025,49,SE,South East,SE-P1,6,128,96,32,75.0,Amber,0
2025-12-01,2025,49,SE,South East,SE-P2,6,101,66,35,65.3,Green,0
2025-12-01,2025,49,SE,South East,SE-P3,6,106,82,24,77.4,Amber,0
2025-12-01,2025,49,SE,South East,SE-P4,6,94,97,-3,103.2,Red,0
2025-12-01,2025,49,SE,South East,SE-P5,6,124,88,36,71.0,Green,0
2025-12-01,2025,49,SE,South East,SE-P6,5,94,112,-18,119.1,Red,0
2025-12-01,2025,49,SE,South East,SE-P7,6,117,89,28,76.1,Amber,0
2025-12-01,2025,49,SE,South East,SE-P8,6,155,92,63,59.4,Green,0
2025-12-01,2025,49,SW,South West,SW-P1,6,113,75,38,66.4,Green,0
2025-12-01,2025,49,SW,South West,SW-P2,5,91,74,17,81.3,Amber,0
2025-12-01,2025,49,SW,South West,SW-P3,6,118,80,38,67.8,Green,0
2025-12-01,2025,49,SW,South West,SW-P4,5,97,88,9,90.7,Red,0
2025-12-01,2025,49,WAL,Wales,WAL-P1,7,129,101,28,78.3,Amber,0
2025-12-01,2025,49,WAL,Wales,WAL-P2,5,101,94,7,93.1,Red,0
2025-12-01,2025,49,WAL,Wales,WAL-P3,6,121,98,23,81.0,Amber,0
2025-12-01,2025,49,YRK,Yorkshire,YRK-P1,6,121,110,11,90.9,Red,0
2025-12-01,2025,49,YRK,Yorkshire,YRK-P2,5,102,86,16,84.3,Amber,0
2025-12-01,2025,49,YRK,Yorkshire,YRK-P3,6,107,84,23,78.5,Amber,0
2025-12-01,2025,49,YRK,Yorkshire,YRK-P4,6,105,98,7,93.3,Red,0
2025-12-01,2025,49,YRK,Yorkshire,YRK-P5,5,102,89,13,87.3,Amber,0
2025-12-08,2025,50,MID,Midlands,MID-P1,6,110,90,20,81.8,Amber,0
2025-12-08,2025,50,MID,Midlands,MID-P2,7,126,89,37,70.6,Green,0
2025-12-08,2025,50,MID,Midlands,MID-P3,7,127,108,19,85.0,Amber,0
2025-12-08,2025,50,MID,Midlands,MID-P4,6,123,92,31,74.8,Green,0
2025-12-08,2025,50,MID,Midlands,MID-P5,5,99,102,-3,103.0,Red,0
2025-12-08,2025,50,MID,Midlands,MID-P6,5,103,92,11,89.3,Amber,0
2025-12-08,2025,50,MID,Midlands,MID-P7,5,116,100,16,86.2,Amber,0
2025-12-08,2025,50,NE,North East,NE-P1,4,86,68,18,79.1,Amber,0
2025-12-08,2025,50,NE,North East,NE-P2,5,95,79,16,83.2,Amber,0
2025-12-08,2025,50,NE,North East,NE-P3,6,107,85,22,79.4,Amber,0
2025-12-08,2025,50,NE,North East,NE-P4,4,72,90,-18,125.0,Red,0
2025-12-08,2025,50,NE,North East,NE-P5,4,82,68,14,82.9,Amber,0
2025-12-08,2025,50,NW,North West,NW-P1,7,137,88,49,64.2,Green,0
2025-12-08,2025,50,NW,North West,NW-P2,6,116,88,28,75.9,Amber,0
2025-12-08,2025,50,NW,North West,NW-P3,5,103,92,11,89.3,Amber,0
2025-12-08,2025,50,NW,North West,NW-P4,6,120,91,29,75.8,Amber,0
2025-12-08,2025,50,NW,North West,NW-P5,4,79,72,7,91.1,Red,0
2025-12-08,2025,50,NW,North West,NW-P6,5,106,88,18,83.0,Amber,0
2025-12-08,2025,50,SCO,Scotland,SCO-P1,6,124,92,32,74.2,Green,0
2025-12-08,2025,50,SCO,Scotland,SCO-P2,6,127,90,37,70.9,Green,0
2025-12-08,2025,50,SCO,Scotland,SCO-P3,6,135,80,55,59.3,Green,0
2025-12-08,2025,50,SCO,Scotland,SCO-P4,6,106,87,19,82.1,Amber,0
2025-12-08,2025,50,SE,South East,SE-P1,7,150,87,63,58.0,Green,0
2025-12-08,2025,50,SE,South East,SE-P2,6,103,101,2,98.1,Red,0
2025-12-08,2025,50,SE,South East,SE-P3,6,108,95,13,88.0,Amber,0
2025-12-08,2025,50,SE,South East,SE-P4,6,101,94,7,93.1,Red,0
2025-12-08,2025,50,SE,South East,SE-P5,5,109,91,18,83.5,Amber,0
2025-12-08,2025,50,SE,South East,SE-P6,5,108,84,24,77.8,Amber,0
2025-12-08,2025,50,SE,South East,SE-P7,6,124,88,36,71.0,Green,0
2025-12-08,2025,50,SE,South East,SE-P8,5,135,91,44,67.4,Green,0
2025-12-08,2025,50,SW,South West,SW-P1,5,95,83,12,87.4,Amber,0
2025-12-08,2025,50,SW,South West,SW-P2,5,93,90,3,96.8,Red,0
2025-12-08,2025,50,SW,South West,SW-P3,5,113,81,32,71.7,Green,0
2025-12-08,2025,50,SW,South West,SW-P4,5,105,89,16,84.8,Amber,0
2025-12-08,2025,50,WAL,Wales,WAL-P1,6,124,98,26,79.0,Amber,0
2025-12-08,2025,50,WAL,Wales,WAL-P2,7,122,84,38,68.9,Green,0
2025-12-08,2025,50,WAL,Wales,WAL-P3,5,111,89,22,80.2,Amber,0
2025-12-08,2025,50,YRK,Yorkshire,YRK-P1,5,103,102,1,99.0,Red,0
2025-12-08,2025,50,YRK,Yorkshire,YRK-P2,6,121,98,23,81.0,Amber,0
2025-12-08,2025,50,YRK,Yorkshire,YRK-P3,7,142,92,50,64.8,Green,0
2025-12-08,2025,50,YRK,Yorkshire,YRK-P4,6,104,105,-1,101.0,Red,0
2025-12-08,2025,50,YRK,Yorkshire,YRK-P5,4,86,84,2,97.7,Red,0
2025-12-15,2025,51,MID,Midlands,MID-P1,6,109,88,21,80.7,Amber,0
2025-12-15,2025,51,MID,Midlands,MID-P2,6,115,99,16,86.1,Amber,0
2025-12-15,2025,51,MID,Midlands,MID-P3,7,125,85,40,68.0,Green,0
2025-12-15,2025,51,MID,Midlands,MID-P4,6,135,97,38,71.9,Green,0
2025-12-15,2025,51,MID,Midlands,MID-P5,5,96,80,16,83.3,Amber,0
2025-12-15,2025,51,MID,Midlands,MID-P6,6,116,95,21,81.9,Amber,0
2025-12-15,2025,51,MID,Midlands,MID-P7,5,108,86,22,79.6,Amber,0
2025-12-15,2025,51,NE,North East,NE-P1,5,89,79,10,88.8,Amber,0
2025-12-15,2025,51,NE,North East,NE-P2,5,115,74,41,64.3,Green,0
2025-12-15,2025,51,NE,North East,NE-P3,6,119,69,50,58.0,Green,0
2025-12-15,2025,51,NE,North East,NE-P4,5,79,76,3,96.2,Red,0
2025-12-15,2025,51,NE,North East,NE-P5,4,74,73,1,98.6,Red,0
2025-12-15,2025,51,NW,North West,NW-P1,7,126,77,49,61.1,Green,0
2025-12-15,2025,51,NW,North West,NW-P2,6,119,87,32,73.1,Green,0
2025-12-15,2025,51,NW,North West,NW-P3,5,99,72,27,72.7,Green,0
2025-12-15,2025,51,NW,North West,NW-P4,6,121,99,22,81.8,Amber,0
2025-12-15,2025,51,NW,North West,NW-P5,5,82,76,6,92.7,Red,0
2025-12-15,2025,51,NW,North West,NW-P6,6,117,88,29,75.2,Amber,0
2025-12-15,2025,51,SCO,Scotland,SCO-P1,7,129,94,35,72.9,Green,0
2025-12-15,2025,51,SCO,Scotland,SCO-P2,6,137,102,35,74.5,Green,0
2025-12-15,2025,51,SCO,Scotland,SCO-P3,5,118,93,25,78.8,Amber,0
2025-12-15,2025,51,SCO,Scotland,SCO-P4,5,103,81,22,78.6,Amber,0
2025-12-15,2025,51,SE,South East,SE-P1,6,122,89,33,73.0,Green,0
2025-12-15,2025,51,SE,South East,SE-P2,6,103,106,-3,102.9,Red,0
2025-12-15,2025,51,SE,South East,SE-P3,6,111,80,31,72.1,Green,0
2025-12-15,2025,51,SE,South East,SE-P4,6,105,97,8,92.4,Red,0
2025-12-15,2025,51,SE,South East,SE-P5,5,114,94,20,82.5,Amber,0
2025-12-15,2025,51,SE,South East,SE-P6,6,112,85,27,75.9,Amber,0
2025-12-15,2025,51,SE,South East,SE-P7,4,91,82,9,90.1,Red,0
2025-12-15,2025,51,SE,South East,SE-P8,5,120,89,31,74.2,Green,0
2025-12-15,2025,51,SW,South West,SW-P1,4,79,73,6,92.4,Red,0
2025-12-15,2025,51,SW,South West,SW-P2,5,94,83,11,88.3,Amber,0
2025-12-15,2025,51,SW,South West,SW-P3,5,105,90,15,85.7,Amber,0
2025-12-15,2025,51,SW,South West,SW-P4,6,116,96,20,82.8,Amber,0
2025-12-15,2025,51,WAL,Wales,WAL-P1,7,136,91,45,66.9,Green,0
2025-12-15,2025,51,WAL,Wales,WAL-P2,6,114,83,31,72.8,Green,0
2025-12-15,2025,51,WAL,Wales,WAL-P3,5,109,97,12,89.0,Amber,0
2025-12-15,2025,51,YRK,Yorkshire,YRK-P1,6,104,84,20,80.8,Amber,0
2025-12-15,2025,51,YRK,Yorkshire,YRK-P2,6,128,106,22,82.8,Amber,0
2025-12-15,2025,51,YRK,Yorkshire,YRK-P3,6,107,89,18,83.2,Amber,0
2025-12-15,2025,51,YRK,Yorkshire,YRK-P4,7,117,107,10,91.5,Red,0
2025-12-15,2025,51,YRK,Yorkshire,YRK-P5,5,112,84,28,75.0,Amber,0
2025-12-22,2025,52,MID,Midlands,MID-P1,7,112,98,14,87.5,Amber,0
2025-12-22,2025,52,MID,Midlands,MID-P2,6,117,98,19,83.8,Amber,0
2025-12-22,2025,52,MID,Midlands,MID-P3,5,94,89,5,94.7,Red,0
2025-12-22,2025,52,MID,Midlands,MID-P4,5,116,92,24,79.3,Amber,0
2025-12-22,2025,52,MID,Midlands,MID-P5,5,89,92,-3,103.4,Red,0
2025-12-22,2025,52,MID,Midlands,MID-P6,5,102,87,15,85.3,Amber,0
2025-12-22,2025,52,MID,Midlands,MID-P7,5,113,87,26,77.0,Amber,0
2025-12-22,2025,52,NE,North East,NE-P1,6,114,79,35,69.3,Green,0
2025-12-22,2025,52,NE,North East,NE-P2,6,114,60,54,52.6,Green,0
2025-12-22,2025,52,NE,North East,NE-P3,5,86,70,16,81.4,Amber,0
2025-12-22,2025,52,NE,North East,NE-P4,4,76,88,-12,115.8,Red,0
2025-12-22,2025,52,NE,North East,NE-P5,5,93,75,18,80.6,Amber,0
2025-12-22,2025,52,NW,North West,NW-P1,7,125,98,27,78.4,Amber,0
2025-12-22,2025,52,NW,North West,NW-P2,7,131,73,58,55.7,Green,0
2025-12-22,2025,52,NW,North West,NW-P3,6,116,77,39,66.4,Green,0
2025-12-22,2025,52,NW,North West,NW-P4,5,114,66,48,57.9,Green,0
2025-12-22,2025,52,NW,North West,NW-P5,6,114,85,29,74.6,Green,0
2025-12-22,2025,52,NW,North West,NW-P6,6,120,83,37,69.2,Green,0
2025-12-22,2025,52,SCO,Scotland,SCO-P1,6,115,100,15,87.0,Amber,0
2025-12-22,2025,52,SCO,Scotland,SCO-P2,6,125,69,56,55.2,Green,0
2025-12-22,2025,52,SCO,Scotland,SCO-P3,6,142,98,44,69.0,Green,0
2025-12-22,2025,52,SCO,Scotland,SCO-P4,6,109,83,26,76.1,Amber,0
2025-12-22,2025,52,SE,South East,SE-P1,6,133,86,47,64.7,Green,0
2025-12-22,2025,52,SE,South East,SE-P2,6,101,82,19,81.2,Amber,0
2025-12-22,2025,52,SE,South East,SE-P3,7,114,85,29,74.6,Green,0
2025-12-22,2025,52,SE,South East,SE-P4,6,103,90,13,87.4,Amber,0
2025-12-22,2025,52,SE,South East,SE-P5,5,99,86,13,86.9,Amber,0
2025-12-22,2025,52,SE,South East,SE-P6,6,117,87,30,74.4,Green,0
2025-12-22,2025,52,SE,South East,SE-P7,6,117,80,37,68.4,Green,0
2025-12-22,2025,52,SE,South East,SE-P8,5,120,95,25,79.2,Amber,0
2025-12-22,2025,52,SW,South West,SW-P1,6,107,83,24,77.6,Amber,0
2025-12-22,2025,52,SW,South West,SW-P2,6,100,87,13,87.0,Amber,0
2025-12-22,2025,52,SW,South West,SW-P3,5,109,77,32,70.6,Green,0
2025-12-22,2025,52,SW,South West,SW-P4,5,108,88,20,81.5,Amber,0
2025-12-22,2025,52,WAL,Wales,WAL-P1,5,105,87,18,82.9,Amber,0
2025-12-22,2025,52,WAL,Wales,WAL-P2,6,113,79,34,69.9,Green,0
2025-12-22,2025,52,WAL,Wales,WAL-P3,4,94,109,-15,116.0,Red,0
2025-12-22,2025,52,YRK,Yorkshire,YRK-P1,5,98,85,13,86.7,Amber,0
2025-12-22,2025,52,YRK,Yorkshire,YRK-P2,5,108,82,26,75.9,Amber,0
2025-12-22,2025,52,YRK,Yorkshire,YRK-P3,6,115,90,25,78.3,Amber,0
2025-12-22,2025,52,YRK,Yorkshire,YRK-P4,6,106,92,14,86.8,Amber,0
2025-12-22,2025,52,YRK,Yorkshire,YRK-P5,5,113,81,32,71.7,Green,0
2025-12-29,2025,1,MID,Midlands,MID-P1,6,113,49,64,43.4,Green,0
2025-12-29,2025,1,MID,Midlands,MID-P2,6,121,37,84,30.6,Green,0
2025-12-29,2025,1,MID,Midlands,MID-P3,6,118,56,62,47.5,Green,0
2025-12-29,2025,1,MID,Midlands,MID-P4,7,147,45,102,30.6,Green,0
2025-12-29,2025,1,MID,Midlands,MID-P5,6,119,52,67,43.7,Green,0
2025-12-29,2025,1,MID,Midlands,MID-P6,6,129,51,78,39.5,Green,0
2025-12-29,2025,1,MID,Midlands,MID-P7,6,132,56,76,42.4,Green,0
2025-12-29,2025,1,NE,North East,NE-P1,6,115,36,79,31.3,Green,0
2025-12-29,2025,1,NE,North East,NE-P2,6,121,40,81,33.1,Green,0
2025-12-29,2025,1,NE,North East,NE-P3,6,111,34,77,30.6,Green,0
2025-12-29,2025,1,NE,North East,NE-P4,4,82,37,45,45.1,Green,0
2025-12-29,2025,1,NE,North East,NE-P5,6,116,54,62,46.6,Green,0
2025-12-29,2025,1,NW,North West,NW-P1,7,141,43,98,30.5,Green,0
2025-12-29,2025,1,NW,North West,NW-P2,7,126,51,75,40.5,Green,0
2025-12-29,2025,1,NW,North West,NW-P3,6,128,47,81,36.7,Green,0
2025-12-29,2025,1,NW,North West,NW-P4,6,131,47,84,35.9,Green,0
2025-12-29,2025,1,NW,North West,NW-P5,6,118,38,80,32.2,Green,0
2025-12-29,2025,1,NW,North West,NW-P6,6,122,42,80,34.4,Green,0
2025-12-29,2025,1,SCO,Scotland,SCO-P1,8,161,37,124,23.0,Green,0
2025-12-29,2025,1,SCO,Scotland,SCO-P2,8,161,40,121,24.8,Green,0
2025-12-29,2025,1,SCO,Scotland,SCO-P3,7,153,49,104,32.0,Green,0
2025-12-29,2025,1,SCO,Scotland,SCO-P4,7,129,49,80,38.0,Green,0
2025-12-29,2025,1,SE,South East,SE-P1,7,141,53,88,37.6,Green,0
2025-12-29,2025,1,SE,South East,SE-P2,7,124,55,69,44.4,Green,0
2025-12-29,2025,1,SE,South East,SE-P3,7,124,56,68,45.2,Green,0
2025-12-29,2025,1,SE,South East,SE-P4,6,114,35,79,30.7,Green,0
2025-12-29,2025,1,SE,South East,SE-P5,6,123,46,77,37.4,Green,0
2025-12-29,2025,1,SE,South East,SE-P6,6,120,38,82,31.7,Green,0
2025-12-29,2025,1,SE,South East,SE-P7,6,133,40,93,30.1,Green,0
2025-12-29,2025,1,SE,South East,SE-P8,6,127,44,83,34.6,Green,0
2025-12-29,2025,1,SW,South West,SW-P1,6,113,35,78,31.0,Green,0
2025-12-29,2025,1,SW,South West,SW-P2,6,106,52,54,49.1,Green,0
2025-12-29,2025,1,SW,South West,SW-P3,6,116,36,80,31.0,Green,0
2025-12-29,2025,1,SW,South West,SW-P4,6,112,49,63,43.8,Green,0
2025-12-29,2025,1,WAL,Wales,WAL-P1,7,128,39,89,30.5,Green,0
2025-12-29,2025,1,WAL,Wales,WAL-P2,6,123,46,77,37.4,Green,0
2025-12-29,2025,1,WAL,Wales,WAL-P3,6,132,56,76,42.4,Green,0
2025-12-29,2025,1,YRK,Yorkshire,YRK-P1,6,123,52,71,42.3,Green,0
2025-12-29,2025,1,YRK,Yorkshire,YRK-P2,7,135,48,87,35.6,Green,0
2025-12-29,2025,1,YRK,Yorkshire,YRK-P3,6,123,46,77,37.4,Green,0
2025-12-29,2025,1,YRK,Yorkshire,YRK-P4,7,129,49,80,38.0,Green,0
2025-12-29,2025,1,YRK,Yorkshire,YRK-P5,6,133,42,91,31.6,Green,0
2025-12-29,2026,1,MID,Midlands,MID-P1,1,24,49,-25,204.2,Red,1
2025-12-29,2026,1,MID,Midlands,MID-P2,1,24,33,-9,137.5,Red,1
2025-12-29,2026,1,MID,Midlands,MID-P3,1,24,42,-18,175.0,Red,1
2025-12-29,2026,1,MID,Midlands,MID-P4,1,20,27,-7,135.0,Red,1
2025-12-29,2026,1,MID,Midlands,MID-P5,1,20,44,-24,220.0,Red,1
2025-12-29,2026,1,MID,Midlands,MID-P6,1,20,53,-33,265.0,Red,1
2025-12-29,2026,1,MID,Midlands,MID-P7,1,20,42,-22,210.0,Red,1
2025-12-29,2026,1,NE,North East,NE-P1,1,21,32,-11,152.4,Red,1
2025-12-29,2026,1,NE,North East,NE-P2,1,21,32,-11,152.4,Red,1
2025-12-29,2026,1,NE,North East,NE-P3,1,21,33,-12,157.1,Red,1
2025-12-29,2026,1,NE,North East,NE-P4,1,15,38,-23,253.3,Red,1
2025-12-29,2026,1,NE,North East,NE-P5,1,15,39,-24,260.0,Red,1
2025-12-29,2026,1,NW,North West,NW-P1,1,23,52,-29,226.1,Red,1
2025-12-29,2026,1,NW,North West,NW-P2,1,23,33,-10,143.5,Red,1
2025-12-29,2026,1,NW,North West,NW-P3,1,21,49,-28,233.3,Red,1
2025-12-29,2026,1,NW,North West,NW-P4,1,16,28,-12,175.0,Red,1
2025-12-29,2026,1,NW,North West,NW-P5,1,16,34,-18,212.5,Red,1
2025-12-29,2026,1,NW,North West,NW-P6,1,20,34,-14,170.0,Red,1
2025-12-29,2026,1,SCO,Scotland,SCO-P1,0,120,45,75,37.5,Green,1
2025-12-29,2026,1,SCO,Scotland,SCO-P2,0,120,40,80,33.3,Green,1
2025-12-29,2026,1,SCO,Scotland,SCO-P3,0,120,40,80,33.3,Green,1
2025-12-29,2026,1,SCO,Scotland,SCO-P4,0,120,47,73,39.2,Green,1
2025-12-29,2026,1,SE,South East,SE-P1,1,21,56,-35,266.7,Red,1
2025-12-29,2026,1,SE,South East,SE-P2,1,23,54,-31,234.8,Red,1
2025-12-29,2026,1,SE,South East,SE-P3,1,22,38,-16,172.7,Red,1
2025-12-29,2026,1,SE,South East,SE-P4,1,18,29,-11,161.1,Red,1
2025-12-29,2026,1,SE,South East,SE-P5,1,20,36,-16,180.0,Red,1
2025-12-29,2026,1,SE,South East,SE-P6,1,20,28,-8,140.0,Red,1
2025-12-29,2026,1,SE,South East,SE-P7,1,21,41,-20,195.2,Red,1
2025-12-29,2026,1,SE,South East,SE-P8,1,21,50,-29,238.1,Red,1
2025-12-29,2026,1,SW,South West,SW-P1,1,19,43,-24,226.3,Red,1
2025-12-29,2026,1,SW,South West,SW-P2,1,17,36,-19,211.8,Red,1
2025-12-29,2026,1,SW,South West,SW-P3,1,20,38,-18,190.0,Red,1
2025-12-29,2026,1,SW,South West,SW-P4,1,17,39,-22,229.4,Red,1
2025-12-29,2026,1,WAL,Wales,WAL-P1,1,25,49,-24,196.0,Red,1
2025-12-29,2026,1,WAL,Wales,WAL-P2,1,15,41,-26,273.3,Red,1
2025-12-29,2026,1,WAL,Wales,WAL-P3,1,19,33,-14,173.7,Red,1
2025-12-29,2026,1,YRK,Yorkshire,YRK-P1,1,24,50,-26,208.3,Red,1
2025-12-29,2026,1,YRK,Yorkshire,YRK-P2,1,20,51,-31,255.0,Red,1
2025-12-29,2026,1,YRK,Yorkshire,YRK-P3,1,20,36,-16,180.0,Red,1
2025-12-29,2026,1,YRK,Yorkshire,YRK-P4,1,24,53,-29,220.8,Red,1
2025-12-29,2026,1,YRK,Yorkshire,YRK-P5,1,24,33,-9,137.5,Red,1
2026-01-05,2026,2,MID,Midlands,MID-P1,9,173,86,87,49.7,Green,1
2026-01-05,2026,2,MID,Midlands,MID-P2,9,169,77,92,45.6,Green,1
2026-01-05,2026,2,MID,Midlands,MID-P3,9,174,84,90,48.3,Green,1
2026-01-05,2026,2,MID,Midlands,MID-P4,9,185,84,101,45.4,Green,1
2026-01-05,2026,2,MID,Midlands,MID-P5,9,170,102,68,60.0,Green,1
2026-01-05,2026,2,MID,Midlands,MID-P6,9,176,82,94,46.6,Green,1
2026-01-05,2026,2,MID,Midlands,MID-P7,9,177,87,90,49.2,Green,1
2026-01-05,2026,2,NE,North East,NE-P1,8,162,71,91,43.8,Green,1
2026-01-05,2026,2,NE,North East,NE-P2,8,166,83,83,50.0,Green,1
2026-01-05,2026,2,NE,North East,NE-P3,8,151,66,85,43.7,Green,1
2026-01-05,2026,2,NE,North East,NE-P4,8,144,74,70,51.4,Green,1
2026-01-05,2026,2,NE,North East,NE-P5,8,154,85,69,55.2,Green,1
2026-01-05,2026,2,NW,North West,NW-P1,10,195,87,108,44.6,Green,1
2026-01-05,2026,2,NW,North West,NW-P2,10,193,83,110,43.0,Green,1
2026-01-05,2026,2,NW,North West,NW-P3,9,187,91,96,48.7,Green,1
2026-01-05,2026,2,NW,North West,NW-P4,9,191,108,83,56.5,Green,1
2026-01-05,2026,2,NW,North West,NW-P5,9,181,98,83,54.1,Green,1
2026-01-05,2026,2,NW,North West,NW-P6,10,195,84,111,43.1,Green,1
2026-01-05,2026,2,SCO,Scotland,SCO-P1,9,175,97,78,55.4,Green,1
2026-01-05,2026,2,SCO,Scotland,SCO-P2,9,186,70,116,37.6,Green,1
2026-01-05,2026,2,SCO,Scotland,SCO-P3,9,191,99,92,51.8,Green,1
2026-01-05,2026,2,SCO,Scotland,SCO-P4,9,170,92,78,54.1,Green,1
2026-01-05,2026,2,SE,South East,SE-P1,9,188,74,114,39.4,Green,1
2026-01-05,2026,2,SE,South East,SE-P2,9,173,104,69,60.1,Green,1
2026-01-05,2026,2,SE,South East,SE-P3,9,177,89,88,50.3,Green,1
2026-01-05,2026,2,SE,South East,SE-P4,10,179,82,97,45.8,Green,1
2026-01-05,2026,2,SE,South East,SE-P5,10,196,92,104,46.9,Green,1
2026-01-05,2026,2,SE,South East,SE-P6,9,176,75,101,42.6,Green,1
2026-01-05,2026,2,SE,South East,SE-P7,9,173,88,85,50.9,Green,1
2026-01-05,2026,2,SE,South East,SE-P8,8,183,113,70,61.7,Green,1
2026-01-05,2026,2,SW,South West,SW-P1,9,165,84,81,50.9,Green,1
2026-01-05,2026,2,SW,South West,SW-P2,8,165,76,89,46.1,Green,1
2026-01-05,2026,2,SW,South West,SW-P3,8,165,86,79,52.1,Green,1
2026-01-05,2026,2,SW,South West,SW-P4,8,157,79,78,50.3,Green,1
2026-01-05,2026,2,WAL,Wales,WAL-P1,9,171,87,84,50.9,Green,1
2026-01-05,2026,2,WAL,Wales,WAL-P2,8,159,91,68,57.2,Green,1
2026-01-05,2026,2,WAL,Wales,WAL-P3,8,165,72,93,43.6,Green,1
2026-01-05,2026,2,YRK,Yorkshire,YRK-P1,9,181,80,101,44.2,Green,1
2026-01-05,2026,2,YRK,Yorkshire,YRK-P2,9,173,110,63,63.6,Green,1
2026-01-05,2026,2,YRK,Yorkshire,YRK-P3,9,169,76,93,45.0,Green,1
2026-01-05,2026,2,YRK,Yorkshire,YRK-P4,8,159,90,69,56.6,Green,1
2026-01-05,2026,2,YRK,Yorkshire,YRK-P5,9,172,99,73,57.6,Green,1
2026-01-12,2026,3,MID,Midlands,MID-P1,9,174,87,87,50.0,Green,1
2026-01-12,2026,3,MID,Midlands,MID-P2,8,159,76,83,47.8,Green,1
2026-01-12,2026,3,MID,Midlands,MID-P3,8,158,86,72,54.4,Green,1
2026-01-12,2026,3,MID,Midlands,MID-P4,8,175,79,96,45.1,Green,1
2026-01-12,2026,3,MID,Midlands,MID-P5,9,164,74,90,45.1,Green,1
2026-01-12,2026,3,MID,Midlands,MID-P6,9,176,84,92,47.7,Green,1
2026-01-12,2026,3,MID,Midlands,MID-P7,9,181,96,85,53.0,Green,1
2026-01-12,2026,3,NE,North East,NE-P1,8,167,72,95,43.1,Green,1
2026-01-12,2026,3,NE,North East,NE-P2,8,163,71,92,43.6,Green,1
2026-01-12,2026,3,NE,North East,NE-P3,7,136,81,55,59.6,Green,1
2026-01-12,2026,3,NE,North East,NE-P4,7,134,71,63,53.0,Green,1
2026-01-12,2026,3,NE,North East,NE-P5,7,144,71,73,49.3,Green,1
2026-01-12,2026,3,NW,North West,NW-P1,9,172,85,87,49.4,Green,1
2026-01-12,2026,3,NW,North West,NW-P2,9,173,84,89,48.6,Green,1
2026-01-12,2026,3,NW,North West,NW-P3,8,167,90,77,53.9,Green,1
2026-01-12,2026,3,NW,North West,NW-P4,8,174,86,88,49.4,Green,1
2026-01-12,2026,3,NW,North West,NW-P5,8,157,72,85,45.9,Green,1
2026-01-12,2026,3,NW,North West,NW-P6,8,171,79,92,46.2,Green,1
2026-01-12,2026,3,SCO,Scotland,SCO-P1,8,157,86,71,54.8,Green,1
2026-01-12,2026,3,SCO,Scotland,SCO-P2,8,166,71,95,42.8,Green,1
2026-01-12,2026,3,SCO,Scotland,SCO-P3,8,168,84,84,50.0,Green,1
2026-01-12,2026,3,SCO,Scotland,SCO-P4,7,141,88,53,62.4,Green,1
2026-01-12,2026,3,SE,South East,SE-P1,9,180,82,98,45.6,Green,1
2026-01-12,2026,3,SE,South East,SE-P2,9,163,84,79,51.5,Green,1
2026-01-12,2026,3,SE,South East,SE-P3,9,161,86,75,53.4,Green,1
2026-01-12,2026,3,SE,South East,SE-P4,9,162,82,80,50.6,Green,1
2026-01-12,2026,3,SE,South East,SE-P5,9,176,83,93,47.2,Green,1
2026-01-12,2026,3,SE,South East,SE-P6,8,159,78,81,49.1,Green,1
2026-01-12,2026,3,SE,South East,SE-P7,8,169,84,85,49.7,Green,1
2026-01-12,2026,3,SE,South East,SE-P8,8,180,81,99,45.0,Green,1
2026-01-12,2026,3,SW,South West,SW-P1,8,148,70,78,47.3,Green,1
2026-01-12,2026,3,SW,South West,SW-P2,7,143,72,71,50.3,Green,1
2026-01-12,2026,3,SW,South West,SW-P3,8,158,72,86,45.6,Green,1
2026-01-12,2026,3,SW,South West,SW-P4,7,136,79,57,58.1,Green,1
2026-01-12,2026,3,WAL,Wales,WAL-P1,9,170,91,79,53.5,Green,1
2026-01-12,2026,3,WAL,Wales,WAL-P2,8,157,93,64,59.2,Green,1
2026-01-12,2026,3,WAL,Wales,WAL-P3,8,172,75,97,43.6,Green,1
2026-01-12,2026,3,YRK,Yorkshire,YRK-P1,9,168,94,74,56.0,Green,1
2026-01-12,2026,3,YRK,Yorkshire,YRK-P2,8,167,94,73,56.3,Green,1
2026-01-12,2026,3,YRK,Yorkshire,YRK-P3,8,159,78,81,49.1,Green,1
2026-01-12,2026,3,YRK,Yorkshire,YRK-P4,8,155,87,68,56.1,Green,1
2026-01-12,2026,3,YRK,Yorkshire,YRK-P5,8,168,87,81,51.8,Green,1
2026-01-19,2026,4,MID,Midlands,MID-P1,9,170,91,79,53.5,Green,1
2026-01-19,2026,4,MID,Midlands,MID-P2,9,176,103,73,58.5,Green,1
2026-01-19,2026,4,MID,Midlands,MID-P3,9,177,82,95,46.3,Green,1
2026-01-19,2026,4,MID,Midlands,MID-P4,9,187,76,111,40.6,Green,1
2026-01-19,2026,4,MID,Midlands,MID-P5,9,174,87,87,50.0,Green,1
2026-01-19,2026,4,MID,Midlands,MID-P6,8,167,87,80,52.1,Green,1
2026-01-19,2026,4,MID,Midlands,MID-P7,9,176,77,99,43.8,Green,1
2026-01-19,2026,4,NE,North East,NE-P1,8,155,75,80,48.4,Green,1
2026-01-19,2026,4,NE,North East,NE-P2,8,154,75,79,48.7,Green,1
2026-01-19,2026,4,NE,North East,NE-P3,8,149,69,80,46.3,Green,1
2026-01-19,2026,4,NE,North East,NE-P4,7,139,71,68,51.1,Green,1
2026-01-19,2026,4,NE,North East,NE-P5,8,152,73,79,48.0,Green,1
2026-01-19,2026,4,NW,North West,NW-P1,9,179,75,104,41.9,Green,1
2026-01-19,2026,4,NW,North West,NW-P2,9,174,87,87,50.0,Green,1
2026-01-19,2026,4,NW,North West,NW-P3,9,175,74,101,42.3,Green,1
2026-01-19,2026,4,NW,North West,NW-P4,8,171,76,95,44.4,Green,1
2026-01-19,2026,4,NW,North West,NW-P5,8,162,98,64,60.5,Green,1
2026-01-19,2026,4,NW,North West,NW-P6,8,172,84,88,48.8,Green,1
2026-01-19,2026,4,SCO,Scotland,SCO-P1,8,151,76,75,50.3,Green,1
2026-01-19,2026,4,SCO,Scotland,SCO-P2,8,156,89,67,57.1,Green,1
2026-01-19,2026,4,SCO,Scotland,SCO-P3,8,161,80,81,49.7,Green,1
2026-01-19,2026,4,SCO,Scotland,SCO-P4,7,142,77,65,54.2,Green,1
2026-01-19,2026,4,SE,South East,SE-P1,8,167,82,85,49.1,Green,1
2026-01-19,2026,4,SE,South East,SE-P2,8,147,92,55,62.6,Green,1
2026-01-19,2026,4,SE,South East,SE-P3,8,151,74,77,49.0,Green,1
2026-01-19,2026,4,SE,South East,SE-P4,8,148,85,63,57.4,Green,1
2026-01-19,2026,4,SE,South East,SE-P5,8,166,75,91,45.2,Green,1
2026-01-19,2026,4,SE,South East,SE-P6,8,156,69,87,44.2,Green,1
2026-01-19,2026,4,SE,South East,SE-P7,8,158,85,73,53.8,Green,1
2026-01-19,2026,4,SE,South East,SE-P8,8,177,75,102,42.4,Green,1
2026-01-19,2026,4,SW,South West,SW-P1,8,150,87,63,58.0,Green,1
2026-01-19,2026,4,SW,South West,SW-P2,8,146,78,68,53.4,Green,1
2026-01-19,2026,4,SW,South West,SW-P3,8,160,78,82,48.8,Green,1
2026-01-19,2026,4,SW,South West,SW-P4,7,148,77,71,52.0,Green,1
2026-01-19,2026,4,WAL,Wales,WAL-P1,8,154,93,61,60.4,Green,1
2026-01-19,2026,4,WAL,Wales,WAL-P2,8,148,78,70,52.7,Green,1
2026-01-19,2026,4,WAL,Wales,WAL-P3,8,159,78,81,49.1,Green,1
2026-01-19,2026,4,YRK,Yorkshire,YRK-P1,9,171,89,82,52.0,Green,1
2026-01-19,2026,4,YRK,Yorkshire,YRK-P2,8,164,85,79,51.8,Green,1
2026-01-19,2026,4,YRK,Yorkshire,YRK-P3,8,161,84,77,52.2,Green,1
2026-01-19,2026,4,YRK,Yorkshire,YRK-P4,8,157,105,52,66.9,Green,1
2026-01-19,2026,4,YRK,Yorkshire,YRK-P5,8,170,73,97,42.9,Green,1
2026-01-26,2026,5,MID,Midlands,MID-P1,9,161,79,82,49.1,Green,1
2026-01-26,2026,5,MID,Midlands,MID-P2,8,160,79,81,49.4,Green,1
2026-01-26,2026,5,MID,Midlands,MID-P3,8,163,97,66,59.5,Green,1
2026-01-26,2026,5,MID,Midlands,MID-P4,9,181,84,97,46.4,Green,1
2026-01-26,2026,5,MID,Midlands,MID-P5,8,162,87,75,53.7,Green,1
2026-01-26,2026,5,MID,Midlands,MID-P6,8,168,76,92,45.2,Green,1
2026-01-26,2026,5,MID,Midlands,MID-P7,8,165,93,72,56.4,Green,1
2026-01-26,2026,5,NE,North East,NE-P1,8,152,76,76,50.0,Green,1
2026-01-26,2026,5,NE,North East,NE-P2,8,162,69,93,42.6,Green,1
2026-01-26,2026,5,NE,North East,NE-P3,7,136,68,68,50.0,Green,1
2026-01-26,2026,5,NE,North East,NE-P4,7,128,72,56,56.2,Green,1
2026-01-26,2026,5,NE,North East,NE-P5,7,136,65,71,47.8,Green,1
2026-01-26,2026,5,NW,North West,NW-P1,9,169,76,93,45.0,Green,1
2026-01-26,2026,5,NW,North West,NW-P2,9,166,64,102,38.6,Green,1
2026-01-26,2026,5,NW,North West,NW-P3,8,157,75,82,47.8,Green,1
2026-01-26,2026,5,NW,North West,NW-P4,8,155,87,68,56.1,Green,1
2026-01-26,2026,5,NW,North West,NW-P5,8,152,74,78,48.7,Green,1
2026-01-26,2026,5,NW,North West,NW-P6,8,163,80,83,49.1,Green,1
2026-01-26,2026,5,SCO,Scotland,SCO-P1,8,154,84,70,54.5,Green,1
2026-01-26,2026,5,SCO,Scotland,SCO-P2,8,160,85,75,53.1,Green,1
2026-01-26,2026,5,SCO,Scotland,SCO-P3,8,166,64,102,38.6,Green,1
2026-01-26,2026,5,SCO,Scotland,SCO-P4,7,143,83,60,58.0,Green,1
2026-01-26,2026,5,SE,South East,SE-P1,8,166,78,88,47.0,Green,1
2026-01-26,2026,5,SE,South East,SE-P2,8,145,68,77,46.9,Green,1
2026-01-26,2026,5,SE,South East,SE-P3,8,145,84,61,57.9,Green,1
2026-01-26,2026,5,SE,South East,SE-P4,8,146,94,52,64.4,Green,1
2026-01-26,2026,5,SE,South East,SE-P5,8,161,98,63,60.9,Green,1
2026-01-26,2026,5,SE,South East,SE-P6,7,148,91,57,61.5,Green,1
2026-01-26,2026,5,SE,South East,SE-P7,8,159,66,93,41.5,Green,1
2026-01-26,2026,5,SE,South East,SE-P8,7,165,79,86,47.9,Green,1
2026-01-26,2026,5,SW,South West,SW-P1,7,143,78,65,54.5,Green,1
2026-01-26,2026,5,SW,South West,SW-P2,7,143,81,62,56.6,Green,1
2026-01-26,2026,5,SW,South West,SW-P3,7,147,65,82,44.2,Green,1
2026-01-26,2026,5,SW,South West,SW-P4,7,136,86,50,63.2,Green,1
2026-01-26,2026,5,WAL,Wales,WAL-P1,8,155,92,63,59.4,Green,1
2026-01-26,2026,5,WAL,Wales,WAL-P2,7,145,86,59,59.3,Green,1
2026-01-26,2026,5,WAL,Wales,WAL-P3,8,153,66,87,43.1,Green,1
2026-01-26,2026,5,YRK,Yorkshire,YRK-P1,9,173,92,81,53.2,Green,1
2026-01-26,2026,5,YRK,Yorkshire,YRK-P2,9,174,68,106,39.1,Green,1
2026-01-26,2026,5,YRK,Yorkshire,YRK-P3,9,169,92,77,54.4,Green,1
2026-01-26,2026,5,YRK,Yorkshire,YRK-P4,8,155,83,72,53.5,Green,1
2026-01-26,2026,5,YRK,Yorkshire,YRK-P5,8,167,90,77,53.9,Green,1
2026-02-02,2026,6,MID,Midlands,MID-P1,8,158,71,87,44.9,Green,1
2026-02-02,2026,6,MID,Midlands,MID-P2,8,154,81,73,52.6,Green,1
2026-02-02,2026,6,MID,Midlands,MID-P3,8,146,74,72,50.7,Green,1
2026-02-02,2026,6,MID,Midlands,MID-P4,7,151,77,74,51.0,Green,1
2026-02-02,2026,6,MID,Midlands,MID-P5,8,151,100,51,66.2,Green,1
2026-02-02,2026,6,MID,Midlands,MID-P6,8,151,83,68,55.0,Green,1
2026-02-02,2026,6,MID,Midlands,MID-P7,8,158,86,72,54.4,Green,1
2026-02-02,2026,6,NE,North East,NE-P1,6,127,71,56,55.9,Green,1
2026-02-02,2026,6,NE,North East,NE-P2,6,131,61,70,46.6,Green,1
2026-02-02,2026,6,NE,North East,NE-P3,6,117,70,47,59.8,Green,1
2026-02-02,2026,6,NE,North East,NE-P4,6,116,57,59,49.1,Green,1
2026-02-02,2026,6,NE,North East,NE-P5,6,125,61,64,48.8,Green,1
2026-02-02,2026,6,NW,North West,NW-P1,8,157,66,91,42.0,Green,1
2026-02-02,2026,6,NW,North West,NW-P2,8,150,88,62,58.7,Green,1
2026-02-02,2026,6,NW,North West,NW-P3,7,141,75,66,53.2,Green,1
2026-02-02,2026,6,NW,North West,NW-P4,7,150,73,77,48.7,Green,1
2026-02-02,2026,6,NW,North West,NW-P5,7,143,65,78,45.5,Green,1
2026-02-02,2026,6,NW,North West,NW-P6,7,150,74,76,49.3,Green,1
2026-02-02,2026,6,SCO,Scotland,SCO-P1,9,175,77,98,44.0,Green,1
2026-02-02,2026,6,SCO,Scotland,SCO-P2,9,181,88,93,48.6,Green,1
2026-02-02,2026,6,SCO,Scotland,SCO-P3,9,182,85,97,46.7,Green,1
2026-02-02,2026,6,SCO,Scotland,SCO-P4,8,156,91,65,58.3,Green,1
2026-02-02,2026,6,SE,South East,SE-P1,7,152,85,67,55.9,Green,1
2026-02-02,2026,6,SE,South East,SE-P2,8,139,74,65,53.2,Green,1
2026-02-02,2026,6,SE,South East,SE-P3,8,141,65,76,46.1,Green,1
2026-02-02,2026,6,SE,South East,SE-P4,7,134,97,37,72.4,Green,1
2026-02-02,2026,6,SE,South East,SE-P5,7,153,72,81,47.1,Green,1
2026-02-02,2026,6,SE,South East,SE-P6,7,141,80,61,56.7,Green,1
2026-02-02,2026,6,SE,South East,SE-P7,7,143,76,67,53.1,Green,1
2026-02-02,2026,6,SE,South East,SE-P8,7,156,74,82,47.4,Green,1
2026-02-02,2026,6,SW,South West,SW-P1,7,140,72,68,51.4,Green,1
2026-02-02,2026,6,SW,South West,SW-P2,7,140,77,63,55.0,Green,1
2026-02-02,2026,6,SW,South West,SW-P3,7,146,65,81,44.5,Green,1
2026-02-02,2026,6,SW,South West,SW-P4,7,136,84,52,61.8,Green,1
2026-02-02,2026,6,WAL,Wales,WAL-P1,8,162,78,84,48.1,Green,1
2026-02-02,2026,6,WAL,Wales,WAL-P2,8,145,87,58,60.0,Green,1
2026-02-02,2026,6,WAL,Wales,WAL-P3,7,150,72,78,48.0,Green,1
2026-02-02,2026,6,YRK,Yorkshire,YRK-P1,9,173,97,76,56.1,Green,1
2026-02-02,2026,6,YRK,Yorkshire,YRK-P2,8,162,70,92,43.2,Green,1
2026-02-02,2026,6,YRK,Yorkshire,YRK-P3,8,166,71,95,42.8,Green,1
2026-02-02,2026,6,YRK,Yorkshire,YRK-P4,8,159,96,63,60.4,Green,1
2026-02-02,2026,6,YRK,Yorkshire,YRK-P5,8,167,80,87,47.9,Green,1
2026-02-09,2026,7,MID,Midlands,MID-P1,8,144,84,60,58.3,Green,1
2026-02-09,2026,7,MID,Midlands,MID-P2,8,151,73,78,48.3,Green,1
2026-02-09,2026,7,MID,Midlands,MID-P3,7,145,76,69,52.4,Green,1
2026-02-09,2026,7,MID,Midlands,MID-P4,8,157,79,78,50.3,Green,1
2026-02-09,2026,7,MID,Midlands,MID-P5,7,138,78,60,56.5,Green,1
2026-02-09,2026,7,MID,Midlands,MID-P6,7,140,82,58,58.6,Green,1
2026-02-09,2026,7,MID,Midlands,MID-P7,7,143,69,74,48.3,Green,1
2026-02-09,2026,7,NE,North East,NE-P1,7,133,57,76,42.9,Green,1
2026-02-09,2026,7,NE,North East,NE-P2,7,140,78,62,55.7,Green,1
2026-02-09,2026,7,NE,North East,NE-P3,6,125,77,48,61.6,Green,1
2026-02-09,2026,7,NE,North East,NE-P4,6,115,50,65,43.5,Green,1
2026-02-09,2026,7,NE,North East,NE-P5,6,120,75,45,62.5,Green,1
2026-02-09,2026,7,NW,North West,NW-P1,8,152,83,69,54.6,Green,1
2026-02-09,2026,7,NW,North West,NW-P2,8,147,76,71,51.7,Green,1
2026-02-09,2026,7,NW,North West,NW-P3,7,140,68,72,48.6,Green,1
2026-02-09,2026,7,NW,North West,NW-P4,7,141,71,70,50.4,Green,1
2026-02-09,2026,7,NW,North West,NW-P5,7,134,72,62,53.7,Green,1
2026-02-09,2026,7,NW,North West,NW-P6,7,142,74,68,52.1,Green,1
2026-02-09,2026,7,SCO,Scotland,SCO-P1,8,153,72,81,47.1,Green,1
2026-02-09,2026,7,SCO,Scotland,SCO-P2,8,157,91,66,58.0,Green,1
2026-02-09,2026,7,SCO,Scotland,SCO-P3,8,163,71,92,43.6,Green,1
2026-02-09,2026,7,SCO,Scotland,SCO-P4,7,143,73,70,51.0,Green,1
2026-02-09,2026,7,SE,South East,SE-P1,7,149,75,74,50.3,Green,1
2026-02-09,2026,7,SE,South East,SE-P2,7,136,64,72,47.1,Green,1
2026-02-09,2026,7,SE,South East,SE-P3,8,147,77,70,52.4,Green,1
2026-02-09,2026,7,SE,South East,SE-P4,8,144,76,68,52.8,Green,1
2026-02-09,2026,7,SE,South East,SE-P5,7,154,73,81,47.4,Green,1
2026-02-09,2026,7,SE,South East,SE-P6,7,145,82,63,56.6,Green,1
2026-02-09,2026,7,SE,South East,SE-P7,7,141,79,62,56.0,Green,1
2026-02-09,2026,7,SE,South East,SE-P8,7,150,83,67,55.3,Green,1
2026-02-09,2026,7,SW,South West,SW-P1,7,143,71,72,49.7,Green,1
2026-02-09,2026,7,SW,South West,SW-P2,7,140,86,54,61.4,Green,1
2026-02-09,2026,7,SW,South West,SW-P3,7,146,70,76,47.9,Green,1
2026-02-09,2026,7,SW,South West,SW-P4,7,136,65,71,47.8,Green,1
2026-02-09,2026,7,WAL,Wales,WAL-P1,8,167,77,90,46.1,Green,1
2026-02-09,2026,7,WAL,Wales,WAL-P2,8,150,88,62,58.7,Green,1
2026-02-09,2026,7,WAL,Wales,WAL-P3,7,152,73,79,48.0,Green,1
2026-02-09,2026,7,YRK,Yorkshire,YRK-P1,9,176,83,93,47.2,Green,1
2026-02-09,2026,7,YRK,Yorkshire,YRK-P2,8,166,90,76,54.2,Green,1
2026-02-09,2026,7,YRK,Yorkshire,YRK-P3,8,162,89,73,54.9,Green,1
2026-02-09,2026,7,YRK,Yorkshire,YRK-P4,8,159,82,77,51.6,Green,1
2026-02-09,2026,7,YRK,Yorkshire,YRK-P5,8,170,76,94,44.7,Green,1
2026-02-16,2026,8,MID,Midlands,MID-P1,8,143,81,62,56.6,Green,1
2026-02-16,2026,8,MID,Midlands,MID-P2,7,139,74,65,53.2,Green,1
2026-02-16,2026,8,MID,Midlands,MID-P3,7,141,67,74,47.5,Green,1
2026-02-16,2026,8,MID,Midlands,MID-P4,7,142,80,62,56.3,Green,1
2026-02-16,2026,8,MID,Midlands,MID-P5,7,143,66,77,46.2,Green,1
2026-02-16,2026,8,MID,Midlands,MID-P6,7,149,75,74,50.3,Green,1
2026-02-16,2026,8,MID,Midlands,MID-P7,7,145,76,69,52.4,Green,1
2026-02-16,2026,8,NE,North East,NE-P1,7,136,78,58,57.4,Green,1
2026-02-16,2026,8,NE,North East,NE-P2,7,138,53,85,38.4,Green,1
2026-02-16,2026,8,NE,North East,NE-P3,6,117,75,42,64.1,Green,1
2026-02-16,2026,8,NE,North East,NE-P4,6,120,67,53,55.8,Green,1
2026-02-16,2026,8,NE,North East,NE-P5,6,127,63,64,49.6,Green,1
2026-02-16,2026,8,NW,North West,NW-P1,7,136,70,66,51.5,Green,1
2026-02-16,2026,8,NW,North West,NW-P2,7,134,73,61,54.5,Green,1
2026-02-16,2026,8,NW,North West,NW-P3,7,138,66,72,47.8,Green,1
2026-02-16,2026,8,NW,North West,NW-P4,7,135,83,52,61.5,Green,1
2026-02-16,2026,8,NW,North West,NW-P5,7,128,70,58,54.7,Green,1
2026-02-16,2026,8,NW,North West,NW-P6,7,135,62,73,45.9,Green,1
2026-02-16,2026,8,SCO,Scotland,SCO-P1,8,152,79,73,52.0,Green,1
2026-02-16,2026,8,SCO,Scotland,SCO-P2,8,155,70,85,45.2,Green,1
2026-02-16,2026,8,SCO,Scotland,SCO-P3,8,164,72,92,43.9,Green,1
2026-02-16,2026,8,SCO,Scotland,SCO-P4,7,142,82,60,57.7,Green,1
2026-02-16,2026,8,SE,South East,SE-P1,8,158,84,74,53.2,Green,1
2026-02-16,2026,8,SE,South East,SE-P2,7,138,68,70,49.3,Green,1
2026-02-16,2026,8,SE,South East,SE-P3,7,139,99,40,71.2,Green,1
2026-02-16,2026,8,SE,South East,SE-P4,8,141,82,59,58.2,Green,1
2026-02-16,2026,8,SE,South East,SE-P5,8,161,74,87,46.0,Green,1
2026-02-16,2026,8,SE,South East,SE-P6,7,144,61,83,42.4,Green,1
2026-02-16,2026,8,SE,South East,SE-P7,8,156,74,82,47.4,Green,1
2026-02-16,2026,8,SE,South East,SE-P8,7,162,76,86,46.9,Green,1
2026-02-16,2026,8,SW,South West,SW-P1,7,137,76,61,55.5,Green,1
2026-02-16,2026,8,SW,South West,SW-P2,7,132,67,65,50.8,Green,1
2026-02-16,2026,8,SW,South West,SW-P3,7,138,75,63,54.3,Green,1
2026-02-16,2026,8,SW,South West,SW-P4,7,136,64,72,47.1,Green,1
2026-02-16,2026,8,WAL,Wales,WAL-P1,8,154,88,66,57.1,Green,1
2026-02-16,2026,8,WAL,Wales,WAL-P2,8,149,82,67,55.0,Green,1
2026-02-16,2026,8,WAL,Wales,WAL-P3,8,155,64,91,41.3,Green,1
2026-02-16,2026,8,YRK,Yorkshire,YRK-P1,8,159,93,66,58.5,Green,1
2026-02-16,2026,8,YRK,Yorkshire,YRK-P2,8,159,65,94,40.9,Green,1
2026-02-16,2026,8,YRK,Yorkshire,YRK-P3,8,158,82,76,51.9,Green,1
2026-02-16,2026,8,YRK,Yorkshire,YRK-P4,8,152,67,85,44.1,Green,1
2026-02-16,2026,8,YRK,Yorkshire,YRK-P5,8,155,76,79,49.0,Green,1
2026-02-23,2026,9,MID,Midlands,MID-P1,8,150,81,69,54.0,Green,1
2026-02-23,2026,9,MID,Midlands,MID-P2,8,148,85,63,57.4,Green,1
2026-02-23,2026,9,MID,Midlands,MID-P3,7,143,61,82,42.7,Green,1
2026-02-23,2026,9,MID,Midlands,MID-P4,7,152,71,81,46.7,Green,1
2026-02-23,2026,9,MID,Midlands,MID-P5,7,132,83,49,62.9,Green,1
2026-02-23,2026,9,MID,Midlands,MID-P6,7,141,83,58,58.9,Green,1
2026-02-23,2026,9,MID,Midlands,MID-P7,7,152,73,79,48.0,Green,1
2026-02-23,2026,9,NE,North East,NE-P1,6,124,63,61,50.8,Green,1
2026-02-23,2026,9,NE,North East,NE-P2,6,130,73,57,56.2,Green,1
2026-02-23,2026,9,NE,North East,NE-P3,6,122,62,60,50.8,Green,1
2026-02-23,2026,9,NE,North East,NE-P4,6,109,52,57,47.7,Green,1
2026-02-23,2026,9,NE,North East,NE-P5,6,116,63,53,54.3,Green,1
2026-02-23,2026,9,NW,North West,NW-P1,7,146,77,69,52.7,Green,1
2026-02-23,2026,9,NW,North West,NW-P2,8,146,73,73,50.0,Green,1
2026-02-23,2026,9,NW,North West,NW-P3,7,141,55,86,39.0,Green,1
2026-02-23,2026,9,NW,North West,NW-P4,7,148,90,58,60.8,Green,1
2026-02-23,2026,9,NW,North West,NW-P5,7,139,69,70,49.6,Green,1
2026-02-23,2026,9,NW,North West,NW-P6,7,148,79,69,53.4,Green,1
2026-02-23,2026,9,SCO,Scotland,SCO-P1,8,152,67,85,44.1,Green,1
2026-02-23,2026,9,SCO,Scotland,SCO-P2,8,158,80,78,50.6,Green,1
2026-02-23,2026,9,SCO,Scotland,SCO-P3,7,158,72,86,45.6,Green,1
2026-02-23,2026,9,SCO,Scotland,SCO-P4,7,137,66,71,48.2,Green,1
2026-02-23,2026,9,SE,South East,SE-P1,8,154,75,79,48.7,Green,1
2026-02-23,2026,9,SE,South East,SE-P2,7,138,75,63,54.3,Green,1
2026-02-23,2026,9,SE,South East,SE-P3,7,140,73,67,52.1,Green,1
2026-02-23,2026,9,SE,South East,SE-P4,7,138,79,59,57.2,Green,1
2026-02-23,2026,9,SE,South East,SE-P5,7,152,83,69,54.6,Green,1
2026-02-23,2026,9,SE,South East,SE-P6,7,144,72,72,50.0,Green,1
2026-02-23,2026,9,SE,South East,SE-P7,7,146,79,67,54.1,Green,1
2026-02-23,2026,9,SE,South East,SE-P8,7,160,77,83,48.1,Green,1
2026-02-23,2026,9,SW,South West,SW-P1,7,139,65,74,46.8,Green,1
2026-02-23,2026,9,SW,South West,SW-P2,7,139,69,70,49.6,Green,1
2026-02-23,2026,9,SW,South West,SW-P3,7,140,79,61,56.4,Green,1
2026-02-23,2026,9,SW,South West,SW-P4,6,128,67,61,52.3,Green,1
2026-02-23,2026,9,WAL,Wales,WAL-P1,8,149,73,76,49.0,Green,1
2026-02-23,2026,9,WAL,Wales,WAL-P2,7,140,73,67,52.1,Green,1
2026-02-23,2026,9,WAL,Wales,WAL-P3,7,141,69,72,48.9,Green,1
2026-02-23,2026,9,YRK,Yorkshire,YRK-P1,9,181,87,94,48.1,Green,1
2026-02-23,2026,9,YRK,Yorkshire,YRK-P2,8,172,89,83,51.7,Green,1
2026-02-23,2026,9,YRK,Yorkshire,YRK-P3,8,164,75,89,45.7,Green,1
2026-02-23,2026,9,YRK,Yorkshire,YRK-P4,9,164,71,93,43.3,Green,1
2026-02-23,2026,9,YRK,Yorkshire,YRK-P5,9,176,81,95,46.0,Green,1
2026-03-02,2026,10,MID,Midlands,MID-P1,6,117,67,50,57.3,Green,1
2026-03-02,2026,10,MID,Midlands,MID-P2,6,117,65,52,55.6,Green,1
2026-03-02,2026,10,MID,Midlands,MID-P3,6,126,67,59,53.2,Green,1
2026-03-02,2026,10,MID,Midlands,MID-P4,6,132,62,70,47.0,Green,1
2026-03-02,2026,10,MID,Midlands,MID-P5,6,125,77,48,61.6,Green,1
2026-03-02,2026,10,MID,Midlands,MID-P6,6,124,51,73,41.1,Green,1
2026-03-02,2026,10,MID,Midlands,MID-P7,6,127,72,55,56.7,Green,1
2026-03-02,2026,10,NE,North East,NE-P1,6,123,56,67,45.5,Green,1
2026-03-02,2026,10,NE,North East,NE-P2,6,123,55,68,44.7,Green,1
2026-03-02,2026,10,NE,North East,NE-P3,6,109,55,54,50.5,Green,1
2026-03-02,2026,10,NE,North East,NE-P4,5,101,71,30,70.3,Green,1
2026-03-02,2026,10,NE,North East,NE-P5,5,109,64,45,58.7,Green,1
2026-03-02,2026,10,NW,North West,NW-P1,7,142,76,66,53.5,Green,1
2026-03-02,2026,10,NW,North West,NW-P2,7,135,71,64,52.6,Green,1
2026-03-02,2026,10,NW,North West,NW-P3,7,137,90,47,65.7,Green,1
2026-03-02,2026,10,NW,North West,NW-P4,7,135,59,76,43.7,Green,1
2026-03-02,2026,10,NW,North West,NW-P5,7,131,70,61,53.4,Green,1
2026-03-02,2026,10,NW,North West,NW-P6,7,139,62,77,44.6,Green,1
2026-03-02,2026,10,SCO,Scotland,SCO-P1,7,145,73,72,50.3,Green,1
2026-03-02,2026,10,SCO,Scotland,SCO-P2,8,158,72,86,45.6,Green,1
2026-03-02,2026,10,SCO,Scotland,SCO-P3,8,164,66,98,40.2,Green,1
2026-03-02,2026,10,SCO,Scotland,SCO-P4,7,137,66,71,48.2,Green,1
2026-03-02,2026,10,SE,South East,SE-P1,8,154,82,72,53.2,Green,1
2026-03-02,2026,10,SE,South East,SE-P2,8,141,64,77,45.4,Green,1
2026-03-02,2026,10,SE,South East,SE-P3,7,136,65,71,47.8,Green,1
2026-03-02,2026,10,SE,South East,SE-P4,7,138,90,48,65.2,Green,1
2026-03-02,2026,10,SE,South East,SE-P5,7,152,71,81,46.7,Green,1
2026-03-02,2026,10,SE,South East,SE-P6,7,136,76,60,55.9,Green,1
2026-03-02,2026,10,SE,South East,SE-P7,7,142,73,69,51.4,Green,1
2026-03-02,2026,10,SE,South East,SE-P8,7,147,69,78,46.9,Green,1
2026-03-02,2026,10,SW,South West,SW-P1,7,139,76,63,54.7,Green,1
2026-03-02,2026,10,SW,South West,SW-P2,7,133,66,67,49.6,Green,1
2026-03-02,2026,10,SW,South West,SW-P3,7,144,61,83,42.4,Green,1
2026-03-02,2026,10,SW,South West,SW-P4,6,128,66,62,51.6,Green,1
2026-03-02,2026,10,WAL,Wales,WAL-P1,8,159,62,97,39.0,Green,1
2026-03-02,2026,10,WAL,Wales,WAL-P2,7,133,70,63,52.6,Green,1
2026-03-02,2026,10,WAL,Wales,WAL-P3,7,142,76,66,53.5,Green,1
2026-03-02,2026,10,YRK,Yorkshire,YRK-P1,8,160,53,107,33.1,Green,1
2026-03-02,2026,10,YRK,Yorkshire,YRK-P2,8,157,83,74,52.9,Green,1
2026-03-02,2026,10,YRK,Yorkshire,YRK-P3,8,158,74,84,46.8,Green,1
2026-03-02,2026,10,YRK,Yorkshire,YRK-P4,8,151,87,64,57.6,Green,1
2026-03-02,2026,10,YRK,Yorkshire,YRK-P5,8,170,86,84,50.6,Green,1
2026-03-09,2026,11,MID,Midlands,MID-P1,8,145,62,83,42.8,Green,1
2026-03-09,2026,11,MID,Midlands,MID-P2,7,140,73,67,52.1,Green,1
2026-03-09,2026,11,MID,Midlands,MID-P3,7,134,65,69,48.5,Green,1
2026-03-09,2026,11,MID,Midlands,MID-P4,7,147,75,72,51.0,Green,1
2026-03-09,2026,11,MID,Midlands,MID-P5,7,138,79,59,57.2,Green,1
2026-03-09,2026,11,MID,Midlands,MID-P6,7,144,75,69,52.1,Green,1
2026-03-09,2026,11,MID,Midlands,MID-P7,7,140,77,63,55.0,Green,1
2026-03-09,2026,11,NE,North East,NE-P1,6,123,59,64,48.0,Green,1
2026-03-09,2026,11,NE,North East,NE-P2,6,126,56,70,44.4,Green,1
2026-03-09,2026,11,NE,North East,NE-P3,6,122,78,44,63.9,Green,1
2026-03-09,2026,11,NE,North East,NE-P4,6,112,69,43,61.6,Green,1
2026-03-09,2026,11,NE,North East,NE-P5,6,124,60,64,48.4,Green,1
2026-03-09,2026,11,NW,North West,NW-P1,7,129,78,51,60.5,Green,1
2026-03-09,2026,11,NW,North West,NW-P2,6,123,79,44,64.2,Green,1
2026-03-09,2026,11,NW,North West,NW-P3,6,120,64,56,53.3,Green,1
2026-03-09,2026,11,NW,North West,NW-P4,6,129,67,62,51.9,Green,1
2026-03-09,2026,11,NW,North West,NW-P5,6,124,57,67,46.0,Green,1
2026-03-09,2026,11,NW,North West,NW-P6,7,133,61,72,45.9,Green,1
2026-03-09,2026,11,SCO,Scotland,SCO-P1,8,156,67,89,42.9,Green,1
2026-03-09,2026,11,SCO,Scotland,SCO-P2,8,160,72,88,45.0,Green,1
2026-03-09,2026,11,SCO,Scotland,SCO-P3,8,160,87,73,54.4,Green,1
2026-03-09,2026,11,SCO,Scotland,SCO-P4,7,146,68,78,46.6,Green,1
2026-03-09,2026,11,SE,South East,SE-P1,8,154,72,82,46.8,Green,1
2026-03-09,2026,11,SE,South East,SE-P2,8,144,70,74,48.6,Green,1
2026-03-09,2026,11,SE,South East,SE-P3,8,143,90,53,62.9,Green,1
2026-03-09,2026,11,SE,South East,SE-P4,8,140,64,76,45.7,Green,1
2026-03-09,2026,11,SE,South East,SE-P5,8,155,74,81,47.7,Green,1
2026-03-09,2026,11,SE,South East,SE-P6,7,135,83,52,61.5,Green,1
2026-03-09,2026,11,SE,South East,SE-P7,7,143,58,85,40.6,Green,1
2026-03-09,2026,11,SE,South East,SE-P8,7,158,60,98,38.0,Green,1
2026-03-09,2026,11,SW,South West,SW-P1,7,142,63,79,44.4,Green,1
2026-03-09,2026,11,SW,South West,SW-P2,7,137,65,72,47.4,Green,1
2026-03-09,2026,11,SW,South West,SW-P3,7,150,75,75,50.0,Green,1
2026-03-09,2026,11,SW,South West,SW-P4,6,128,64,64,50.0,Green,1
2026-03-09,2026,11,WAL,Wales,WAL-P1,7,137,65,72,47.4,Green,1
2026-03-09,2026,11,WAL,Wales,WAL-P2,7,128,59,69,46.1,Green,1
2026-03-09,2026,11,WAL,Wales,WAL-P3,7,135,66,69,48.9,Green,1
2026-03-09,2026,11,YRK,Yorkshire,YRK-P1,8,161,89,72,55.3,Green,1
2026-03-09,2026,11,YRK,Yorkshire,YRK-P2,8,163,78,85,47.9,Green,1
2026-03-09,2026,11,YRK,Yorkshire,YRK-P3,8,155,73,82,47.1,Green,1
2026-03-09,2026,11,YRK,Yorkshire,YRK-P4,8,148,77,71,52.0,Green,1
2026-03-09,2026,11,YRK,Yorkshire,YRK-P5,8,161,70,91,43.5,Green,1
2026-03-16,2026,12,MID,Midlands,MID-P1,8,143,65,78,45.5,Green,1
2026-03-16,2026,12,MID,Midlands,MID-P2,7,146,70,76,47.9,Green,1
2026-03-16,2026,12,MID,Midlands,MID-P3,8,148,71,77,48.0,Green,1
2026-03-16,2026,12,MID,Midlands,MID-P4,8,156,79,77,50.6,Green,1
2026-03-16,2026,12,MID,Midlands,MID-P5,8,149,56,93,37.6,Green,1
2026-03-16,2026,12,MID,Midlands,MID-P6,7,147,63,84,42.9,Green,1
2026-03-16,2026,12,MID,Midlands,MID-P7,7,142,96,46,67.6,Green,1
2026-03-16,2026,12,NE,North East,NE-P1,6,124,75,49,60.5,Green,1
2026-03-16,2026,12,NE,North East,NE-P2,6,126,47,79,37.3,Green,1
2026-03-16,2026,12,NE,North East,NE-P3,6,110,48,62,43.6,Green,1
2026-03-16,2026,12,NE,North East,NE-P4,6,106,70,36,66.0,Green,1
2026-03-16,2026,12,NE,North East,NE-P5,6,120,55,65,45.8,Green,1
2026-03-16,2026,12,NW,North West,NW-P1,7,132,83,49,62.9,Green,1
2026-03-16,2026,12,NW,North West,NW-P2,7,132,69,63,52.3,Green,1
2026-03-16,2026,12,NW,North West,NW-P3,6,132,61,71,46.2,Green,1
2026-03-16,2026,12,NW,North West,NW-P4,6,125,61,64,48.8,Green,1
2026-03-16,2026,12,NW,North West,NW-P5,6,118,68,50,57.6,Green,1
2026-03-16,2026,12,NW,North West,NW-P6,6,126,55,71,43.7,Green,1
2026-03-16,2026,12,SCO,Scotland,SCO-P1,7,142,72,70,50.7,Green,1
2026-03-16,2026,12,SCO,Scotland,SCO-P2,7,148,64,84,43.2,Green,1
2026-03-16,2026,12,SCO,Scotland,SCO-P3,7,151,64,87,42.4,Green,1
2026-03-16,2026,12,SCO,Scotland,SCO-P4,6,125,76,49,60.8,Green,1
2026-03-16,2026,12,SE,South East,SE-P1,8,160,78,82,48.8,Green,1
2026-03-16,2026,12,SE,South East,SE-P2,8,139,64,75,46.0,Green,1
2026-03-16,2026,12,SE,South East,SE-P3,8,146,63,83,43.2,Green,1
2026-03-16,2026,12,SE,South East,SE-P4,8,143,79,64,55.2,Green,1
2026-03-16,2026,12,SE,South East,SE-P5,7,154,59,95,38.3,Green,1
2026-03-16,2026,12,SE,South East,SE-P6,7,140,60,80,42.9,Green,1
2026-03-16,2026,12,SE,South East,SE-P7,7,139,71,68,51.1,Green,1
2026-03-16,2026,12,SE,South East,SE-P8,7,155,85,70,54.8,Green,1
2026-03-16,2026,12,SW,South West,SW-P1,7,139,80,59,57.6,Green,1
2026-03-16,2026,12,SW,South West,SW-P2,7,140,64,76,45.7,Green,1
2026-03-16,2026,12,SW,South West,SW-P3,7,143,59,84,41.3,Green,1
2026-03-16,2026,12,SW,South West,SW-P4,7,132,63,69,47.7,Green,1
2026-03-16,2026,12,WAL,Wales,WAL-P1,8,148,64,84,43.2,Green,1
2026-03-16,2026,12,WAL,Wales,WAL-P2,7,136,71,65,52.2,Green,1
2026-03-16,2026,12,WAL,Wales,WAL-P3,7,150,78,72,52.0,Green,1
2026-03-16,2026,12,YRK,Yorkshire,YRK-P1,8,160,98,62,61.3,Green,1
2026-03-16,2026,12,YRK,Yorkshire,YRK-P2,7,147,75,72,51.0,Green,1
2026-03-16,2026,12,YRK,Yorkshire,YRK-P3,7,145,77,68,53.1,Green,1
2026-03-16,2026,12,YRK,Yorkshire,YRK-P4,8,144,59,85,41.0,Green,1
2026-03-16,2026,12,YRK,Yorkshire,YRK-P5,7,148,68,80,45.9,Green,1
2026-03-23,2026,13,MID,Midlands,MID-P1,8,158,65,93,41.1,Green,1
2026-03-23,2026,13,MID,Midlands,MID-P2,8,149,83,66,55.7,Green,1
2026-03-23,2026,13,MID,Midlands,MID-P3,7,140,70,70,50.0,Green,1
2026-03-23,2026,13,MID,Midlands,MID-P4,7,151,72,79,47.7,Green,1
2026-03-23,2026,13,MID,Midlands,MID-P5,8,145,69,76,47.6,Green,1
2026-03-23,2026,13,MID,Midlands,MID-P6,8,156,69,87,44.2,Green,1
2026-03-23,2026,13,MID,Midlands,MID-P7,8,163,84,79,51.5,Green,1
2026-03-23,2026,13,NE,North East,NE-P1,7,132,59,73,44.7,Green,1
2026-03-23,2026,13,NE,North East,NE-P2,7,135,76,59,56.3,Green,1
2026-03-23,2026,13,NE,North East,NE-P3,6,117,54,63,46.2,Green,1
2026-03-23,2026,13,NE,North East,NE-P4,6,117,59,58,50.4,Green,1
2026-03-23,2026,13,NE,North East,NE-P5,6,129,57,72,44.2,Green,1
2026-03-23,2026,13,NW,North West,NW-P1,7,145,92,53,63.4,Green,1
2026-03-23,2026,13,NW,North West,NW-P2,7,138,67,71,48.6,Green,1
2026-03-23,2026,13,NW,North West,NW-P3,7,141,60,81,42.6,Green,1
2026-03-23,2026,13,NW,North West,NW-P4,7,143,75,68,52.4,Green,1
2026-03-23,2026,13,NW,North West,NW-P5,7,134,70,64,52.2,Green,1
2026-03-23,2026,13,NW,North West,NW-P6,7,143,52,91,36.4,Green,1
2026-03-23,2026,13,SCO,Scotland,SCO-P1,7,136,66,70,48.5,Green,1
2026-03-23,2026,13,SCO,Scotland,SCO-P2,7,146,68,78,46.6,Green,1
2026-03-23,2026,13,SCO,Scotland,SCO-P3,7,156,66,90,42.3,Green,1
2026-03-23,2026,13,SCO,Scotland,SCO-P4,6,128,72,56,56.2,Green,1
2026-03-23,2026,13,SE,South East,SE-P1,7,150,70,80,46.7,Green,1
2026-03-23,2026,13,SE,South East,SE-P2,7,135,70,65,51.9,Green,1
2026-03-23,2026,13,SE,South East,SE-P3,7,138,80,58,58.0,Green,1
2026-03-23,2026,13,SE,South East,SE-P4,8,139,62,77,44.6,Green,1
2026-03-23,2026,13,SE,South East,SE-P5,8,161,66,95,41.0,Green,1
2026-03-23,2026,13,SE,South East,SE-P6,7,143,77,66,53.8,Green,1
2026-03-23,2026,13,SE,South East,SE-P7,7,148,68,80,45.9,Green,1
2026-03-23,2026,13,SE,South East,SE-P8,7,161,78,83,48.4,Green,1
2026-03-23,2026,13,SW,South West,SW-P1,7,132,55,77,41.7,Green,1
2026-03-23,2026,13,SW,South West,SW-P2,7,132,73,59,55.3,Green,1
2026-03-23,2026,13,SW,South West,SW-P3,7,134,60,74,44.8,Green,1
2026-03-23,2026,13,SW,South West,SW-P4,6,128,71,57,55.5,Green,1
2026-03-23,2026,13,WAL,Wales,WAL-P1,8,153,74,79,48.4,Green,1
2026-03-23,2026,13,WAL,Wales,WAL-P2,7,144,78,66,54.2,Green,1
2026-03-23,2026,13,WAL,Wales,WAL-P3,7,149,70,79,47.0,Green,1
2026-03-23,2026,13,YRK,Yorkshire,YRK-P1,8,160,66,94,41.2,Green,1
2026-03-23,2026,13,YRK,Yorkshire,YRK-P2,8,157,81,76,51.6,Green,1
2026-03-23,2026,13,YRK,Yorkshire,YRK-P3,7,145,75,70,51.7,Green,1
2026-03-23,2026,13,YRK,Yorkshire,YRK-P4,7,141,78,63,55.3,Green,1
2026-03-23,2026,13,YRK,Yorkshire,YRK-P5,8,154,81,73,52.6,Green,1
2026-03-30,2026,14,MID,Midlands,MID-P1,8,143,69,74,48.3,Green,1
2026-03-30,2026,14,MID,Midlands,MID-P2,7,143,52,91,36.4,Green,1
2026-03-30,2026,14,MID,Midlands,MID-P3,7,144,77,67,53.5,Green,1
2026-03-30,2026,14,MID,Midlands,MID-P4,7,139,66,73,47.5,Green,1
2026-03-30,2026,14,MID,Midlands,MID-P5,6,123,69,54,56.1,Green,1
2026-03-30,2026,14,MID,Midlands,MID-P6,6,128,65,63,50.8,Green,1
2026-03-30,2026,14,MID,Midlands,MID-P7,7,135,71,64,52.6,Green,1
2026-03-30,2026,14,NE,North East,NE-P1,7,132,66,66,50.0,Green,1
2026-03-30,2026,14,NE,North East,NE-P2,7,138,74,64,53.6,Green,1
2026-03-30,2026,14,NE,North East,NE-P3,6,113,56,57,49.6,Green,1
2026-03-30,2026,14,NE,North East,NE-P4,6,109,58,51,53.2,Green,1
2026-03-30,2026,14,NE,North East,NE-P5,6,116,43,73,37.1,Green,1
2026-03-30,2026,14,NW,North West,NW-P1,7,138,60,78,43.5,Green,1
2026-03-30,2026,14,NW,North West,NW-P2,7,135,62,73,45.9,Green,1
2026-03-30,2026,14,NW,North West,NW-P3,7,138,67,71,48.6,Green,1
2026-03-30,2026,14,NW,North West,NW-P4,7,141,69,72,48.9,Green,1
2026-03-30,2026,14,NW,North West,NW-P5,7,127,71,56,55.9,Green,1
2026-03-30,2026,14,NW,North West,NW-P6,7,139,66,73,47.5,Green,1
2026-03-30,2026,14,SCO,Scotland,SCO-P1,7,135,65,70,48.1,Green,1
2026-03-30,2026,14,SCO,Scotland,SCO-P2,7,150,68,82,45.3,Green,1
2026-03-30,2026,14,SCO,Scotland,SCO-P3,7,154,61,93,39.6,Green,1
2026-03-30,2026,14,SCO,Scotland,SCO-P4,7,128,83,45,64.8,Green,1
2026-03-30,2026,14,SE,South East,SE-P1,7,142,61,81,43.0,Green,1
2026-03-30,2026,14,SE,South East,SE-P2,7,130,61,69,46.9,Green,1
2026-03-30,2026,14,SE,South East,SE-P3,7,135,75,60,55.6,Green,1
2026-03-30,2026,14,SE,South East,SE-P4,7,129,64,65,49.6,Green,1
2026-03-30,2026,14,SE,South East,SE-P5,7,144,59,85,41.0,Green,1
2026-03-30,2026,14,SE,South East,SE-P6,7,136,69,67,50.7,Green,1
2026-03-30,2026,14,SE,South East,SE-P7,7,134,70,64,52.2,Green,1
2026-03-30,2026,14,SE,South East,SE-P8,7,144,80,64,55.6,Green,1
2026-03-30,2026,14,SW,South West,SW-P1,7,135,70,65,51.9,Green,1
2026-03-30,2026,14,SW,South West,SW-P2,7,134,65,69,48.5,Green,1
2026-03-30,2026,14,SW,South West,SW-P3,7,136,71,65,52.2,Green,1
2026-03-30,2026,14,SW,South West,SW-P4,7,131,61,70,46.6,Green,1
2026-03-30,2026,14,WAL,Wales,WAL-P1,7,144,67,77,46.5,Green,1
2026-03-30,2026,14,WAL,Wales,WAL-P2,7,135,70,65,51.9,Green,1
2026-03-30,2026,14,WAL,Wales,WAL-P3,7,142,71,71,50.0,Green,1
2026-03-30,2026,14,YRK,Yorkshire,YRK-P1,8,152,55,97,36.2,Green,1
2026-03-30,2026,14,YRK,Yorkshire,YRK-P2,7,139,85,54,61.2,Green,1
2026-03-30,2026,14,YRK,Yorkshire,YRK-P3,7,133,77,56,57.9,Green,1
2026-03-30,2026,14,YRK,Yorkshire,YRK-P4,7,133,79,54,59.4,Green,1
2026-03-30,2026,14,YRK,Yorkshire,YRK-P5,7,147,69,78,46.9,Green,1
2026-04-06,2026,15,MID,Midlands,MID-P1,8,142,69,73,48.6,Green,1
2026-04-06,2026,15,MID,Midlands,MID-P2,7,133,71,62,53.4,Green,1
2026-04-06,2026,15,MID,Midlands,MID-P3,7,135,68,67,50.4,Green,1
2026-04-06,2026,15,MID,Midlands,MID-P4,7,148,60,88,40.5,Green,1
2026-04-06,2026,15,MID,Midlands,MID-P5,7,134,68,66,50.7,Green,1
2026-04-06,2026,15,MID,Midlands,MID-P6,7,145,75,70,51.7,Green,1
2026-04-06,2026,15,MID,Midlands,MID-P7,7,146,70,76,47.9,Green,1
2026-04-06,2026,15,NE,North East,NE-P1,6,126,65,61,51.6,Green,1
2026-04-06,2026,15,NE,North East,NE-P2,6,129,57,72,44.2,Green,1
2026-04-06,2026,15,NE,North East,NE-P3,6,117,72,45,61.5,Green,1
2026-04-06,2026,15,NE,North East,NE-P4,6,111,48,63,43.2,Green,1
2026-04-06,2026,15,NE,North East,NE-P5,6,116,56,60,48.3,Green,1
2026-04-06,2026,15,NW,North West,NW-P1,7,135,64,71,47.4,Green,1
2026-04-06,2026,15,NW,North West,NW-P2,7,139,70,69,50.4,Green,1
2026-04-06,2026,15,NW,North West,NW-P3,7,134,71,63,53.0,Green,1
2026-04-06,2026,15,NW,North West,NW-P4,7,137,60,77,43.8,Green,1
2026-04-06,2026,15,NW,North West,NW-P5,7,126,66,60,52.4,Green,1
2026-04-06,2026,15,NW,North West,NW-P6,7,133,67,66,50.4,Green,1
2026-04-06,2026,15,SCO,Scotland,SCO-P1,6,126,69,57,54.8,Green,1
2026-04-06,2026,15,SCO,Scotland,SCO-P2,7,135,63,72,46.7,Green,1
2026-04-06,2026,15,SCO,Scotland,SCO-P3,7,142,61,81,43.0,Green,1
2026-04-06,2026,15,SCO,Scotland,SCO-P4,6,122,74,48,60.7,Green,1
2026-04-06,2026,15,SE,South East,SE-P1,7,145,59,86,40.7,Green,1
2026-04-06,2026,15,SE,South East,SE-P2,7,131,67,64,51.1,Green,1
2026-04-06,2026,15,SE,South East,SE-P3,7,131,63,68,48.1,Green,1
2026-04-06,2026,15,SE,South East,SE-P4,7,129,70,59,54.3,Green,1
2026-04-06,2026,15,SE,South East,SE-P5,7,145,73,72,50.3,Green,1
2026-04-06,2026,15,SE,South East,SE-P6,7,136,66,70,48.5,Green,1
2026-04-06,2026,15,SE,South East,SE-P7,7,133,62,71,46.6,Green,1
2026-04-06,2026,15,SE,South East,SE-P8,7,147,72,75,49.0,Green,1
2026-04-06,2026,15,SW,South West,SW-P1,7,141,75,66,53.2,Green,1
2026-04-06,2026,15,SW,South West,SW-P2,7,138,74,64,53.6,Green,1
2026-04-06,2026,15,SW,South West,SW-P3,7,145,63,82,43.4,Green,1
2026-04-06,2026,15,SW,South West,SW-P4,7,136,59,77,43.4,Green,1
2026-04-06,2026,15,WAL,Wales,WAL-P1,7,147,68,79,46.3,Green,1
2026-04-06,2026,15,WAL,Wales,WAL-P2,7,134,77,57,57.5,Green,1
2026-04-06,2026,15,WAL,Wales,WAL-P3,7,138,67,71,48.6,Green,1
2026-04-06,2026,15,YRK,Yorkshire,YRK-P1,7,141,68,73,48.2,Green,1
2026-04-06,2026,15,YRK,Yorkshire,YRK-P2,6,130,77,53,59.2,Green,1
2026-04-06,2026,15,YRK,Yorkshire,YRK-P3,7,129,62,67,48.1,Green,1
2026-04-06,2026,15,YRK,Yorkshire,YRK-P4,7,128,75,53,58.6,Green,1
2026-04-06,2026,15,YRK,Yorkshire,YRK-P5,7,133,75,58,56.4,Green,1
2026-04-13,2026,16,MID,Midlands,MID-P1,9,158,69,89,43.7,Green,1
2026-04-13,2026,16,MID,Midlands,MID-P2,8,152,72,80,47.4,Green,1
2026-04-13,2026,16,MID,Midlands,MID-P3,8,147,81,66,55.1,Green,1
2026-04-13,2026,16,MID,Midlands,MID-P4,7,153,80,73,52.3,Green,1
2026-04-13,2026,16,MID,Midlands,MID-P5,7,143,71,72,49.7,Green,1
2026-04-13,2026,16,MID,Midlands,MID-P6,7,147,69,78,46.9,Green,1
2026-04-13,2026,16,MID,Midlands,MID-P7,8,155,70,85,45.2,Green,1
2026-04-13,2026,16,NE,North East,NE-P1,6,128,59,69,46.1,Green,1
2026-04-13,2026,16,NE,North East,NE-P2,6,130,56,74,43.1,Green,1
2026-04-13,2026,16,NE,North East,NE-P3,6,121,43,78,35.5,Green,1
2026-04-13,2026,16,NE,North East,NE-P4,6,113,71,42,62.8,Green,1
2026-04-13,2026,16,NE,North East,NE-P5,6,112,63,49,56.2,Green,1
2026-04-13,2026,16,NW,North West,NW-P1,7,144,93,51,64.6,Green,1
2026-04-13,2026,16,NW,North West,NW-P2,7,139,53,86,38.1,Green,1
2026-04-13,2026,16,NW,North West,NW-P3,7,143,77,66,53.8,Green,1
2026-04-13,2026,16,NW,North West,NW-P4,7,147,56,91,38.1,Green,1
2026-04-13,2026,16,NW,North West,NW-P5,7,139,66,73,47.5,Green,1
2026-04-13,2026,16,NW,North West,NW-P6,7,143,70,73,49.0,Green,1
2026-04-13,2026,16,SCO,Scotland,SCO-P1,7,134,80,54,59.7,Green,1
2026-04-13,2026,16,SCO,Scotland,SCO-P2,7,140,85,55,60.7,Green,1
2026-04-13,2026,16,SCO,Scotland,SCO-P3,7,149,59,90,39.6,Green,1
2026-04-13,2026,16,SCO,Scotland,SCO-P4,6,120,63,57,52.5,Green,1
2026-04-13,2026,16,SE,South East,SE-P1,7,146,86,60,58.9,Green,1
2026-04-13,2026,16,SE,South East,SE-P2,7,138,74,64,53.6,Green,1
2026-04-13,2026,16,SE,South East,SE-P3,7,140,71,69,50.7,Green,1
2026-04-13,2026,16,SE,South East,SE-P4,7,138,67,71,48.6,Green,1
2026-04-13,2026,16,SE,South East,SE-P5,7,152,60,92,39.5,Green,1
2026-04-13,2026,16,SE,South East,SE-P6,7,140,84,56,60.0,Green,1
2026-04-13,2026,16,SE,South East,SE-P7,7,147,67,80,45.6,Green,1
2026-04-13,2026,16,SE,South East,SE-P8,7,156,56,100,35.9,Green,1
2026-04-13,2026,16,SW,South West,SW-P1,6,124,69,55,55.6,Green,1
2026-04-13,2026,16,SW,South West,SW-P2,7,131,77,54,58.8,Green,1
2026-04-13,2026,16,SW,South West,SW-P3,7,137,61,76,44.5,Green,1
2026-04-13,2026,16,SW,South West,SW-P4,6,125,52,73,41.6,Green,1
2026-04-13,2026,16,WAL,Wales,WAL-P1,7,137,59,78,43.1,Green,1
2026-04-13,2026,16,WAL,Wales,WAL-P2,6,124,73,51,58.9,Green,1
2026-04-13,2026,16,WAL,Wales,WAL-P3,7,133,77,56,57.9,Green,1
2026-04-13,2026,16,YRK,Yorkshire,YRK-P1,7,145,79,66,54.5,Green,1
2026-04-13,2026,16,YRK,Yorkshire,YRK-P2,7,146,73,73,50.0,Green,1
2026-04-13,2026,16,YRK,Yorkshire,YRK-P3,7,143,75,68,52.4,Green,1
2026-04-13,2026,16,YRK,Yorkshire,YRK-P4,7,133,82,51,61.7,Green,1
2026-04-13,2026,16,YRK,Yorkshire,YRK-P5,7,144,73,71,50.7,Green,1
2026-04-20,2026,17,MID,Midlands,MID-P1,7,126,59,67,46.8,Green,1
2026-04-20,2026,17,MID,Midlands,MID-P2,6,124,65,59,52.4,Green,1
2026-04-20,2026,17,MID,Midlands,MID-P3,7,131,57,74,43.5,Green,1
2026-04-20,2026,17,MID,Midlands,MID-P4,7,147,61,86,41.5,Green,1
2026-04-20,2026,17,MID,Midlands,MID-P5,7,135,80,55,59.3,Green,1
2026-04-20,2026,17,MID,Midlands,MID-P6,7,136,69,67,50.7,Green,1
2026-04-20,2026,17,MID,Midlands,MID-P7,7,134,71,63,53.0,Green,1
2026-04-20,2026,17,NE,North East,NE-P1,7,131,47,84,35.9,Green,1
2026-04-20,2026,17,NE,North East,NE-P2,6,130,63,67,48.5,Green,1
2026-04-20,2026,17,NE,North East,NE-P3,6,113,61,52,54.0,Green,1
2026-04-20,2026,17,NE,North East,NE-P4,6,109,65,44,59.6,Green,1
2026-04-20,2026,17,NE,North East,NE-P5,6,121,55,66,45.5,Green,1
2026-04-20,2026,17,NW,North West,NW-P1,8,151,60,91,39.7,Green,1
2026-04-20,2026,17,NW,North West,NW-P2,8,153,76,77,49.7,Green,1
2026-04-20,2026,17,NW,North West,NW-P3,7,140,71,69,50.7,Green,1
2026-04-20,2026,17,NW,North West,NW-P4,7,151,73,78,48.3,Green,1
2026-04-20,2026,17,NW,North West,NW-P5,7,137,80,57,58.4,Green,1
2026-04-20,2026,17,NW,North West,NW-P6,7,145,57,88,39.3,Green,1
2026-04-20,2026,17,SCO,Scotland,SCO-P1,6,125,71,54,56.8,Green,1
2026-04-20,2026,17,SCO,Scotland,SCO-P2,7,142,70,72,49.3,Green,1
2026-04-20,2026,17,SCO,Scotland,SCO-P3,7,152,73,79,48.0,Green,1
2026-04-20,2026,17,SCO,Scotland,SCO-P4,7,129,69,60,53.5,Green,1
2026-04-20,2026,17,SE,South East,SE-P1,7,142,78,64,54.9,Green,1
2026-04-20,2026,17,SE,South East,SE-P2,7,128,66,62,51.6,Green,1
2026-04-20,2026,17,SE,South East,SE-P3,7,133,64,69,48.1,Green,1
2026-04-20,2026,17,SE,South East,SE-P4,7,131,82,49,62.6,Green,1
2026-04-20,2026,17,SE,South East,SE-P5,7,136,77,59,56.6,Green,1
2026-04-20,2026,17,SE,South East,SE-P6,7,132,64,68,48.5,Green,1
2026-04-20,2026,17,SE,South East,SE-P7,7,134,63,71,47.0,Green,1
2026-04-20,2026,17,SE,South East,SE-P8,7,143,59,84,41.3,Green,1
2026-04-20,2026,17,SW,South West,SW-P1,6,117,60,57,51.3,Green,1
2026-04-20,2026,17,SW,South West,SW-P2,6,118,63,55,53.4,Green,1
2026-04-20,2026,17,SW,South West,SW-P3,6,123,69,54,56.1,Green,1
2026-04-20,2026,17,SW,South West,SW-P4,5,108,59,49,54.6,Green,1
2026-04-20,2026,17,WAL,Wales,WAL-P1,7,134,66,68,49.3,Green,1
2026-04-20,2026,17,WAL,Wales,WAL-P2,7,127,68,59,53.5,Green,1
2026-04-20,2026,17,WAL,Wales,WAL-P3,6,130,77,53,59.2,Green,1
2026-04-20,2026,17,YRK,Yorkshire,YRK-P1,8,151,66,85,43.7,Green,1
2026-04-20,2026,17,YRK,Yorkshire,YRK-P2,7,139,79,60,56.8,Green,1
2026-04-20,2026,17,YRK,Yorkshire,YRK-P3,7,138,79,59,57.2,Green,1
2026-04-20,2026,17,YRK,Yorkshire,YRK-P4,7,133,68,65,51.1,Green,1
2026-04-20,2026,17,YRK,Yorkshire,YRK-P5,7,145,75,70,51.7,Green,1
2026-04-27,2026,18,MID,Midlands,MID-P1,7,140,66,74,47.1,Green,1
2026-04-27,2026,18,MID,Midlands,MID-P2,7,139,66,73,47.5,Green,1
2026-04-27,2026,18,MID,Midlands,MID-P3,7,137,70,67,51.1,Green,1
2026-04-27,2026,18,MID,Midlands,MID-P4,7,147,75,72,51.0,Green,1
2026-04-27,2026,18,MID,Midlands,MID-P5,7,141,82,59,58.2,Green,1
2026-04-27,2026,18,MID,Midlands,MID-P6,7,147,90,57,61.2,Green,1
2026-04-27,2026,18,MID,Midlands,MID-P7,7,142,68,74,47.9,Green,1
2026-04-27,2026,18,NE,North East,NE-P1,6,125,69,56,55.2,Green,1
2026-04-27,2026,18,NE,North East,NE-P2,6,131,60,71,45.8,Green,1
2026-04-27,2026,18,NE,North East,NE-P3,6,118,61,57,51.7,Green,1
2026-04-27,2026,18,NE,North East,NE-P4,6,115,49,66,42.6,Green,1
2026-04-27,2026,18,NE,North East,NE-P5,6,120,67,53,55.8,Green,1
2026-04-27,2026,18,NW,North West,NW-P1,8,150,70,80,46.7,Green,1
2026-04-27,2026,18,NW,North West,NW-P2,8,148,73,75,49.3,Green,1
2026-04-27,2026,18,NW,North West,NW-P3,7,145,77,68,53.1,Green,1
2026-04-27,2026,18,NW,North West,NW-P4,7,149,68,81,45.6,Green,1
2026-04-27,2026,18,NW,North West,NW-P5,7,138,63,75,45.7,Green,1
2026-04-27,2026,18,NW,North West,NW-P6,7,144,65,79,45.1,Green,1
2026-04-27,2026,18,SCO,Scotland,SCO-P1,7,137,74,63,54.0,Green,1
2026-04-27,2026,18,SCO,Scotland,SCO-P2,7,140,77,63,55.0,Green,1
2026-04-27,2026,18,SCO,Scotland,SCO-P3,7,152,58,94,38.2,Green,1
2026-04-27,2026,18,SCO,Scotland,SCO-P4,7,132,74,58,56.1,Green,1
2026-04-27,2026,18,SE,South East,SE-P1,6,128,65,63,50.8,Green,1
2026-04-27,2026,18,SE,South East,SE-P2,7,121,76,45,62.8,Green,1
2026-04-27,2026,18,SE,South East,SE-P3,7,124,79,45,63.7,Green,1
2026-04-27,2026,18,SE,South East,SE-P4,7,126,56,70,44.4,Green,1
2026-04-27,2026,18,SE,South East,SE-P5,7,135,71,64,52.6,Green,1
2026-04-27,2026,18,SE,South East,SE-P6,6,115,75,40,65.2,Green,1
2026-04-27,2026,18,SE,South East,SE-P7,6,121,56,65,46.3,Green,1
2026-04-27,2026,18,SE,South East,SE-P8,6,131,60,71,45.8,Green,1
2026-04-27,2026,18,SW,South West,SW-P1,6,124,66,58,53.2,Green,1
2026-04-27,2026,18,SW,South West,SW-P2,6,119,74,45,62.2,Green,1
2026-04-27,2026,18,SW,South West,SW-P3,6,128,68,60,53.1,Green,1
2026-04-27,2026,18,SW,South West,SW-P4,6,117,55,62,47.0,Green,1
2026-04-27,2026,18,WAL,Wales,WAL-P1,7,138,71,67,51.4,Green,1
2026-04-27,2026,18,WAL,Wales,WAL-P2,7,128,66,62,51.6,Green,1
2026-04-27,2026,18,WAL,Wales,WAL-P3,6,130,69,61,53.1,Green,1
2026-04-27,2026,18,YRK,Yorkshire,YRK-P1,8,149,65,84,43.6,Green,1
2026-04-27,2026,18,YRK,Yorkshire,YRK-P2,7,145,67,78,46.2,Green,1
2026-04-27,2026,18,YRK,Yorkshire,YRK-P3,7,146,80,66,54.8,Green,1
2026-04-27,2026,18,YRK,Yorkshire,YRK-P4,8,142,76,66,53.5,Green,1
2026-04-27,2026,18,YRK,Yorkshire,YRK-P5,8,154,88,66,57.1,Green,1
2026-05-04,2026,19,MID,Midlands,MID-P1,7,134,76,58,56.7,Green,1
2026-05-04,2026,19,MID,Midlands,MID-P2,7,137,66,71,48.2,Green,1
2026-05-04,2026,19,MID,Midlands,MID-P3,7,143,71,72,49.7,Green,1
2026-05-04,2026,19,MID,Midlands,MID-P4,7,151,75,76,49.7,Green,1
2026-05-04,2026,19,MID,Midlands,MID-P5,7,138,84,54,60.9,Green,1
2026-05-04,2026,19,MID,Midlands,MID-P6,7,145,82,63,56.6,Green,1
2026-05-04,2026,19,MID,Midlands,MID-P7,7,135,69,66,51.1,Green,1
2026-05-04,2026,19,NE,North East,NE-P1,6,125,54,71,43.2,Green,1
2026-05-04,2026,19,NE,North East,NE-P2,6,130,69,61,53.1,Green,1
2026-05-04,2026,19,NE,North East,NE-P3,6,115,64,51,55.7,Green,1
2026-05-04,2026,19,NE,North East,NE-P4,6,107,66,41,61.7,Green,1
2026-05-04,2026,19,NE,North East,NE-P5,6,111,54,57,48.6,Green,1
2026-05-04,2026,19,NW,North West,NW-P1,7,141,83,58,58.9,Green,1
2026-05-04,2026,19,NW,North West,NW-P2,7,143,65,78,45.5,Green,1
2026-05-04,2026,19,NW,North West,NW-P3,7,142,70,72,49.3,Green,1
2026-05-04,2026,19,NW,North West,NW-P4,7,150,69,81,46.0,Green,1
2026-05-04,2026,19,NW,North West,NW-P5,7,139,67,72,48.2,Green,1
2026-05-04,2026,19,NW,North West,NW-P6,7,146,77,69,52.7,Green,1
2026-05-04,2026,19,SCO,Scotland,SCO-P1,7,133,64,69,48.1,Green,1
2026-05-04,2026,19,SCO,Scotland,SCO-P2,7,151,73,78,48.3,Green,1
2026-05-04,2026,19,SCO,Scotland,SCO-P3,7,150,71,79,47.3,Green,1
2026-05-04,2026,19,SCO,Scotland,SCO-P4,7,128,71,57,55.5,Green,1
2026-05-04,2026,19,SE,South East,SE-P1,7,134,64,70,47.8,Green,1
2026-05-04,2026,19,SE,South East,SE-P2,7,123,76,47,61.8,Green,1
2026-05-04,2026,19,SE,South East,SE-P3,7,128,68,60,53.1,Green,1
2026-05-04,2026,19,SE,South East,SE-P4,7,126,71,55,56.3,Green,1
2026-05-04,2026,19,SE,South East,SE-P5,7,140,65,75,46.4,Green,1
2026-05-04,2026,19,SE,South East,SE-P6,6,128,66,62,51.6,Green,1
2026-05-04,2026,19,SE,South East,SE-P7,6,130,68,62,52.3,Green,1
2026-05-04,2026,19,SE,South East,SE-P8,6,140,74,66,52.9,Green,1
2026-05-04,2026,19,SW,South West,SW-P1,6,124,55,69,44.4,Green,1
2026-05-04,2026,19,SW,South West,SW-P2,7,126,75,51,59.5,Green,1
2026-05-04,2026,19,SW,South West,SW-P3,6,130,72,58,55.4,Green,1
2026-05-04,2026,19,SW,South West,SW-P4,6,120,61,59,50.8,Green,1
2026-05-04,2026,19,WAL,Wales,WAL-P1,7,143,78,65,54.5,Green,1
2026-05-04,2026,19,WAL,Wales,WAL-P2,7,132,64,68,48.5,Green,1
2026-05-04,2026,19,WAL,Wales,WAL-P3,7,140,71,69,50.7,Green,1
2026-05-04,2026,19,YRK,Yorkshire,YRK-P1,8,149,63,86,42.3,Green,1
2026-05-04,2026,19,YRK,Yorkshire,YRK-P2,7,145,76,69,52.4,Green,1
2026-05-04,2026,19,YRK,Yorkshire,YRK-P3,7,142,77,65,54.2,Green,1
2026-05-04,2026,19,YRK,Yorkshire,YRK-P4,7,140,81,59,57.9,Green,1
2026-05-04,2026,19,YRK,Yorkshire,YRK-P5,7,151,76,75,50.3,Green,1
2026-05-11,2026,20,MID,Midlands,MID-P1,8,145,76,69,52.4,Green,1
2026-05-11,2026,20,MID,Midlands,MID-P2,7,137,77,60,56.2,Green,1
2026-05-11,2026,20,MID,Midlands,MID-P3,7,142,88,54,62.0,Green,1
2026-05-11,2026,20,MID,Midlands,MID-P4,7,150,83,67,55.3,Green,1
2026-05-11,2026,20,MID,Midlands,MID-P5,7,139,72,67,51.8,Green,1
2026-05-11,2026,20,MID,Midlands,MID-P6,7,143,63,80,44.1,Green,1
2026-05-11,2026,20,MID,Midlands,MID-P7,7,147,67,80,45.6,Green,1
2026-05-11,2026,20,NE,North East,NE-P1,7,132,62,70,47.0,Green,1
2026-05-11,2026,20,NE,North East,NE-P2,7,134,61,73,45.5,Green,1
2026-05-11,2026,20,NE,North East,NE-P3,6,117,64,53,54.7,Green,1
2026-05-11,2026,20,NE,North East,NE-P4,6,118,72,46,61.0,Green,1
2026-05-11,2026,20,NE,North East,NE-P5,6,129,71,58,55.0,Green,1
2026-05-11,2026,20,NW,North West,NW-P1,7,142,63,79,44.4,Green,1
2026-05-11,2026,20,NW,North West,NW-P2,7,136,74,62,54.4,Green,1
2026-05-11,2026,20,NW,North West,NW-P3,7,137,81,56,59.1,Green,1
2026-05-11,2026,20,NW,North West,NW-P4,7,143,56,87,39.2,Green,1
2026-05-11,2026,20,NW,North West,NW-P5,6,123,85,38,69.1,Green,1
2026-05-11,2026,20,NW,North West,NW-P6,6,130,60,70,46.2,Green,1
2026-05-11,2026,20,SCO,Scotland,SCO-P1,7,136,65,71,47.8,Green,1
2026-05-11,2026,20,SCO,Scotland,SCO-P2,7,145,62,83,42.8,Green,1
2026-05-11,2026,20,SCO,Scotland,SCO-P3,7,157,81,76,51.6,Green,1
2026-05-11,2026,20,SCO,Scotland,SCO-P4,7,130,77,53,59.2,Green,1
2026-05-11,2026,20,SE,South East,SE-P1,7,140,77,63,55.0,Green,1
2026-05-11,2026,20,SE,South East,SE-P2,7,122,72,50,59.0,Green,1
2026-05-11,2026,20,SE,South East,SE-P3,7,130,57,73,43.8,Green,1
2026-05-11,2026,20,SE,South East,SE-P4,7,135,67,68,49.6,Green,1
2026-05-11,2026,20,SE,South East,SE-P5,7,153,78,75,51.0,Green,1
2026-05-11,2026,20,SE,South East,SE-P6,7,132,75,57,56.8,Green,1
2026-05-11,2026,20,SE,South East,SE-P7,7,133,71,62,53.4,Green,1
2026-05-11,2026,20,SE,South East,SE-P8,6,144,70,74,48.6,Green,1
2026-05-11,2026,20,SW,South West,SW-P1,6,124,69,55,55.6,Green,1
2026-05-11,2026,20,SW,South West,SW-P2,6,120,65,55,54.2,Green,1
2026-05-11,2026,20,SW,South West,SW-P3,6,126,63,63,50.0,Green,1
2026-05-11,2026,20,SW,South West,SW-P4,6,120,59,61,49.2,Green,1
2026-05-11,2026,20,WAL,Wales,WAL-P1,7,144,74,70,51.4,Green,1
2026-05-11,2026,20,WAL,Wales,WAL-P2,7,128,70,58,54.7,Green,1
2026-05-11,2026,20,WAL,Wales,WAL-P3,7,138,70,68,50.7,Green,1
2026-05-11,2026,20,YRK,Yorkshire,YRK-P1,8,152,95,57,62.5,Green,1
2026-05-11,2026,20,YRK,Yorkshire,YRK-P2,7,147,59,88,40.1,Green,1
2026-05-11,2026,20,YRK,Yorkshire,YRK-P3,8,149,58,91,38.9,Green,1
2026-05-11,2026,20,YRK,Yorkshire,YRK-P4,8,145,83,62,57.2,Green,1
2026-05-11,2026,20,YRK,Yorkshire,YRK-P5,7,149,77,72,51.7,Green,1
2026-05-18,2026,21,MID,Midlands,MID-P1,8,148,79,69,53.4,Green,1
2026-05-18,2026,21,MID,Midlands,MID-P2,8,149,83,66,55.7,Green,1
2026-05-18,2026,21,MID,Midlands,MID-P3,7,142,80,62,56.3,Green,1
2026-05-18,2026,21,MID,Midlands,MID-P4,7,146,75,71,51.4,Green,1
2026-05-18,2026,21,MID,Midlands,MID-P5,7,134,87,47,64.9,Green,1
2026-05-18,2026,21,MID,Midlands,MID-P6,7,149,73,76,49.0,Green,1
2026-05-18,2026,21,MID,Midlands,MID-P7,7,152,57,95,37.5,Green,1
2026-05-18,2026,21,NE,North East,NE-P1,7,136,66,70,48.5,Green,1
2026-05-18,2026,21,NE,North East,NE-P2,7,143,58,85,40.6,Green,1
2026-05-18,2026,21,NE,North East,NE-P3,6,121,67,54,55.4,Green,1
2026-05-18,2026,21,NE,North East,NE-P4,6,108,61,47,56.5,Green,1
2026-05-18,2026,21,NE,North East,NE-P5,6,121,75,46,62.0,Green,1
2026-05-18,2026,21,NW,North West,NW-P1,7,132,68,64,51.5,Green,1
2026-05-18,2026,21,NW,North West,NW-P2,7,134,70,64,52.2,Green,1
2026-05-18,2026,21,NW,North West,NW-P3,6,128,62,66,48.4,Green,1
2026-05-18,2026,21,NW,North West,NW-P4,6,130,69,61,53.1,Green,1
2026-05-18,2026,21,NW,North West,NW-P5,6,119,60,59,50.4,Green,1
2026-05-18,2026,21,NW,North West,NW-P6,6,122,67,55,54.9,Green,1
2026-05-18,2026,21,SCO,Scotland,SCO-P1,8,149,72,77,48.3,Green,1
2026-05-18,2026,21,SCO,Scotland,SCO-P2,8,157,69,88,43.9,Green,1
2026-05-18,2026,21,SCO,Scotland,SCO-P3,8,166,73,93,44.0,Green,1
2026-05-18,2026,21,SCO,Scotland,SCO-P4,7,141,83,58,58.9,Green,1
2026-05-18,2026,21,SE,South East,SE-P1,8,160,94,66,58.8,Green,1
2026-05-18,2026,21,SE,South East,SE-P2,8,144,84,60,58.3,Green,1
2026-05-18,2026,21,SE,South East,SE-P3,7,138,83,55,60.1,Green,1
2026-05-18,2026,21,SE,South East,SE-P4,7,135,68,67,50.4,Green,1
2026-05-18,2026,21,SE,South East,SE-P5,8,159,77,82,48.4,Green,1
2026-05-18,2026,21,SE,South East,SE-P6,7,145,77,68,53.1,Green,1
2026-05-18,2026,21,SE,South East,SE-P7,7,152,76,76,50.0,Green,1
2026-05-18,2026,21,SE,South East,SE-P8,8,169,72,97,42.6,Green,1
2026-05-18,2026,21,SW,South West,SW-P1,7,127,70,57,55.1,Green,1
2026-05-18,2026,21,SW,South West,SW-P2,7,132,61,71,46.2,Green,1
2026-05-18,2026,21,SW,South West,SW-P3,7,132,65,67,49.2,Green,1
2026-05-18,2026,21,SW,South West,SW-P4,6,122,78,44,63.9,Green,1
2026-05-18,2026,21,WAL,Wales,WAL-P1,8,154,75,79,48.7,Green,1
2026-05-18,2026,21,WAL,Wales,WAL-P2,7,134,74,60,55.2,Green,1
2026-05-18,2026,21,WAL,Wales,WAL-P3,7,146,76,70,52.1,Green,1
2026-05-18,2026,21,YRK,Yorkshire,YRK-P1,9,169,66,103,39.1,Green,1
2026-05-18,2026,21,YRK,Yorkshire,YRK-P2,8,170,81,89,47.6,Green,1
2026-05-18,2026,21,YRK,Yorkshire,YRK-P3,8,154,82,72,53.2,Green,1
2026-05-18,2026,21,YRK,Yorkshire,YRK-P4,8,152,77,75,50.7,Green,1
2026-05-18,2026,21,YRK,Yorkshire,YRK-P5,8,166,83,83,50.0,Green,1
2026-05-25,2026,22,MID,Midlands,MID-P1,8,143,72,71,50.3,Green,1
2026-05-25,2026,22,MID,Midlands,MID-P2,7,146,78,68,53.4,Green,1
2026-05-25,2026,22,MID,Midlands,MID-P3,7,144,71,73,49.3,Green,1
2026-05-25,2026,22,MID,Midlands,MID-P4,7,150,86,64,57.3,Green,1
2026-05-25,2026,22,MID,Midlands,MID-P5,7,139,77,62,55.4,Green,1
2026-05-25,2026,22,MID,Midlands,MID-P6,7,144,79,65,54.9,Green,1
2026-05-25,2026,22,MID,Midlands,MID-P7,7,146,78,68,53.4,Green,1
2026-05-25,2026,22,NE,North East,NE-P1,6,126,64,62,50.8,Green,1
2026-05-25,2026,22,NE,North East,NE-P2,6,132,64,68,48.5,Green,1
2026-05-25,2026,22,NE,North East,NE-P3,6,114,68,46,59.6,Green,1
2026-05-25,2026,22,NE,North East,NE-P4,6,110,53,57,48.2,Green,1
2026-05-25,2026,22,NE,North East,NE-P5,6,122,70,52,57.4,Green,1
2026-05-25,2026,22,NW,North West,NW-P1,8,155,75,80,48.4,Green,1
2026-05-25,2026,22,NW,North West,NW-P2,7,142,76,66,53.5,Green,1
2026-05-25,2026,22,NW,North West,NW-P3,7,146,91,55,62.3,Green,1
2026-05-25,2026,22,NW,North West,NW-P4,7,154,75,79,48.7,Green,1
2026-05-25,2026,22,NW,North West,NW-P5,7,143,67,76,46.9,Green,1
2026-05-25,2026,22,NW,North West,NW-P6,7,152,77,75,50.7,Green,1
2026-05-25,2026,22,SCO,Scotland,SCO-P1,8,154,77,77,50.0,Green,1
2026-05-25,2026,22,SCO,Scotland,SCO-P2,8,159,74,85,46.5,Green,1
2026-05-25,2026,22,SCO,Scotland,SCO-P3,8,162,67,95,41.4,Green,1
2026-05-25,2026,22,SCO,Scotland,SCO-P4,7,140,67,73,47.9,Green,1
2026-05-25,2026,22,SE,South East,SE-P1,8,154,68,86,44.2,Green,1
2026-05-25,2026,22,SE,South East,SE-P2,7,131,82,49,62.6,Green,1
2026-05-25,2026,22,SE,South East,SE-P3,7,138,80,58,58.0,Green,1
2026-05-25,2026,22,SE,South East,SE-P4,7,136,81,55,59.6,Green,1
2026-05-25,2026,22,SE,South East,SE-P5,7,154,70,84,45.5,Green,1
2026-05-25,2026,22,SE,South East,SE-P6,7,136,66,70,48.5,Green,1
2026-05-25,2026,22,SE,South East,SE-P7,7,134,76,58,56.7,Green,1
2026-05-25,2026,22,SE,South East,SE-P8,7,155,78,77,50.3,Green,1
2026-05-25,2026,22,SW,South West,SW-P1,7,140,53,87,37.9,Green,1
2026-05-25,2026,22,SW,South West,SW-P2,7,141,89,52,63.1,Green,1
2026-05-25,2026,22,SW,South West,SW-P3,7,144,69,75,47.9,Green,1
2026-05-25,2026,22,SW,South West,SW-P4,7,132,74,58,56.1,Green,1
2026-05-25,2026,22,WAL,Wales,WAL-P1,8,164,88,76,53.7,Green,1
2026-05-25,2026,22,WAL,Wales,WAL-P2,8,151,69,82,45.7,Green,1
2026-05-25,2026,22,WAL,Wales,WAL-P3,8,159,74,85,46.5,Green,1
2026-05-25,2026,22,YRK,Yorkshire,YRK-P1,9,173,74,99,42.8,Green,1
2026-05-25,2026,22,YRK,Yorkshire,YRK-P2,8,163,68,95,41.7,Green,1
2026-05-25,2026,22,YRK,Yorkshire,YRK-P3,8,161,82,79,50.9,Green,1
2026-05-25,2026,22,YRK,Yorkshire,YRK-P4,8,155,88,67,56.8,Green,1
2026-05-25,2026,22,YRK,Yorkshire,YRK-P5,8,167,75,92,44.9,Green,1
2026-06-01,2026,23,MID,Midlands,MID-P1,8,154,83,71,53.9,Green,1
2026-06-01,2026,23,MID,Midlands,MID-P2,7,142,84,58,59.2,Green,1
2026-06-01,2026,23,MID,Midlands,MID-P3,7,137,87,50,63.5,Green,1
2026-06-01,2026,23,MID,Midlands,MID-P4,7,152,73,79,48.0,Green,1
2026-06-01,2026,23,MID,Midlands,MID-P5,7,144,63,81,43.8,Green,1
2026-06-01,2026,23,MID,Midlands,MID-P6,8,157,75,82,47.8,Green,1
2026-06-01,2026,23,MID,Midlands,MID-P7,8,162,85,77,52.5,Green,1
2026-06-01,2026,23,NE,North East,NE-P1,7,132,61,71,46.2,Green,1
2026-06-01,2026,23,NE,North East,NE-P2,7,135,67,68,49.6,Green,1
2026-06-01,2026,23,NE,North East,NE-P3,6,127,59,68,46.5,Green,1
2026-06-01,2026,23,NE,North East,NE-P4,6,113,72,41,63.7,Green,1
2026-06-01,2026,23,NE,North East,NE-P5,6,119,80,39,67.2,Green,1
2026-06-01,2026,23,NW,North West,NW-P1,7,147,77,70,52.4,Green,1
2026-06-01,2026,23,NW,North West,NW-P2,7,143,77,66,53.8,Green,1
2026-06-01,2026,23,NW,North West,NW-P3,7,142,76,66,53.5,Green,1
2026-06-01,2026,23,NW,North West,NW-P4,7,143,65,78,45.5,Green,1
2026-06-01,2026,23,NW,North West,NW-P5,7,125,75,50,60.0,Green,1
2026-06-01,2026,23,NW,North West,NW-P6,7,135,76,59,56.3,Green,1
2026-06-01,2026,23,SCO,Scotland,SCO-P1,8,152,60,92,39.5,Green,1
2026-06-01,2026,23,SCO,Scotland,SCO-P2,8,162,83,79,51.2,Green,1
2026-06-01,2026,23,SCO,Scotland,SCO-P3,8,173,77,96,44.5,Green,1
2026-06-01,2026,23,SCO,Scotland,SCO-P4,8,151,75,76,49.7,Green,1
2026-06-01,2026,23,SE,South East,SE-P1,8,161,73,88,45.3,Green,1
2026-06-01,2026,23,SE,South East,SE-P2,8,145,69,76,47.6,Green,1
2026-06-01,2026,23,SE,South East,SE-P3,8,146,76,70,52.1,Green,1
2026-06-01,2026,23,SE,South East,SE-P4,8,152,74,78,48.7,Green,1
2026-06-01,2026,23,SE,South East,SE-P5,8,163,80,83,49.1,Green,1
2026-06-01,2026,23,SE,South East,SE-P6,8,152,82,70,53.9,Green,1
2026-06-01,2026,23,SE,South East,SE-P7,8,158,87,71,55.1,Green,1
2026-06-01,2026,23,SE,South East,SE-P8,8,165,87,78,52.7,Green,1
2026-06-01,2026,23,SW,South West,SW-P1,7,144,71,73,49.3,Green,1
2026-06-01,2026,23,SW,South West,SW-P2,7,136,62,74,45.6,Green,1
2026-06-01,2026,23,SW,South West,SW-P3,7,151,67,84,44.4,Green,1
2026-06-01,2026,23,SW,South West,SW-P4,7,140,77,63,55.0,Green,1
2026-06-01,2026,23,WAL,Wales,WAL-P1,8,163,74,89,45.4,Green,1
2026-06-01,2026,23,WAL,Wales,WAL-P2,8,156,79,77,50.6,Green,1
2026-06-01,2026,23,WAL,Wales,WAL-P3,9,176,81,95,46.0,Green,1
2026-06-01,2026,23,YRK,Yorkshire,YRK-P1,9,175,82,93,46.9,Green,1
2026-06-01,2026,23,YRK,Yorkshire,YRK-P2,8,167,72,95,43.1,Green,1
2026-06-01,2026,23,YRK,Yorkshire,YRK-P3,8,164,72,92,43.9,Green,1
2026-06-01,2026,23,YRK,Yorkshire,YRK-P4,8,157,93,64,59.2,Green,1
2026-06-01,2026,23,YRK,Yorkshire,YRK-P5,8,166,87,79,52.4,Green,1
2026-06-08,2026,24,MID,Midlands,MID-P1,9,170,76,94,44.7,Green,1
2026-06-08,2026,24,MID,Midlands,MID-P2,8,166,92,74,55.4,Green,1
2026-06-08,2026,24,MID,Midlands,MID-P3,8,161,83,78,51.6,Green,1
2026-06-08,2026,24,MID,Midlands,MID-P4,8,165,78,87,47.3,Green,1
2026-06-08,2026,24,MID,Midlands,MID-P5,8,154,86,68,55.8,Green,1
2026-06-08,2026,24,MID,Midlands,MID-P6,8,160,82,78,51.2,Green,1
2026-06-08,2026,24,MID,Midlands,MID-P7,8,166,74,92,44.6,Green,1
2026-06-08,2026,24,NE,North East,NE-P1,7,139,62,77,44.6,Green,1
2026-06-08,2026,24,NE,North East,NE-P2,6,131,61,70,46.6,Green,1
2026-06-08,2026,24,NE,North East,NE-P3,6,113,53,60,46.9,Green,1
2026-06-08,2026,24,NE,North East,NE-P4,6,109,63,46,57.8,Green,1
2026-06-08,2026,24,NE,North East,NE-P5,6,124,81,43,65.3,Green,1
2026-06-08,2026,24,NW,North West,NW-P1,7,146,72,74,49.3,Green,1
2026-06-08,2026,24,NW,North West,NW-P2,7,143,83,60,58.0,Green,1
2026-06-08,2026,24,NW,North West,NW-P3,7,148,77,71,52.0,Green,1
2026-06-08,2026,24,NW,North West,NW-P4,7,147,85,62,57.8,Green,1
2026-06-08,2026,24,NW,North West,NW-P5,7,139,71,68,51.1,Green,1
2026-06-08,2026,24,NW,North West,NW-P6,7,143,71,72,49.7,Green,1
2026-06-08,2026,24,SCO,Scotland,SCO-P1,8,165,84,81,50.9,Green,1
2026-06-08,2026,24,SCO,Scotland,SCO-P2,8,175,76,99,43.4,Green,1
2026-06-08,2026,24,SCO,Scotland,SCO-P3,9,186,79,107,42.5,Green,1
2026-06-08,2026,24,SCO,Scotland,SCO-P4,8,159,86,73,54.1,Green,1
2026-06-08,2026,24,SE,South East,SE-P1,8,170,67,103,39.4,Green,1
2026-06-08,2026,24,SE,South East,SE-P2,8,156,84,72,53.8,Green,1
2026-06-08,2026,24,SE,South East,SE-P3,9,163,91,72,55.8,Green,1
2026-06-08,2026,24,SE,South East,SE-P4,9,161,92,69,57.1,Green,1
2026-06-08,2026,24,SE,South East,SE-P5,9,181,75,106,41.4,Green,1
2026-06-08,2026,24,SE,South East,SE-P6,8,160,73,87,45.6,Green,1
2026-06-08,2026,24,SE,South East,SE-P7,8,162,77,85,47.5,Green,1
2026-06-08,2026,24,SE,South East,SE-P8,8,174,80,94,46.0,Green,1
2026-06-08,2026,24,SW,South West,SW-P1,8,150,71,79,47.3,Green,1
2026-06-08,2026,24,SW,South West,SW-P2,8,157,68,89,43.3,Green,1
2026-06-08,2026,24,SW,South West,SW-P3,8,162,82,80,50.6,Green,1
2026-06-08,2026,24,SW,South West,SW-P4,7,148,77,71,52.0,Green,1
2026-06-08,2026,24,WAL,Wales,WAL-P1,8,164,84,80,51.2,Green,1
2026-06-08,2026,24,WAL,Wales,WAL-P2,8,157,62,95,39.5,Green,1
2026-06-08,2026,24,WAL,Wales,WAL-P3,8,169,91,78,53.8,Green,1
2026-06-08,2026,24,YRK,Yorkshire,YRK-P1,9,180,84,96,46.7,Green,1
2026-06-08,2026,24,YRK,Yorkshire,YRK-P2,9,178,81,97,45.5,Green,1
2026-06-08,2026,24,YRK,Yorkshire,YRK-P3,9,169,72,97,42.6,Green,1
2026-06-08,2026,24,YRK,Yorkshire,YRK-P4,8,159,93,66,58.5,Green,1
2026-06-08,2026,24,YRK,Yorkshire,YRK-P5,8,171,97,74,56.7,Green,1
2026-06-15,2026,25,MID,Midlands,MID-P1,9,162,87,75,53.7,Green,1
2026-06-15,2026,25,MID,Midlands,MID-P2,8,158,75,83,47.5,Green,1
2026-06-15,2026,25,MID,Midlands,MID-P3,8,164,85,79,51.8,Green,1
2026-06-15,2026,25,MID,Midlands,MID-P4,8,168,79,89,47.0,Green,1
2026-06-15,2026,25,MID,Midlands,MID-P5,8,158,81,77,51.3,Green,1
2026-06-15,2026,25,MID,Midlands,MID-P6,8,169,72,97,42.6,Green,1
2026-06-15,2026,25,MID,Midlands,MID-P7,8,164,75,89,45.7,Green,1
2026-06-15,2026,25,NE,North East,NE-P1,7,144,66,78,45.8,Green,1
2026-06-15,2026,25,NE,North East,NE-P2,8,155,75,80,48.4,Green,1
2026-06-15,2026,25,NE,North East,NE-P3,7,140,55,85,39.3,Green,1
2026-06-15,2026,25,NE,North East,NE-P4,7,126,83,43,65.9,Green,1
2026-06-15,2026,25,NE,North East,NE-P5,7,136,69,67,50.7,Green,1
2026-06-15,2026,25,NW,North West,NW-P1,8,153,74,79,48.4,Green,1
2026-06-15,2026,25,NW,North West,NW-P2,8,160,92,68,57.5,Green,1
2026-06-15,2026,25,NW,North West,NW-P3,8,158,67,91,42.4,Green,1
2026-06-15,2026,25,NW,North West,NW-P4,8,158,83,75,52.5,Green,1
2026-06-15,2026,25,NW,North West,NW-P5,8,147,82,65,55.8,Green,1
2026-06-15,2026,25,NW,North West,NW-P6,7,150,71,79,47.3,Green,1
2026-06-15,2026,25,SCO,Scotland,SCO-P1,9,174,97,77,55.7,Green,1
2026-06-15,2026,25,SCO,Scotland,SCO-P2,9,180,83,97,46.1,Green,1
2026-06-15,2026,25,SCO,Scotland,SCO-P3,9,180,78,102,43.3,Green,1
2026-06-15,2026,25,SCO,Scotland,SCO-P4,8,156,78,78,50.0,Green,1
2026-06-15,2026,25,SE,South East,SE-P1,8,171,89,82,52.0,Green,1
2026-06-15,2026,25,SE,South East,SE-P2,8,152,74,78,48.7,Green,1
2026-06-15,2026,25,SE,South East,SE-P3,8,158,77,81,48.7,Green,1
2026-06-15,2026,25,SE,South East,SE-P4,9,159,72,87,45.3,Green,1
2026-06-15,2026,25,SE,South East,SE-P5,8,172,86,86,50.0,Green,1
2026-06-15,2026,25,SE,South East,SE-P6,8,159,86,73,54.1,Green,1
2026-06-15,2026,25,SE,South East,SE-P7,8,165,75,90,45.5,Green,1
2026-06-15,2026,25,SE,South East,SE-P8,7,162,70,92,43.2,Green,1
2026-06-15,2026,25,SW,South West,SW-P1,8,146,86,60,58.9,Green,1
2026-06-15,2026,25,SW,South West,SW-P2,8,146,66,80,45.2,Green,1
2026-06-15,2026,25,SW,South West,SW-P3,8,163,67,96,41.1,Green,1
2026-06-15,2026,25,SW,South West,SW-P4,7,144,74,70,51.4,Green,1
2026-06-15,2026,25,WAL,Wales,WAL-P1,8,165,82,83,49.7,Green,1
2026-06-15,2026,25,WAL,Wales,WAL-P2,8,158,75,83,47.5,Green,1
2026-06-15,2026,25,WAL,Wales,WAL-P3,8,162,84,78,51.9,Green,1
2026-06-15,2026,25,YRK,Yorkshire,YRK-P1,9,173,98,75,56.6,Green,1
2026-06-15,2026,25,YRK,Yorkshire,YRK-P2,8,170,77,93,45.3,Green,1
2026-06-15,2026,25,YRK,Yorkshire,YRK-P3,9,169,70,99,41.4,Green,1
2026-06-15,2026,25,YRK,Yorkshire,YRK-P4,8,163,92,71,56.4,Green,1
2026-06-15,2026,25,YRK,Yorkshire,YRK-P5,8,171,80,91,46.8,Green,1
2026-06-22,2026,26,MID,Midlands,MID-P1,10,177,94,83,53.1,Green,1
2026-06-22,2026,26,MID,Midlands,MID-P2,9,175,74,101,42.3,Green,1
2026-06-22,2026,26,MID,Midlands,MID-P3,9,170,89,81,52.4,Green,1
2026-06-22,2026,26,MID,Midlands,MID-P4,9,179,83,96,46.4,Green,1
2026-06-22,2026,26,MID,Midlands,MID-P5,8,159,75,84,47.2,Green,1
2026-06-22,2026,26,MID,Midlands,MID-P6,8,168,92,76,54.8,Green,1
2026-06-22,2026,26,MID,Midlands,MID-P7,9,176,89,87,50.6,Green,1
2026-06-22,2026,26,NE,North East,NE-P1,8,155,85,70,54.8,Green,1
2026-06-22,2026,26,NE,North East,NE-P2,8,162,71,91,43.8,Green,1
2026-06-22,2026,26,NE,North East,NE-P3,7,142,70,72,49.3,Green,1
2026-06-22,2026,26,NE,North East,NE-P4,7,135,66,69,48.9,Green,1
2026-06-22,2026,26,NE,North East,NE-P5,7,143,71,72,49.7,Green,1
2026-06-22,2026,26,NW,North West,NW-P1,9,167,88,79,52.7,Green,1
2026-06-22,2026,26,NW,North West,NW-P2,9,171,80,91,46.8,Green,1
2026-06-22,2026,26,NW,North West,NW-P3,8,163,80,83,49.1,Green,1
2026-06-22,2026,26,NW,North West,NW-P4,8,168,77,91,45.8,Green,1
2026-06-22,2026,26,NW,North West,NW-P5,8,148,76,72,51.4,Green,1
2026-06-22,2026,26,NW,North West,NW-P6,7,150,75,75,50.0,Green,1
2026-06-22,2026,26,SCO,Scotland,SCO-P1,9,167,88,79,52.7,Green,1
2026-06-22,2026,26,SCO,Scotland,SCO-P2,9,185,84,101,45.4,Green,1
2026-06-22,2026,26,SCO,Scotland,SCO-P3,9,189,77,112,40.7,Green,1
2026-06-22,2026,26,SCO,Scotland,SCO-P4,8,159,85,74,53.5,Green,1
2026-06-22,2026,26,SE,South East,SE-P1,9,178,107,71,60.1,Green,1
2026-06-22,2026,26,SE,South East,SE-P2,9,164,86,78,52.4,Green,1
2026-06-22,2026,26,SE,South East,SE-P3,9,165,65,100,39.4,Green,1
2026-06-22,2026,26,SE,South East,SE-P4,9,166,92,74,55.4,Green,1
2026-06-22,2026,26,SE,South East,SE-P5,9,186,85,101,45.7,Green,1
2026-06-22,2026,26,SE,South East,SE-P6,8,167,96,71,57.5,Green,1
2026-06-22,2026,26,SE,South East,SE-P7,9,175,71,104,40.6,Green,1
2026-06-22,2026,26,SE,South East,SE-P8,9,190,83,107,43.7,Green,1
2026-06-22,2026,26,SW,South West,SW-P1,8,159,77,82,48.4,Green,1
2026-06-22,2026,26,SW,South West,SW-P2,8,158,81,77,51.3,Green,1
2026-06-22,2026,26,SW,South West,SW-P3,8,173,63,110,36.4,Green,1
2026-06-22,2026,26,SW,South West,SW-P4,8,157,94,63,59.9,Green,1
2026-06-22,2026,26,WAL,Wales,WAL-P1,9,186,87,99,46.8,Green,1
2026-06-22,2026,26,WAL,Wales,WAL-P2,9,178,76,102,42.7,Green,1
2026-06-22,2026,26,WAL,Wales,WAL-P3,9,179,101,78,56.4,Green,1
2026-06-22,2026,26,YRK,Yorkshire,YRK-P1,9,179,90,89,50.3,Green,1
2026-06-22,2026,26,YRK,Yorkshire,YRK-P2,8,166,74,92,44.6,Green,1
2026-06-22,2026,26,YRK,Yorkshire,YRK-P3,8,166,83,83,50.0,Green,1
2026-06-22,2026,26,YRK,Yorkshire,YRK-P4,8,160,109,51,68.1,Green,1
2026-06-22,2026,26,YRK,Yorkshire,YRK-P5,9,174,69,105,39.7,Green,1
2026-06-29,2026,27,MID,Midlands,MID-P1,9,169,90,79,53.3,Green,1
2026-06-29,2026,27,MID,Midlands,MID-P2,9,172,94,78,54.7,Green,1
2026-06-29,2026,27,MID,Midlands,MID-P3,9,168,84,84,50.0,Green,1
2026-06-29,2026,27,MID,Midlands,MID-P4,9,186,90,96,48.4,Green,1
2026-06-29,2026,27,MID,Midlands,MID-P5,9,174,82,92,47.1,Green,1
2026-06-29,2026,27,MID,Midlands,MID-P6,9,180,93,87,51.7,Green,1
2026-06-29,2026,27,MID,Midlands,MID-P7,9,181,73,108,40.3,Green,1
2026-06-29,2026,27,NE,North East,NE-P1,8,160,71,89,44.4,Green,1
2026-06-29,2026,27,NE,North East,NE-P2,8,167,67,100,40.1,Green,1
2026-06-29,2026,27,NE,North East,NE-P3,7,144,90,54,62.5,Green,1
2026-06-29,2026,27,NE,North East,NE-P4,8,143,75,68,52.4,Green,1
2026-06-29,2026,27,NE,North East,NE-P5,7,149,76,73,51.0,Green,1
2026-06-29,2026,27,NW,North West,NW-P1,8,161,76,85,47.2,Green,1
2026-06-29,2026,27,NW,North West,NW-P2,8,161,67,94,41.6,Green,1
2026-06-29,2026,27,NW,North West,NW-P3,7,153,76,77,49.7,Green,1
2026-06-29,2026,27,NW,North West,NW-P4,7,151,71,80,47.0,Green,1
2026-06-29,2026,27,NW,North West,NW-P5,7,142,89,53,62.7,Green,1
2026-06-29,2026,27,NW,North West,NW-P6,8,156,78,78,50.0,Green,1
2026-06-29,2026,27,SCO,Scotland,SCO-P1,8,163,80,83,49.1,Green,1
2026-06-29,2026,27,SCO,Scotland,SCO-P2,9,176,83,93,47.2,Green,1
2026-06-29,2026,27,SCO,Scotland,SCO-P3,8,179,81,98,45.3,Green,1
2026-06-29,2026,27,SCO,Scotland,SCO-P4,8,157,91,66,58.0,Green,1
2026-06-29,2026,27,SE,South East,SE-P1,9,179,80,99,44.7,Green,1
2026-06-29,2026,27,SE,South East,SE-P2,9,161,82,79,50.9,Green,1
2026-06-29,2026,27,SE,South East,SE-P3,9,160,84,76,52.5,Green,1
2026-06-29,2026,27,SE,South East,SE-P4,9,157,69,88,43.9,Green,1
2026-06-29,2026,27,SE,South East,SE-P5,9,178,76,102,42.7,Green,1
2026-06-29,2026,27,SE,South East,SE-P6,8,168,92,76,54.8,Green,1
2026-06-29,2026,27,SE,South East,SE-P7,8,167,104,63,62.3,Green,1
2026-06-29,2026,27,SE,South East,SE-P8,8,182,68,114,37.4,Green,1
2026-06-29,2026,27,SW,South West,SW-P1,9,173,84,89,48.6,Green,1
2026-06-29,2026,27,SW,South West,SW-P2,9,175,79,96,45.1,Green,1
2026-06-29,2026,27,SW,South West,SW-P3,9,184,78,106,42.4,Green,1
2026-06-29,2026,27,SW,South West,SW-P4,8,168,93,75,55.4,Green,1
2026-06-29,2026,27,WAL,Wales,WAL-P1,9,187,90,97,48.1,Green,1
2026-06-29,2026,27,WAL,Wales,WAL-P2,9,171,89,82,52.0,Green,1
2026-06-29,2026,27,WAL,Wales,WAL-P3,8,172,78,94,45.3,Green,1
2026-06-29,2026,27,YRK,Yorkshire,YRK-P1,9,175,89,86,50.9,Green,1
2026-06-29,2026,27,YRK,Yorkshire,YRK-P2,8,167,85,82,50.9,Green,1
2026-06-29,2026,27,YRK,Yorkshire,YRK-P3,8,166,90,76,54.2,Green,1
2026-06-29,2026,27,YRK,Yorkshire,YRK-P4,8,156,88,68,56.4,Green,1
2026-06-29,2026,27,YRK,Yorkshire,YRK-P5,9,176,88,88,50.0,Green,1
2026-07-06,2026,28,MID,Midlands,MID-P1,9,175,81,94,46.3,Green,1
2026-07-06,2026,28,MID,Midlands,MID-P2,9,177,95,82,53.7,Green,1
2026-07-06,2026,28,MID,Midlands,MID-P3,9,176,78,98,44.3,Green,1
2026-07-06,2026,28,MID,Midlands,MID-P4,9,192,101,91,52.6,Green,1
2026-07-06,2026,28,MID,Midlands,MID-P5,9,183,82,101,44.8,Green,1
2026-07-06,2026,28,MID,Midlands,MID-P6,9,187,83,104,44.4,Green,1
2026-07-06,2026,28,MID,Midlands,MID-P7,10,199,97,102,48.7,Green,1
2026-07-06,2026,28,NE,North East,NE-P1,8,165,73,92,44.2,Green,1
2026-07-06,2026,28,NE,North East,NE-P2,8,166,90,76,54.2,Green,1
2026-07-06,2026,28,NE,North East,NE-P3,7,145,69,76,47.6,Green,1
2026-07-06,2026,28,NE,North East,NE-P4,8,141,77,64,54.6,Green,1
2026-07-06,2026,28,NE,North East,NE-P5,7,147,64,83,43.5,Green,1
2026-07-06,2026,28,NW,North West,NW-P1,9,185,101,84,54.6,Green,1
2026-07-06,2026,28,NW,North West,NW-P2,9,183,77,106,42.1,Green,1
2026-07-06,2026,28,NW,North West,NW-P3,9,179,91,88,50.8,Green,1
2026-07-06,2026,28,NW,North West,NW-P4,9,188,88,100,46.8,Green,1
2026-07-06,2026,28,NW,North West,NW-P5,9,170,75,95,44.1,Green,1
2026-07-06,2026,28,NW,North West,NW-P6,9,179,99,80,55.3,Green,1
2026-07-06,2026,28,SCO,Scotland,SCO-P1,8,157,92,65,58.6,Green,1
2026-07-06,2026,28,SCO,Scotland,SCO-P2,8,165,63,102,38.2,Green,1
2026-07-06,2026,28,SCO,Scotland,SCO-P3,8,167,86,81,51.5,Green,1
2026-07-06,2026,28,SCO,Scotland,SCO-P4,8,151,93,58,61.6,Green,1
2026-07-06,2026,28,SE,South East,SE-P1,10,199,95,104,47.7,Green,1
2026-07-06,2026,28,SE,South East,SE-P2,10,179,85,94,47.5,Green,1
2026-07-06,2026,28,SE,South East,SE-P3,10,183,101,82,55.2,Green,1
2026-07-06,2026,28,SE,South East,SE-P4,10,180,95,85,52.8,Green,1
2026-07-06,2026,28,SE,South East,SE-P5,10,197,97,100,49.2,Green,1
2026-07-06,2026,28,SE,South East,SE-P6,9,184,88,96,47.8,Green,1
2026-07-06,2026,28,SE,South East,SE-P7,9,182,79,103,43.4,Green,1
2026-07-06,2026,28,SE,South East,SE-P8,9,200,82,118,41.0,Green,1
2026-07-06,2026,28,SW,South West,SW-P1,8,158,87,71,55.1,Green,1
2026-07-06,2026,28,SW,South West,SW-P2,8,157,92,65,58.6,Green,1
2026-07-06,2026,28,SW,South West,SW-P3,8,164,72,92,43.9,Green,1
2026-07-06,2026,28,SW,South West,SW-P4,8,154,65,89,42.2,Green,1
2026-07-06,2026,28,WAL,Wales,WAL-P1,9,172,88,84,51.2,Green,1
2026-07-06,2026,28,WAL,Wales,WAL-P2,8,163,86,77,52.8,Green,1
2026-07-06,2026,28,WAL,Wales,WAL-P3,9,174,88,86,50.6,Green,1
2026-07-06,2026,28,YRK,Yorkshire,YRK-P1,9,179,96,83,53.6,Green,1
2026-07-06,2026,28,YRK,Yorkshire,YRK-P2,8,172,96,76,55.8,Green,1
2026-07-06,2026,28,YRK,Yorkshire,YRK-P3,9,168,89,79,53.0,Green,1
2026-07-06,2026,28,YRK,Yorkshire,YRK-P4,8,160,78,82,48.8,Green,1
2026-07-06,2026,28,YRK,Yorkshire,YRK-P5,8,167,98,69,58.7,Green,1
2026-07-13,2026,29,MID,Midlands,MID-P1,10,189,100,89,52.9,Green,1
2026-07-13,2026,29,MID,Midlands,MID-P2,10,193,92,101,47.7,Green,1
2026-07-13,2026,29,MID,Midlands,MID-P3,10,195,90,105,46.2,Green,1
2026-07-13,2026,29,MID,Midlands,MID-P4,10,208,95,113,45.7,Green,1
2026-07-13,2026,29,MID,Midlands,MID-P5,10,193,79,114,40.9,Green,1
2026-07-13,2026,29,MID,Midlands,MID-P6,9,183,94,89,51.4,Green,1
2026-07-13,2026,29,MID,Midlands,MID-P7,9,185,98,87,53.0,Green,1
2026-07-13,2026,29,NE,North East,NE-P1,9,174,69,105,39.7,Green,1
2026-07-13,2026,29,NE,North East,NE-P2,8,173,83,90,48.0,Green,1
2026-07-13,2026,29,NE,North East,NE-P3,8,153,74,79,48.4,Green,1
2026-07-13,2026,29,NE,North East,NE-P4,8,155,74,81,47.7,Green,1
2026-07-13,2026,29,NE,North East,NE-P5,8,166,86,80,51.8,Green,1
2026-07-13,2026,29,NW,North West,NW-P1,9,185,91,94,49.2,Green,1
2026-07-13,2026,29,NW,North West,NW-P2,10,189,76,113,40.2,Green,1
2026-07-13,2026,29,NW,North West,NW-P3,9,188,98,90,52.1,Green,1
2026-07-13,2026,29,NW,North West,NW-P4,9,189,92,97,48.7,Green,1
2026-07-13,2026,29,NW,North West,NW-P5,9,174,94,80,54.0,Green,1
2026-07-13,2026,29,NW,North West,NW-P6,9,188,79,109,42.0,Green,1
2026-07-13,2026,29,SCO,Scotland,SCO-P1,9,182,94,88,51.6,Green,1
2026-07-13,2026,29,SCO,Scotland,SCO-P2,9,188,89,99,47.3,Green,1
2026-07-13,2026,29,SCO,Scotland,SCO-P3,9,190,104,86,54.7,Green,1
2026-07-13,2026,29,SCO,Scotland,SCO-P4,8,164,91,73,55.5,Green,1
2026-07-13,2026,29,SE,South East,SE-P1,9,191,90,101,47.1,Green,1
2026-07-13,2026,29,SE,South East,SE-P2,10,178,94,84,52.8,Green,1
2026-07-13,2026,29,SE,South East,SE-P3,10,183,93,90,50.8,Green,1
2026-07-13,2026,29,SE,South East,SE-P4,10,180,99,81,55.0,Green,1
2026-07-13,2026,29,SE,South East,SE-P5,10,204,96,108,47.1,Green,1
2026-07-13,2026,29,SE,South East,SE-P6,9,182,72,110,39.6,Green,1
2026-07-13,2026,29,SE,South East,SE-P7,9,177,90,87,50.8,Green,1
2026-07-13,2026,29,SE,South East,SE-P8,9,193,103,90,53.4,Green,1
2026-07-13,2026,29,SW,South West,SW-P1,8,159,81,78,50.9,Green,1
2026-07-13,2026,29,SW,South West,SW-P2,8,160,79,81,49.4,Green,1
2026-07-13,2026,29,SW,South West,SW-P3,8,164,89,75,54.3,Green,1
2026-07-13,2026,29,SW,South West,SW-P4,8,160,87,73,54.4,Green,1
2026-07-13,2026,29,WAL,Wales,WAL-P1,9,181,88,93,48.6,Green,1
2026-07-13,2026,29,WAL,Wales,WAL-P2,8,162,95,67,58.6,Green,1
2026-07-13,2026,29,WAL,Wales,WAL-P3,9,173,94,79,54.3,Green,1
2026-07-13,2026,29,YRK,Yorkshire,YRK-P1,9,181,98,83,54.1,Green,1
2026-07-13,2026,29,YRK,Yorkshire,YRK-P2,9,182,98,84,53.8,Green,1
2026-07-13,2026,29,YRK,Yorkshire,YRK-P3,9,172,92,80,53.5,Green,1
2026-07-13,2026,29,YRK,Yorkshire,YRK-P4,9,167,73,94,43.7,Green,1
2026-07-13,2026,29,YRK,Yorkshire,YRK-P5,9,177,108,69,61.0,Green,1
2026-07-20,2026,30,MID,Midlands,MID-P1,10,185,96,89,51.9,Green,1
2026-07-20,2026,30,MID,Midlands,MID-P2,9,177,102,75,57.6,Green,1
2026-07-20,2026,30,MID,Midlands,MID-P3,9,180,104,76,57.8,Green,1
2026-07-20,2026,30,MID,Midlands,MID-P4,9,193,90,103,46.6,Green,1
2026-07-20,2026,30,MID,Midlands,MID-P5,9,181,95,86,52.5,Green,1
2026-07-20,2026,30,MID,Midlands,MID-P6,9,189,96,93,50.8,Green,1
2026-07-20,2026,30,MID,Midlands,MID-P7,9,187,70,117,37.4,Green,1
2026-07-20,2026,30,NE,North East,NE-P1,9,176,83,93,47.2,Green,1
2026-07-20,2026,30,NE,North East,NE-P2,9,176,84,92,47.7,Green,1
2026-07-20,2026,30,NE,North East,NE-P3,8,158,68,90,43.0,Green,1
2026-07-20,2026,30,NE,North East,NE-P4,8,142,71,71,50.0,Green,1
2026-07-20,2026,30,NE,North East,NE-P5,8,150,82,68,54.7,Green,1
2026-07-20,2026,30,NW,North West,NW-P1,10,200,94,106,47.0,Green,1
2026-07-20,2026,30,NW,North West,NW-P2,10,191,82,109,42.9,Green,1
2026-07-20,2026,30,NW,North West,NW-P3,9,186,85,101,45.7,Green,1
2026-07-20,2026,30,NW,North West,NW-P4,9,193,79,114,40.9,Green,1
2026-07-20,2026,30,NW,North West,NW-P5,9,177,109,68,61.6,Green,1
2026-07-20,2026,30,NW,North West,NW-P6,9,191,86,105,45.0,Green,1
2026-07-20,2026,30,SCO,Scotland,SCO-P1,10,197,93,104,47.2,Green,1
2026-07-20,2026,30,SCO,Scotland,SCO-P2,10,205,98,107,47.8,Green,1
2026-07-20,2026,30,SCO,Scotland,SCO-P3,10,209,104,105,49.8,Green,1
2026-07-20,2026,30,SCO,Scotland,SCO-P4,9,181,104,77,57.5,Green,1
2026-07-20,2026,30,SE,South East,SE-P1,9,186,99,87,53.2,Green,1
2026-07-20,2026,30,SE,South East,SE-P2,9,172,89,83,51.7,Green,1
2026-07-20,2026,30,SE,South East,SE-P3,9,170,85,85,50.0,Green,1
2026-07-20,2026,30,SE,South East,SE-P4,9,167,97,70,58.1,Green,1
2026-07-20,2026,30,SE,South East,SE-P5,9,184,84,100,45.7,Green,1
2026-07-20,2026,30,SE,South East,SE-P6,9,179,90,89,50.3,Green,1
2026-07-20,2026,30,SE,South East,SE-P7,9,180,100,80,55.6,Green,1
2026-07-20,2026,30,SE,South East,SE-P8,9,193,101,92,52.3,Green,1
2026-07-20,2026,30,SW,South West,SW-P1,8,160,86,74,53.8,Green,1
2026-07-20,2026,30,SW,South West,SW-P2,8,157,92,65,58.6,Green,1
2026-07-20,2026,30,SW,South West,SW-P3,8,168,86,82,51.2,Green,1
2026-07-20,2026,30,SW,South West,SW-P4,8,156,74,82,47.4,Green,1
2026-07-20,2026,30,WAL,Wales,WAL-P1,10,193,92,101,47.7,Green,1
2026-07-20,2026,30,WAL,Wales,WAL-P2,9,170,94,76,55.3,Green,1
2026-07-20,2026,30,WAL,Wales,WAL-P3,9,183,103,80,56.3,Green,1
2026-07-20,2026,30,YRK,Yorkshire,YRK-P1,10,192,83,109,43.2,Green,1
2026-07-20,2026,30,YRK,Yorkshire,YRK-P2,9,186,103,83,55.4,Green,1
2026-07-20,2026,30,YRK,Yorkshire,YRK-P3,9,175,92,83,52.6,Green,1
2026-07-20,2026,30,YRK,Yorkshire,YRK-P4,9,170,97,73,57.1,Green,1
2026-07-20,2026,30,YRK,Yorkshire,YRK-P5,9,183,90,93,49.2,Green,1
2026-07-27,2026,31,MID,Midlands,MID-P1,10,180,70,110,38.9,Green,1
2026-07-27,2026,31,MID,Midlands,MID-P2,9,177,97,80,54.8,Green,1
2026-07-27,2026,31,MID,Midlands,MID-P3,9,178,103,75,57.9,Green,1
2026-07-27,2026,31,MID,Midlands,MID-P4,9,175,94,81,53.7,Green,1
2026-07-27,2026,31,MID,Midlands,MID-P5,9,166,81,85,48.8,Green,1
2026-07-27,2026,31,MID,Midlands,MID-P6,9,172,95,77,55.2,Green,1
2026-07-27,2026,31,MID,Midlands,MID-P7,9,180,103,77,57.2,Green,1
2026-07-27,2026,31,NE,North East,NE-P1,8,162,82,80,50.6,Green,1
2026-07-27,2026,31,NE,North East,NE-P2,8,169,75,94,44.4,Green,1
2026-07-27,2026,31,NE,North East,NE-P3,8,148,55,93,37.2,Green,1
2026-07-27,2026,31,NE,North East,NE-P4,8,144,98,46,68.1,Green,1
2026-07-27,2026,31,NE,North East,NE-P5,8,159,85,74,53.5,Green,1
2026-07-27,2026,31,NW,North West,NW-P1,10,203,106,97,52.2,Green,1
2026-07-27,2026,31,NW,North West,NW-P2,10,198,94,104,47.5,Green,1
2026-07-27,2026,31,NW,North West,NW-P3,9,184,93,91,50.5,Green,1
2026-07-27,2026,31,NW,North West,NW-P4,9,191,87,104,45.5,Green,1
2026-07-27,2026,31,NW,North West,NW-P5,9,179,91,88,50.8,Green,1
2026-07-27,2026,31,NW,North West,NW-P6,10,195,90,105,46.2,Green,1
2026-07-27,2026,31,SCO,Scotland,SCO-P1,10,187,115,72,61.5,Green,1
2026-07-27,2026,31,SCO,Scotland,SCO-P2,10,206,98,108,47.6,Green,1
2026-07-27,2026,31,SCO,Scotland,SCO-P3,10,213,97,116,45.5,Green,1
2026-07-27,2026,31,SCO,Scotland,SCO-P4,9,185,89,96,48.1,Green,1
2026-07-27,2026,31,SE,South East,SE-P1,9,183,85,98,46.4,Green,1
2026-07-27,2026,31,SE,South East,SE-P2,9,167,92,75,55.1,Green,1
2026-07-27,2026,31,SE,South East,SE-P3,9,166,104,62,62.7,Green,1
2026-07-27,2026,31,SE,South East,SE-P4,9,167,85,82,50.9,Green,1
2026-07-27,2026,31,SE,South East,SE-P5,9,185,98,87,53.0,Green,1
2026-07-27,2026,31,SE,South East,SE-P6,8,165,86,79,52.1,Green,1
2026-07-27,2026,31,SE,South East,SE-P7,9,174,93,81,53.4,Green,1
2026-07-27,2026,31,SE,South East,SE-P8,9,186,87,99,46.8,Green,1
2026-07-27,2026,31,SW,South West,SW-P1,8,163,77,86,47.2,Green,1
2026-07-27,2026,31,SW,South West,SW-P2,9,164,81,83,49.4,Green,1
2026-07-27,2026,31,SW,South West,SW-P3,9,175,99,76,56.6,Green,1
2026-07-27,2026,31,SW,South West,SW-P4,8,160,92,68,57.5,Green,1
2026-07-27,2026,31,WAL,Wales,WAL-P1,10,189,102,87,54.0,Green,1
2026-07-27,2026,31,WAL,Wales,WAL-P2,9,168,92,76,54.8,Green,1
2026-07-27,2026,31,WAL,Wales,WAL-P3,9,184,86,98,46.7,Green,1
2026-07-27,2026,31,YRK,Yorkshire,YRK-P1,10,202,107,95,53.0,Green,1
2026-07-27,2026,31,YRK,Yorkshire,YRK-P2,9,192,92,100,47.9,Green,1
2026-07-27,2026,31,YRK,Yorkshire,YRK-P3,10,188,90,98,47.9,Green,1
2026-07-27,2026,31,YRK,Yorkshire,YRK-P4,10,185,112,73,60.5,Green,1
2026-07-27,2026,31,YRK,Yorkshire,YRK-P5,10,195,96,99,49.2,Green,1
2026-08-03,2026,32,MID,Midlands,MID-P1,10,181,84,97,46.4,Green,1
2026-08-03,2026,32,MID,Midlands,MID-P2,9,185,106,79,57.3,Green,1
2026-08-03,2026,32,MID,Midlands,MID-P3,10,189,100,89,52.9,Green,1
2026-08-03,2026,32,MID,Midlands,MID-P4,10,203,110,93,54.2,Green,1
2026-08-03,2026,32,MID,Midlands,MID-P5,10,189,101,88,53.4,Green,1
2026-08-03,2026,32,MID,Midlands,MID-P6,10,196,97,99,49.5,Green,1
2026-08-03,2026,32,MID,Midlands,MID-P7,10,197,96,101,48.7,Green,1
2026-08-03,2026,32,NE,North East,NE-P1,8,158,62,96,39.2,Green,1
2026-08-03,2026,32,NE,North East,NE-P2,8,165,94,71,57.0,Green,1
2026-08-03,2026,32,NE,North East,NE-P3,7,142,76,66,53.5,Green,1
2026-08-03,2026,32,NE,North East,NE-P4,7,134,70,64,52.2,Green,1
2026-08-03,2026,32,NE,North East,NE-P5,7,143,79,64,55.2,Green,1
2026-08-03,2026,32,NW,North West,NW-P1,10,191,102,89,53.4,Green,1
2026-08-03,2026,32,NW,North West,NW-P2,10,189,74,115,39.2,Green,1
2026-08-03,2026,32,NW,North West,NW-P3,9,192,88,104,45.8,Green,1
2026-08-03,2026,32,NW,North West,NW-P4,9,190,105,85,55.3,Green,1
2026-08-03,2026,32,NW,North West,NW-P5,9,182,103,79,56.6,Green,1
2026-08-03,2026,32,NW,North West,NW-P6,9,181,96,85,53.0,Green,1
2026-08-03,2026,32,SCO,Scotland,SCO-P1,9,186,103,83,55.4,Green,1
2026-08-03,2026,32,SCO,Scotland,SCO-P2,10,198,104,94,52.5,Green,1
2026-08-03,2026,32,SCO,Scotland,SCO-P3,9,197,83,114,42.1,Green,1
2026-08-03,2026,32,SCO,Scotland,SCO-P4,9,174,96,78,55.2,Green,1
2026-08-03,2026,32,SE,South East,SE-P1,10,200,81,119,40.5,Green,1
2026-08-03,2026,32,SE,South East,SE-P2,10,182,112,70,61.5,Green,1
2026-08-03,2026,32,SE,South East,SE-P3,10,180,94,86,52.2,Green,1
2026-08-03,2026,32,SE,South East,SE-P4,10,177,91,86,51.4,Green,1
2026-08-03,2026,32,SE,South East,SE-P5,10,195,95,100,48.7,Green,1
2026-08-03,2026,32,SE,South East,SE-P6,9,183,105,78,57.4,Green,1
2026-08-03,2026,32,SE,South East,SE-P7,9,185,90,95,48.6,Green,1
2026-08-03,2026,32,SE,South East,SE-P8,9,202,108,94,53.5,Green,1
2026-08-03,2026,32,SW,South West,SW-P1,9,172,81,91,47.1,Green,1
2026-08-03,2026,32,SW,South West,SW-P2,9,169,103,66,60.9,Green,1
2026-08-03,2026,32,SW,South West,SW-P3,9,184,82,102,44.6,Green,1
2026-08-03,2026,32,SW,South West,SW-P4,8,156,93,63,59.6,Green,1
2026-08-03,2026,32,WAL,Wales,WAL-P1,10,190,99,91,52.1,Green,1
2026-08-03,2026,32,WAL,Wales,WAL-P2,9,176,90,86,51.1,Green,1
2026-08-03,2026,32,WAL,Wales,WAL-P3,9,190,103,87,54.2,Green,1
2026-08-03,2026,32,YRK,Yorkshire,YRK-P1,10,193,110,83,57.0,Green,1
2026-08-03,2026,32,YRK,Yorkshire,YRK-P2,9,190,114,76,60.0,Green,1
2026-08-03,2026,32,YRK,Yorkshire,YRK-P3,9,184,90,94,48.9,Green,1
2026-08-03,2026,32,YRK,Yorkshire,YRK-P4,10,180,93,87,51.7,Green,1
2026-08-03,2026,32,YRK,Yorkshire,YRK-P5,10,197,84,113,42.6,Green,1
2026-08-10,2026,33,MID,Midlands,MID-P1,11,196,118,78,60.2,Green,1
2026-08-10,2026,33,MID,Midlands,MID-P2,10,191,104,87,54.5,Green,1
2026-08-10,2026,33,MID,Midlands,MID-P3,10,192,114,78,59.4,Green,1
2026-08-10,2026,33,MID,Midlands,MID-P4,9,191,91,100,47.6,Green,1
2026-08-10,2026,33,MID,Midlands,MID-P5,9,181,92,89,50.8,Green,1
2026-08-10,2026,33,MID,Midlands,MID-P6,10,192,99,93,51.6,Green,1
2026-08-10,2026,33,MID,Midlands,MID-P7,10,204,85,119,41.7,Green,1
2026-08-10,2026,33,NE,North East,NE-P1,9,170,74,96,43.5,Green,1
2026-08-10,2026,33,NE,North East,NE-P2,8,171,106,65,62.0,Green,1
2026-08-10,2026,33,NE,North East,NE-P3,8,152,75,77,49.3,Green,1
2026-08-10,2026,33,NE,North East,NE-P4,8,147,81,66,55.1,Green,1
2026-08-10,2026,33,NE,North East,NE-P5,8,160,76,84,47.5,Green,1
2026-08-10,2026,33,NW,North West,NW-P1,10,205,94,111,45.9,Green,1
2026-08-10,2026,33,NW,North West,NW-P2,11,204,122,82,59.8,Green,1
2026-08-10,2026,33,NW,North West,NW-P3,10,205,91,114,44.4,Green,1
2026-08-10,2026,33,NW,North West,NW-P4,10,205,95,110,46.3,Green,1
2026-08-10,2026,33,NW,North West,NW-P5,10,185,107,78,57.8,Green,1
2026-08-10,2026,33,NW,North West,NW-P6,10,199,102,97,51.3,Green,1
2026-08-10,2026,33,SCO,Scotland,SCO-P1,9,177,78,99,44.1,Green,1
2026-08-10,2026,33,SCO,Scotland,SCO-P2,9,188,97,91,51.6,Green,1
2026-08-10,2026,33,SCO,Scotland,SCO-P3,9,190,87,103,45.8,Green,1
2026-08-10,2026,33,SCO,Scotland,SCO-P4,8,162,96,66,59.3,Green,1
2026-08-10,2026,33,SE,South East,SE-P1,9,190,91,99,47.9,Green,1
2026-08-10,2026,33,SE,South East,SE-P2,9,172,91,81,52.9,Green,1
2026-08-10,2026,33,SE,South East,SE-P3,9,170,101,69,59.4,Green,1
2026-08-10,2026,33,SE,South East,SE-P4,9,170,95,75,55.9,Green,1
2026-08-10,2026,33,SE,South East,SE-P5,9,191,82,109,42.9,Green,1
2026-08-10,2026,33,SE,South East,SE-P6,9,173,95,78,54.9,Green,1
2026-08-10,2026,33,SE,South East,SE-P7,9,177,91,86,51.4,Green,1
2026-08-10,2026,33,SE,South East,SE-P8,9,190,107,83,56.3,Green,1
2026-08-10,2026,33,SW,South West,SW-P1,8,163,94,69,57.7,Green,1
2026-08-10,2026,33,SW,South West,SW-P2,8,159,86,73,54.1,Green,1
2026-08-10,2026,33,SW,South West,SW-P3,8,164,69,95,42.1,Green,1
2026-08-10,2026,33,SW,South West,SW-P4,8,162,97,65,59.9,Green,1
2026-08-10,2026,33,WAL,Wales,WAL-P1,10,193,96,97,49.7,Green,1
2026-08-10,2026,33,WAL,Wales,WAL-P2,9,182,98,84,53.8,Green,1
2026-08-10,2026,33,WAL,Wales,WAL-P3,9,191,105,86,55.0,Green,1
2026-08-10,2026,33,YRK,Yorkshire,YRK-P1,11,220,115,105,52.3,Green,1
2026-08-10,2026,33,YRK,Yorkshire,YRK-P2,11,220,95,125,43.2,Green,1
2026-08-10,2026,33,YRK,Yorkshire,YRK-P3,11,213,100,113,46.9,Green,1
2026-08-10,2026,33,YRK,Yorkshire,YRK-P4,11,207,117,90,56.5,Green,1
2026-08-10,2026,33,YRK,Yorkshire,YRK-P5,11,215,102,113,47.4,Green,1
2026-08-17,2026,34,MID,Midlands,MID-P1,9,171,101,70,59.1,Green,1
2026-08-17,2026,34,MID,Midlands,MID-P2,9,172,97,75,56.4,Green,1
2026-08-17,2026,34,MID,Midlands,MID-P3,9,176,92,84,52.3,Green,1
2026-08-17,2026,34,MID,Midlands,MID-P4,9,189,91,98,48.1,Green,1
2026-08-17,2026,34,MID,Midlands,MID-P5,9,175,94,81,53.7,Green,1
2026-08-17,2026,34,MID,Midlands,MID-P6,9,180,86,94,47.8,Green,1
2026-08-17,2026,34,MID,Midlands,MID-P7,9,182,106,76,58.2,Green,1
2026-08-17,2026,34,NE,North East,NE-P1,9,186,89,97,47.8,Green,1
2026-08-17,2026,34,NE,North East,NE-P2,9,187,84,103,44.9,Green,1
2026-08-17,2026,34,NE,North East,NE-P3,8,159,95,64,59.7,Green,1
2026-08-17,2026,34,NE,North East,NE-P4,8,151,90,61,59.6,Green,1
2026-08-17,2026,34,NE,North East,NE-P5,8,160,85,75,53.1,Green,1
2026-08-17,2026,34,NW,North West,NW-P1,10,196,91,105,46.4,Green,1
2026-08-17,2026,34,NW,North West,NW-P2,10,193,84,109,43.5,Green,1
2026-08-17,2026,34,NW,North West,NW-P3,9,185,100,85,54.1,Green,1
2026-08-17,2026,34,NW,North West,NW-P4,9,186,100,86,53.8,Green,1
2026-08-17,2026,34,NW,North West,NW-P5,9,177,102,75,57.6,Green,1
2026-08-17,2026,34,NW,North West,NW-P6,9,183,92,91,50.3,Green,1
2026-08-17,2026,34,SCO,Scotland,SCO-P1,11,218,111,107,50.9,Green,1
2026-08-17,2026,34,SCO,Scotland,SCO-P2,11,226,97,129,42.9,Green,1
2026-08-17,2026,34,SCO,Scotland,SCO-P3,11,236,110,126,46.6,Green,1
2026-08-17,2026,34,SCO,Scotland,SCO-P4,10,194,97,97,50.0,Green,1
2026-08-17,2026,34,SE,South East,SE-P1,9,193,101,92,52.3,Green,1
2026-08-17,2026,34,SE,South East,SE-P2,10,177,88,89,49.7,Green,1
2026-08-17,2026,34,SE,South East,SE-P3,10,179,102,77,57.0,Green,1
2026-08-17,2026,34,SE,South East,SE-P4,9,168,106,62,63.1,Green,1
2026-08-17,2026,34,SE,South East,SE-P5,9,191,78,113,40.8,Green,1
2026-08-17,2026,34,SE,South East,SE-P6,8,168,86,82,51.2,Green,1
2026-08-17,2026,34,SE,South East,SE-P7,9,176,97,79,55.1,Green,1
2026-08-17,2026,34,SE,South East,SE-P8,9,196,115,81,58.7,Green,1
2026-08-17,2026,34,SW,South West,SW-P1,9,184,75,109,40.8,Green,1
2026-08-17,2026,34,SW,South West,SW-P2,9,181,95,86,52.5,Green,1
2026-08-17,2026,34,SW,South West,SW-P3,9,186,113,73,60.8,Green,1
2026-08-17,2026,34,SW,South West,SW-P4,9,176,100,76,56.8,Green,1
2026-08-17,2026,34,WAL,Wales,WAL-P1,10,201,104,97,51.7,Green,1
2026-08-17,2026,34,WAL,Wales,WAL-P2,10,186,101,85,54.3,Green,1
2026-08-17,2026,34,WAL,Wales,WAL-P3,10,199,93,106,46.7,Green,1
2026-08-17,2026,34,YRK,Yorkshire,YRK-P1,12,229,120,109,52.4,Green,1
2026-08-17,2026,34,YRK,Yorkshire,YRK-P2,11,223,108,115,48.4,Green,1
2026-08-17,2026,34,YRK,Yorkshire,YRK-P3,11,221,94,127,42.5,Green,1
2026-08-17,2026,34,YRK,Yorkshire,YRK-P4,11,213,103,110,48.4,Green,1
2026-08-17,2026,34,YRK,Yorkshire,YRK-P5,11,219,100,119,45.7,Green,1
2026-08-24,2026,35,MID,Midlands,MID-P1,10,188,87,101,46.3,Green,1
2026-08-24,2026,35,MID,Midlands,MID-P2,9,180,112,68,62.2,Green,1
2026-08-24,2026,35,MID,Midlands,MID-P3,9,179,107,72,59.8,Green,1
2026-08-24,2026,35,MID,Midlands,MID-P4,9,194,102,92,52.6,Green,1
2026-08-24,2026,35,MID,Midlands,MID-P5,10,190,83,107,43.7,Green,1
2026-08-24,2026,35,MID,Midlands,MID-P6,10,195,112,83,57.4,Green,1
2026-08-24,2026,35,MID,Midlands,MID-P7,10,193,111,82,57.5,Green,1
2026-08-24,2026,35,NE,North East,NE-P1,9,174,79,95,45.4,Green,1
2026-08-24,2026,35,NE,North East,NE-P2,9,174,82,92,47.1,Green,1
2026-08-24,2026,35,NE,North East,NE-P3,8,147,87,60,59.2,Green,1
2026-08-24,2026,35,NE,North East,NE-P4,8,142,78,64,54.9,Green,1
2026-08-24,2026,35,NE,North East,NE-P5,8,156,105,51,67.3,Green,1
2026-08-24,2026,35,NW,North West,NW-P1,10,192,83,109,43.2,Green,1
2026-08-24,2026,35,NW,North West,NW-P2,10,185,103,82,55.7,Green,1
2026-08-24,2026,35,NW,North West,NW-P3,8,172,100,72,58.1,Green,1
2026-08-24,2026,35,NW,North West,NW-P4,8,171,83,88,48.5,Green,1
2026-08-24,2026,35,NW,North West,NW-P5,8,161,91,70,56.5,Green,1
2026-08-24,2026,35,NW,North West,NW-P6,9,179,97,82,54.2,Green,1
2026-08-24,2026,35,SCO,Scotland,SCO-P1,11,212,104,108,49.1,Green,1
2026-08-24,2026,35,SCO,Scotland,SCO-P2,11,218,104,114,47.7,Green,1
2026-08-24,2026,35,SCO,Scotland,SCO-P3,11,225,105,120,46.7,Green,1
2026-08-24,2026,35,SCO,Scotland,SCO-P4,10,200,84,116,42.0,Green,1
2026-08-24,2026,35,SE,South East,SE-P1,10,205,100,105,48.8,Green,1
2026-08-24,2026,35,SE,South East,SE-P2,10,178,124,54,69.7,Green,1
2026-08-24,2026,35,SE,South East,SE-P3,10,187,96,91,51.3,Green,1
2026-08-24,2026,35,SE,South East,SE-P4,10,187,82,105,43.9,Green,1
2026-08-24,2026,35,SE,South East,SE-P5,10,210,92,118,43.8,Green,1
2026-08-24,2026,35,SE,South East,SE-P6,9,187,97,90,51.9,Green,1
2026-08-24,2026,35,SE,South East,SE-P7,9,191,113,78,59.2,Green,1
2026-08-24,2026,35,SE,South East,SE-P8,9,208,108,100,51.9,Green,1
2026-08-24,2026,35,SW,South West,SW-P1,10,184,89,95,48.4,Green,1
2026-08-24,2026,35,SW,South West,SW-P2,9,184,100,84,54.3,Green,1
2026-08-24,2026,35,SW,South West,SW-P3,10,196,92,104,46.9,Green,1
2026-08-24,2026,35,SW,South West,SW-P4,9,178,91,87,51.1,Green,1
2026-08-24,2026,35,WAL,Wales,WAL-P1,11,216,79,137,36.6,Green,1
2026-08-24,2026,35,WAL,Wales,WAL-P2,11,211,115,96,54.5,Green,1
2026-08-24,2026,35,WAL,Wales,WAL-P3,10,210,114,96,54.3,Green,1
2026-08-24,2026,35,YRK,Yorkshire,YRK-P1,11,220,106,114,48.2,Green,1
2026-08-24,2026,35,YRK,Yorkshire,YRK-P2,11,219,113,106,51.6,Green,1
2026-08-24,2026,35,YRK,Yorkshire,YRK-P3,11,209,101,108,48.3,Green,1
2026-08-24,2026,35,YRK,Yorkshire,YRK-P4,10,199,79,120,39.7,Green,1
2026-08-24,2026,35,YRK,Yorkshire,YRK-P5,11,215,112,103,52.1,Green,1
2026-08-31,2026,36,MID,Midlands,MID-P1,11,200,109,91,54.5,Green,1
2026-08-31,2026,36,MID,Midlands,MID-P2,10,195,84,111,43.1,Green,1
2026-08-31,2026,36,MID,Midlands,MID-P3,10,188,118,70,62.8,Green,1
2026-08-31,2026,36,MID,Midlands,MID-P4,10,198,86,112,43.4,Green,1
2026-08-31,2026,36,MID,Midlands,MID-P5,10,184,108,76,58.7,Green,1
2026-08-31,2026,36,MID,Midlands,MID-P6,9,187,107,80,57.2,Green,1
2026-08-31,2026,36,MID,Midlands,MID-P7,10,195,86,109,44.1,Green,1
2026-08-31,2026,36,NE,North East,NE-P1,9,170,88,82,51.8,Green,1
2026-08-31,2026,36,NE,North East,NE-P2,9,178,92,86,51.7,Green,1
2026-08-31,2026,36,NE,North East,NE-P3,8,158,88,70,55.7,Green,1
2026-08-31,2026,36,NE,North East,NE-P4,8,151,91,60,60.3,Green,1
2026-08-31,2026,36,NE,North East,NE-P5,8,162,82,80,50.6,Green,1
2026-08-31,2026,36,NW,North West,NW-P1,9,187,97,90,51.9,Green,1
2026-08-31,2026,36,NW,North West,NW-P2,9,180,93,87,51.7,Green,1
2026-08-31,2026,36,NW,North West,NW-P3,9,185,105,80,56.8,Green,1
2026-08-31,2026,36,NW,North West,NW-P4,9,191,121,70,63.4,Green,1
2026-08-31,2026,36,NW,North West,NW-P5,9,178,76,102,42.7,Green,1
2026-08-31,2026,36,NW,North West,NW-P6,9,188,106,82,56.4,Green,1
2026-08-31,2026,36,SCO,Scotland,SCO-P1,11,214,120,94,56.1,Green,1
2026-08-31,2026,36,SCO,Scotland,SCO-P2,11,226,107,119,47.3,Green,1
2026-08-31,2026,36,SCO,Scotland,SCO-P3,11,237,95,142,40.1,Green,1
2026-08-31,2026,36,SCO,Scotland,SCO-P4,10,193,88,105,45.6,Green,1
2026-08-31,2026,36,SE,South East,SE-P1,11,225,124,101,55.1,Green,1
2026-08-31,2026,36,SE,South East,SE-P2,11,204,111,93,54.4,Green,1
2026-08-31,2026,36,SE,South East,SE-P3,11,206,96,110,46.6,Green,1
2026-08-31,2026,36,SE,South East,SE-P4,11,210,105,105,50.0,Green,1
2026-08-31,2026,36,SE,South East,SE-P5,11,231,102,129,44.2,Green,1
2026-08-31,2026,36,SE,South East,SE-P6,11,213,123,90,57.7,Green,1
2026-08-31,2026,36,SE,South East,SE-P7,11,219,104,115,47.5,Green,1
2026-08-31,2026,36,SE,South East,SE-P8,11,233,94,139,40.3,Green,1
2026-08-31,2026,36,SW,South West,SW-P1,10,196,97,99,49.5,Green,1
2026-08-31,2026,36,SW,South West,SW-P2,10,197,102,95,51.8,Green,1
2026-08-31,2026,36,SW,South West,SW-P3,10,206,78,128,37.9,Green,1
2026-08-31,2026,36,SW,South West,SW-P4,10,196,108,88,55.1,Green,1
2026-08-31,2026,36,WAL,Wales,WAL-P1,12,230,91,139,39.6,Green,1
2026-08-31,2026,36,WAL,Wales,WAL-P2,11,207,118,89,57.0,Green,1
2026-08-31,2026,36,WAL,Wales,WAL-P3,11,214,107,107,50.0,Green,1
2026-08-31,2026,36,YRK,Yorkshire,YRK-P1,12,236,122,114,51.7,Green,1
2026-08-31,2026,36,YRK,Yorkshire,YRK-P2,11,233,117,116,50.2,Green,1
2026-08-31,2026,36,YRK,Yorkshire,YRK-P3,11,224,108,116,48.2,Green,1
2026-08-31,2026,36,YRK,Yorkshire,YRK-P4,11,214,111,103,51.9,Green,1
2026-08-31,2026,36,YRK,Yorkshire,YRK-P5,11,224,96,128,42.9,Green,1
2026-09-07,2026,37,MID,Midlands,MID-P1,11,201,95,106,47.3,Green,1
2026-09-07,2026,37,MID,Midlands,MID-P2,10,197,105,92,53.3,Green,1
2026-09-07,2026,37,MID,Midlands,MID-P3,10,207,107,100,51.7,Green,1
2026-09-07,2026,37,MID,Midlands,MID-P4,10,217,95,122,43.8,Green,1
2026-09-07,2026,37,MID,Midlands,MID-P5,11,203,101,102,49.8,Green,1
2026-09-07,2026,37,MID,Midlands,MID-P6,10,201,101,100,50.2,Green,1
2026-09-07,2026,37,MID,Midlands,MID-P7,10,205,105,100,51.2,Green,1
2026-09-07,2026,37,NE,North East,NE-P1,10,195,92,103,47.2,Green,1
2026-09-07,2026,37,NE,North East,NE-P2,9,190,88,102,46.3,Green,1
2026-09-07,2026,37,NE,North East,NE-P3,9,171,95,76,55.6,Green,1
2026-09-07,2026,37,NE,North East,NE-P4,8,157,79,78,50.3,Green,1
2026-09-07,2026,37,NE,North East,NE-P5,9,169,95,74,56.2,Green,1
2026-09-07,2026,37,NW,North West,NW-P1,11,210,103,107,49.0,Green,1
2026-09-07,2026,37,NW,North West,NW-P2,10,196,102,94,52.0,Green,1
2026-09-07,2026,37,NW,North West,NW-P3,9,193,113,80,58.5,Green,1
2026-09-07,2026,37,NW,North West,NW-P4,10,200,100,100,50.0,Green,1
2026-09-07,2026,37,NW,North West,NW-P5,10,189,101,88,53.4,Green,1
2026-09-07,2026,37,NW,North West,NW-P6,10,197,100,97,50.8,Green,1
2026-09-07,2026,37,SCO,Scotland,SCO-P1,11,215,104,111,48.4,Green,1
2026-09-07,2026,37,SCO,Scotland,SCO-P2,11,222,94,128,42.3,Green,1
2026-09-07,2026,37,SCO,Scotland,SCO-P3,11,224,99,125,44.2,Green,1
2026-09-07,2026,37,SCO,Scotland,SCO-P4,10,200,115,85,57.5,Green,1
2026-09-07,2026,37,SE,South East,SE-P1,10,206,106,100,51.5,Green,1
2026-09-07,2026,37,SE,South East,SE-P2,10,189,99,90,52.4,Green,1
2026-09-07,2026,37,SE,South East,SE-P3,10,195,109,86,55.9,Green,1
2026-09-07,2026,37,SE,South East,SE-P4,10,192,91,101,47.4,Green,1
2026-09-07,2026,37,SE,South East,SE-P5,10,214,84,130,39.3,Green,1
2026-09-07,2026,37,SE,South East,SE-P6,10,200,92,108,46.0,Green,1
2026-09-07,2026,37,SE,South East,SE-P7,10,199,101,98,50.8,Green,1
2026-09-07,2026,37,SE,South East,SE-P8,10,211,99,112,46.9,Green,1
2026-09-07,2026,37,SW,South West,SW-P1,10,193,111,82,57.5,Green,1
2026-09-07,2026,37,SW,South West,SW-P2,10,190,93,97,48.9,Green,1
2026-09-07,2026,37,SW,South West,SW-P3,10,200,87,113,43.5,Green,1
2026-09-07,2026,37,SW,South West,SW-P4,9,176,80,96,45.5,Green,1
2026-09-07,2026,37,WAL,Wales,WAL-P1,11,209,97,112,46.4,Green,1
2026-09-07,2026,37,WAL,Wales,WAL-P2,10,202,109,93,54.0,Green,1
2026-09-07,2026,37,WAL,Wales,WAL-P3,10,209,97,112,46.4,Green,1
2026-09-07,2026,37,YRK,Yorkshire,YRK-P1,12,229,103,126,45.0,Green,1
2026-09-07,2026,37,YRK,Yorkshire,YRK-P2,11,217,86,131,39.6,Green,1
2026-09-07,2026,37,YRK,Yorkshire,YRK-P3,11,213,115,98,54.0,Green,1
2026-09-07,2026,37,YRK,Yorkshire,YRK-P4,11,203,124,79,61.1,Green,1
2026-09-07,2026,37,YRK,Yorkshire,YRK-P5,11,223,104,119,46.6,Green,1
2026-09-14,2026,38,MID,Midlands,MID-P1,11,208,116,92,55.8,Green,1
2026-09-14,2026,38,MID,Midlands,MID-P2,10,196,111,85,56.6,Green,1
2026-09-14,2026,38,MID,Midlands,MID-P3,10,196,78,118,39.8,Green,1
2026-09-14,2026,38,MID,Midlands,MID-P4,10,208,106,102,51.0,Green,1
2026-09-14,2026,38,MID,Midlands,MID-P5,10,199,89,110,44.7,Green,1
2026-09-14,2026,38,MID,Midlands,MID-P6,11,211,92,119,43.6,Green,1
2026-09-14,2026,38,MID,Midlands,MID-P7,11,217,120,97,55.3,Green,1
2026-09-14,2026,38,NE,North East,NE-P1,9,178,100,78,56.2,Green,1
2026-09-14,2026,38,NE,North East,NE-P2,9,184,83,101,45.1,Green,1
2026-09-14,2026,38,NE,North East,NE-P3,9,167,74,93,44.3,Green,1
2026-09-14,2026,38,NE,North East,NE-P4,8,160,89,71,55.6,Green,1
2026-09-14,2026,38,NE,North East,NE-P5,9,175,84,91,48.0,Green,1
2026-09-14,2026,38,NW,North West,NW-P1,10,197,89,108,45.2,Green,1
2026-09-14,2026,38,NW,North West,NW-P2,10,197,96,101,48.7,Green,1
2026-09-14,2026,38,NW,North West,NW-P3,9,190,97,93,51.1,Green,1
2026-09-14,2026,38,NW,North West,NW-P4,9,190,96,94,50.5,Green,1
2026-09-14,2026,38,NW,North West,NW-P5,9,181,86,95,47.5,Green,1
2026-09-14,2026,38,NW,North West,NW-P6,10,196,114,82,58.2,Green,1
2026-09-14,2026,38,SCO,Scotland,SCO-P1,10,197,102,95,51.8,Green,1
2026-09-14,2026,38,SCO,Scotland,SCO-P2,10,218,94,124,43.1,Green,1
2026-09-14,2026,38,SCO,Scotland,SCO-P3,10,221,96,125,43.4,Green,1
2026-09-14,2026,38,SCO,Scotland,SCO-P4,10,190,99,91,52.1,Green,1
2026-09-14,2026,38,SE,South East,SE-P1,11,223,98,125,43.9,Green,1
2026-09-14,2026,38,SE,South East,SE-P2,11,204,119,85,58.3,Green,1
2026-09-14,2026,38,SE,South East,SE-P3,11,200,81,119,40.5,Green,1
2026-09-14,2026,38,SE,South East,SE-P4,11,198,112,86,56.6,Green,1
2026-09-14,2026,38,SE,South East,SE-P5,11,218,100,118,45.9,Green,1
2026-09-14,2026,38,SE,South East,SE-P6,10,192,101,91,52.6,Green,1
2026-09-14,2026,38,SE,South East,SE-P7,10,199,95,104,47.7,Green,1
2026-09-14,2026,38,SE,South East,SE-P8,10,213,105,108,49.3,Green,1
2026-09-14,2026,38,SW,South West,SW-P1,10,200,92,108,46.0,Green,1
2026-09-14,2026,38,SW,South West,SW-P2,10,194,92,102,47.4,Green,1
2026-09-14,2026,38,SW,South West,SW-P3,10,207,102,105,49.3,Green,1
2026-09-14,2026,38,SW,South West,SW-P4,10,192,105,87,54.7,Green,1
2026-09-14,2026,38,WAL,Wales,WAL-P1,12,241,106,135,44.0,Green,1
2026-09-14,2026,38,WAL,Wales,WAL-P2,11,218,99,119,45.4,Green,1
2026-09-14,2026,38,WAL,Wales,WAL-P3,11,229,128,101,55.9,Green,1
2026-09-14,2026,38,YRK,Yorkshire,YRK-P1,12,242,101,141,41.7,Green,1
2026-09-14,2026,38,YRK,Yorkshire,YRK-P2,11,223,124,99,55.6,Green,1
2026-09-14,2026,38,YRK,Yorkshire,YRK-P3,11,221,92,129,41.6,Green,1
2026-09-14,2026,38,YRK,Yorkshire,YRK-P4,11,215,99,116,46.0,Green,1
2026-09-14,2026,38,YRK,Yorkshire,YRK-P5,11,228,133,95,58.3,Green,1
2026-09-21,2026,39,MID,Midlands,MID-P1,12,228,110,118,48.2,Green,1
2026-09-21,2026,39,MID,Midlands,MID-P2,12,229,106,123,46.3,Green,1
2026-09-21,2026,39,MID,Midlands,MID-P3,12,233,112,121,48.1,Green,1
2026-09-21,2026,39,MID,Midlands,MID-P4,11,233,117,116,50.2,Green,1
2026-09-21,2026,39,MID,Midlands,MID-P5,11,218,92,126,42.2,Green,1
2026-09-21,2026,39,MID,Midlands,MID-P6,11,220,122,98,55.5,Green,1
2026-09-21,2026,39,MID,Midlands,MID-P7,11,223,125,98,56.1,Green,1
2026-09-21,2026,39,NE,North East,NE-P1,9,191,84,107,44.0,Green,1
2026-09-21,2026,39,NE,North East,NE-P2,10,196,98,98,50.0,Green,1
2026-09-21,2026,39,NE,North East,NE-P3,9,173,93,80,53.8,Green,1
2026-09-21,2026,39,NE,North East,NE-P4,8,155,86,69,55.5,Green,1
2026-09-21,2026,39,NE,North East,NE-P5,8,166,82,84,49.4,Green,1
2026-09-21,2026,39,NW,North West,NW-P1,11,217,93,124,42.9,Green,1
2026-09-21,2026,39,NW,North West,NW-P2,11,215,99,116,46.0,Green,1
2026-09-21,2026,39,NW,North West,NW-P3,10,207,117,90,56.5,Green,1
2026-09-21,2026,39,NW,North West,NW-P4,10,215,118,97,54.9,Green,1
2026-09-21,2026,39,NW,North West,NW-P5,10,200,111,89,55.5,Green,1
2026-09-21,2026,39,NW,North West,NW-P6,10,204,90,114,44.1,Green,1
2026-09-21,2026,39,SCO,Scotland,SCO-P1,11,221,107,114,48.4,Green,1
2026-09-21,2026,39,SCO,Scotland,SCO-P2,11,229,112,117,48.9,Green,1
2026-09-21,2026,39,SCO,Scotland,SCO-P3,11,232,96,136,41.4,Green,1
2026-09-21,2026,39,SCO,Scotland,SCO-P4,10,199,107,92,53.8,Green,1
2026-09-21,2026,39,SE,South East,SE-P1,11,228,112,116,49.1,Green,1
2026-09-21,2026,39,SE,South East,SE-P2,11,200,74,126,37.0,Green,1
2026-09-21,2026,39,SE,South East,SE-P3,11,204,85,119,41.7,Green,1
2026-09-21,2026,39,SE,South East,SE-P4,11,200,116,84,58.0,Green,1
2026-09-21,2026,39,SE,South East,SE-P5,11,230,127,103,55.2,Green,1
2026-09-21,2026,39,SE,South East,SE-P6,10,207,111,96,53.6,Green,1
2026-09-21,2026,39,SE,South East,SE-P7,11,217,110,107,50.7,Green,1
2026-09-21,2026,39,SE,South East,SE-P8,11,237,101,136,42.6,Green,1
2026-09-21,2026,39,SW,South West,SW-P1,10,198,97,101,49.0,Green,1
2026-09-21,2026,39,SW,South West,SW-P2,10,194,102,92,52.6,Green,1
2026-09-21,2026,39,SW,South West,SW-P3,10,203,95,108,46.8,Green,1
2026-09-21,2026,39,SW,South West,SW-P4,9,184,81,103,44.0,Green,1
2026-09-21,2026,39,WAL,Wales,WAL-P1,12,226,104,122,46.0,Green,1
2026-09-21,2026,39,WAL,Wales,WAL-P2,11,210,106,104,50.5,Green,1
2026-09-21,2026,39,WAL,Wales,WAL-P3,11,222,106,116,47.7,Green,1
2026-09-21,2026,39,YRK,Yorkshire,YRK-P1,12,233,101,132,43.3,Green,1
2026-09-21,2026,39,YRK,Yorkshire,YRK-P2,11,226,121,105,53.5,Green,1
2026-09-21,2026,39,YRK,Yorkshire,YRK-P3,11,225,107,118,47.6,Green,1
2026-09-21,2026,39,YRK,Yorkshire,YRK-P4,11,209,117,92,56.0,Green,1
2026-09-21,2026,39,YRK,Yorkshire,YRK-P5,11,223,122,101,54.7,Green,1
2026-09-28,2026,40,MID,Midlands,MID-P1,12,221,118,103,53.4,Green,1
2026-09-28,2026,40,MID,Midlands,MID-P2,11,216,121,95,56.0,Green,1
2026-09-28,2026,40,MID,Midlands,MID-P3,11,218,108,110,49.5,Green,1
2026-09-28,2026,40,MID,Midlands,MID-P4,11,238,94,144,39.5,Green,1
2026-09-28,2026,40,MID,Midlands,MID-P5,11,215,106,109,49.3,Green,1
2026-09-28,2026,40,MID,Midlands,MID-P6,11,227,95,132,41.9,Green,1
2026-09-28,2026,40,MID,Midlands,MID-P7,11,226,114,112,50.4,Green,1
2026-09-28,2026,40,NE,North East,NE-P1,10,192,88,104,45.8,Green,1
2026-09-28,2026,40,NE,North East,NE-P2,10,196,104,92,53.1,Green,1
2026-09-28,2026,40,NE,North East,NE-P3,9,176,86,90,48.9,Green,1
2026-09-28,2026,40,NE,North East,NE-P4,9,166,80,86,48.2,Green,1
2026-09-28,2026,40,NE,North East,NE-P5,9,186,93,93,50.0,Green,1
2026-09-28,2026,40,NW,North West,NW-P1,11,214,118,96,55.1,Green,1
2026-09-28,2026,40,NW,North West,NW-P2,11,212,96,116,45.3,Green,1
2026-09-28,2026,40,NW,North West,NW-P3,10,202,94,108,46.5,Green,1
2026-09-28,2026,40,NW,North West,NW-P4,9,195,99,96,50.8,Green,1
2026-09-28,2026,40,NW,North West,NW-P5,10,188,119,69,63.3,Green,1
2026-09-28,2026,40,NW,North West,NW-P6,10,203,83,120,40.9,Green,1
2026-09-28,2026,40,SCO,Scotland,SCO-P1,11,208,108,100,51.9,Green,1
2026-09-28,2026,40,SCO,Scotland,SCO-P2,10,216,115,101,53.2,Green,1
2026-09-28,2026,40,SCO,Scotland,SCO-P3,10,226,96,130,42.5,Green,1
2026-09-28,2026,40,SCO,Scotland,SCO-P4,10,188,100,88,53.2,Green,1
2026-09-28,2026,40,SE,South East,SE-P1,12,252,110,142,43.7,Green,1
2026-09-28,2026,40,SE,South East,SE-P2,12,228,122,106,53.5,Green,1
2026-09-28,2026,40,SE,South East,SE-P3,13,235,100,135,42.6,Green,1
2026-09-28,2026,40,SE,South East,SE-P4,12,224,116,108,51.8,Green,1
2026-09-28,2026,40,SE,South East,SE-P5,12,252,134,118,53.2,Green,1
2026-09-28,2026,40,SE,South East,SE-P6,12,236,120,116,50.8,Green,1
2026-09-28,2026,40,SE,South East,SE-P7,12,237,110,127,46.4,Green,1
2026-09-28,2026,40,SE,South East,SE-P8,11,252,96,156,38.1,Green,1
2026-09-28,2026,40,SW,South West,SW-P1,10,197,101,96,51.3,Green,1
2026-09-28,2026,40,SW,South West,SW-P2,10,200,86,114,43.0,Green,1
2026-09-28,2026,40,SW,South West,SW-P3,10,203,97,106,47.8,Green,1
2026-09-28,2026,40,SW,South West,SW-P4,10,191,95,96,49.7,Green,1
2026-09-28,2026,40,WAL,Wales,WAL-P1,11,222,120,102,54.1,Green,1
2026-09-28,2026,40,WAL,Wales,WAL-P2,10,200,102,98,51.0,Green,1
2026-09-28,2026,40,WAL,Wales,WAL-P3,10,211,91,120,43.1,Green,1
2026-09-28,2026,40,YRK,Yorkshire,YRK-P1,11,224,114,110,50.9,Green,1
2026-09-28,2026,40,YRK,Yorkshire,YRK-P2,10,207,109,98,52.7,Green,1
2026-09-28,2026,40,YRK,Yorkshire,YRK-P3,10,201,109,92,54.2,Green,1
2026-09-28,2026,40,YRK,Yorkshire,YRK-P4,10,199,124,75,62.3,Green,1
2026-09-28,2026,40,YRK,Yorkshire,YRK-P5,11,215,104,111,48.4,Green,1
2026-10-05,2026,41,MID,Midlands,MID-P1,12,233,100,133,42.9,Green,1
2026-10-05,2026,41,MID,Midlands,MID-P2,12,229,118,111,51.5,Green,1
2026-10-05,2026,41,MID,Midlands,MID-P3,12,228,118,110,51.8,Green,1
2026-10-05,2026,41,MID,Midlands,MID-P4,11,234,107,127,45.7,Green,1
2026-10-05,2026,41,MID,Midlands,MID-P5,11,217,113,104,52.1,Green,1
2026-10-05,2026,41,MID,Midlands,MID-P6,11,224,98,126,43.8,Green,1
2026-10-05,2026,41,MID,Midlands,MID-P7,11,233,101,132,43.3,Green,1
2026-10-05,2026,41,NE,North East,NE-P1,10,203,101,102,49.8,Green,1
2026-10-05,2026,41,NE,North East,NE-P2,10,213,97,116,45.5,Green,1
2026-10-05,2026,41,NE,North East,NE-P3,9,177,74,103,41.8,Green,1
2026-10-05,2026,41,NE,North East,NE-P4,9,172,88,84,51.2,Green,1
2026-10-05,2026,41,NE,North East,NE-P5,9,183,91,92,49.7,Green,1
2026-10-05,2026,41,NW,North West,NW-P1,11,218,106,112,48.6,Green,1
2026-10-05,2026,41,NW,North West,NW-P2,11,212,118,94,55.7,Green,1
2026-10-05,2026,41,NW,North West,NW-P3,10,211,114,97,54.0,Green,1
2026-10-05,2026,41,NW,North West,NW-P4,11,218,83,135,38.1,Green,1
2026-10-05,2026,41,NW,North West,NW-P5,11,209,104,105,49.8,Green,1
2026-10-05,2026,41,NW,North West,NW-P6,10,214,94,120,43.9,Green,1
2026-10-05,2026,41,SCO,Scotland,SCO-P1,9,184,115,69,62.5,Green,1
2026-10-05,2026,41,SCO,Scotland,SCO-P2,10,200,90,110,45.0,Green,1
2026-10-05,2026,41,SCO,Scotland,SCO-P3,10,205,89,116,43.4,Green,1
2026-10-05,2026,41,SCO,Scotland,SCO-P4,9,169,100,69,59.2,Green,1
2026-10-05,2026,41,SE,South East,SE-P1,11,233,108,125,46.4,Green,1
2026-10-05,2026,41,SE,South East,SE-P2,12,217,97,120,44.7,Green,1
2026-10-05,2026,41,SE,South East,SE-P3,12,216,110,106,50.9,Green,1
2026-10-05,2026,41,SE,South East,SE-P4,11,209,107,102,51.2,Green,1
2026-10-05,2026,41,SE,South East,SE-P5,11,231,117,114,50.6,Green,1
2026-10-05,2026,41,SE,South East,SE-P6,10,209,114,95,54.5,Green,1
2026-10-05,2026,41,SE,South East,SE-P7,11,215,97,118,45.1,Green,1
2026-10-05,2026,41,SE,South East,SE-P8,11,235,99,136,42.1,Green,1
2026-10-05,2026,41,SW,South West,SW-P1,10,199,115,84,57.8,Green,1
2026-10-05,2026,41,SW,South West,SW-P2,10,191,95,96,49.7,Green,1
2026-10-05,2026,41,SW,South West,SW-P3,10,201,94,107,46.8,Green,1
2026-10-05,2026,41,SW,South West,SW-P4,9,188,85,103,45.2,Green,1
2026-10-05,2026,41,WAL,Wales,WAL-P1,10,201,97,104,48.3,Green,1
2026-10-05,2026,41,WAL,Wales,WAL-P2,10,186,111,75,59.7,Green,1
2026-10-05,2026,41,WAL,Wales,WAL-P3,10,199,99,100,49.7,Green,1
2026-10-05,2026,41,YRK,Yorkshire,YRK-P1,11,221,88,133,39.8,Green,1
2026-10-05,2026,41,YRK,Yorkshire,YRK-P2,10,211,119,92,56.4,Green,1
2026-10-05,2026,41,YRK,Yorkshire,YRK-P3,10,205,120,85,58.5,Green,1
2026-10-05,2026,41,YRK,Yorkshire,YRK-P4,10,194,103,91,53.1,Green,1
2026-10-05,2026,41,YRK,Yorkshire,YRK-P5,10,204,121,83,59.3,Green,1
2026-10-12,2026,42,MID,Midlands,MID-P1,12,220,119,101,54.1,Green,1
2026-10-12,2026,42,MID,Midlands,MID-P2,11,215,108,107,50.2,Green,1
2026-10-12,2026,42,MID,Midlands,MID-P3,11,225,98,127,43.6,Green,1
2026-10-12,2026,42,MID,Midlands,MID-P4,11,236,114,122,48.3,Green,1
2026-10-12,2026,42,MID,Midlands,MID-P5,12,221,106,115,48.0,Green,1
2026-10-12,2026,42,MID,Midlands,MID-P6,11,224,115,109,51.3,Green,1
2026-10-12,2026,42,MID,Midlands,MID-P7,11,226,107,119,47.3,Green,1
2026-10-12,2026,42,NE,North East,NE-P1,10,198,91,107,46.0,Green,1
2026-10-12,2026,42,NE,North East,NE-P2,10,204,80,124,39.2,Green,1
2026-10-12,2026,42,NE,North East,NE-P3,9,180,99,81,55.0,Green,1
2026-10-12,2026,42,NE,North East,NE-P4,9,172,90,82,52.3,Green,1
2026-10-12,2026,42,NE,North East,NE-P5,9,184,88,96,47.8,Green,1
2026-10-12,2026,42,NW,North West,NW-P1,11,217,94,123,43.3,Green,1
2026-10-12,2026,42,NW,North West,NW-P2,11,215,107,108,49.8,Green,1
2026-10-12,2026,42,NW,North West,NW-P3,10,211,93,118,44.1,Green,1
2026-10-12,2026,42,NW,North West,NW-P4,10,219,99,120,45.2,Green,1
2026-10-12,2026,42,NW,North West,NW-P5,10,191,90,101,47.1,Green,1
2026-10-12,2026,42,NW,North West,NW-P6,10,207,109,98,52.7,Green,1
2026-10-12,2026,42,SCO,Scotland,SCO-P1,10,197,105,92,53.3,Green,1
2026-10-12,2026,42,SCO,Scotland,SCO-P2,10,200,101,99,50.5,Green,1
2026-10-12,2026,42,SCO,Scotland,SCO-P3,10,209,100,109,47.8,Green,1
2026-10-12,2026,42,SCO,Scotland,SCO-P4,9,185,99,86,53.5,Green,1
2026-10-12,2026,42,SE,South East,SE-P1,11,226,104,122,46.0,Green,1
2026-10-12,2026,42,SE,South East,SE-P2,11,201,112,89,55.7,Green,1
2026-10-12,2026,42,SE,South East,SE-P3,11,209,111,98,53.1,Green,1
2026-10-12,2026,42,SE,South East,SE-P4,11,206,118,88,57.3,Green,1
2026-10-12,2026,42,SE,South East,SE-P5,11,231,90,141,39.0,Green,1
2026-10-12,2026,42,SE,South East,SE-P6,10,204,109,95,53.4,Green,1
2026-10-12,2026,42,SE,South East,SE-P7,10,206,113,93,54.9,Green,1
2026-10-12,2026,42,SE,South East,SE-P8,10,230,112,118,48.7,Green,1
2026-10-12,2026,42,SW,South West,SW-P1,10,192,86,106,44.8,Green,1
2026-10-12,2026,42,SW,South West,SW-P2,10,192,97,95,50.5,Green,1
2026-10-12,2026,42,SW,South West,SW-P3,10,201,115,86,57.2,Green,1
2026-10-12,2026,42,SW,South West,SW-P4,9,183,104,79,56.8,Green,1
2026-10-12,2026,42,WAL,Wales,WAL-P1,10,193,91,102,47.2,Green,1
2026-10-12,2026,42,WAL,Wales,WAL-P2,9,173,104,69,60.1,Green,1
2026-10-12,2026,42,WAL,Wales,WAL-P3,9,188,99,89,52.7,Green,1
2026-10-12,2026,42,YRK,Yorkshire,YRK-P1,11,212,99,113,46.7,Green,1
2026-10-12,2026,42,YRK,Yorkshire,YRK-P2,10,212,109,103,51.4,Green,1
2026-10-12,2026,42,YRK,Yorkshire,YRK-P3,10,196,108,88,55.1,Green,1
2026-10-12,2026,42,YRK,Yorkshire,YRK-P4,10,193,109,84,56.5,Green,1
2026-10-12,2026,42,YRK,Yorkshire,YRK-P5,10,207,106,101,51.2,Green,1
2026-10-19,2026,43,MID,Midlands,MID-P1,11,201,102,99,50.7,Green,1
2026-10-19,2026,43,MID,Midlands,MID-P2,10,196,120,76,61.2,Green,1
2026-10-19,2026,43,MID,Midlands,MID-P3,10,198,107,91,54.0,Green,1
2026-10-19,2026,43,MID,Midlands,MID-P4,10,206,79,127,38.3,Green,1
2026-10-19,2026,43,MID,Midlands,MID-P5,10,192,95,97,49.5,Green,1
2026-10-19,2026,43,MID,Midlands,MID-P6,10,205,97,108,47.3,Green,1
2026-10-19,2026,43,MID,Midlands,MID-P7,10,205,116,89,56.6,Green,1
2026-10-19,2026,43,NE,North East,NE-P1,10,201,97,104,48.3,Green,1
2026-10-19,2026,43,NE,North East,NE-P2,10,209,81,128,38.8,Green,1
2026-10-19,2026,43,NE,North East,NE-P3,9,175,95,80,54.3,Green,1
2026-10-19,2026,43,NE,North East,NE-P4,9,172,87,85,50.6,Green,1
2026-10-19,2026,43,NE,North East,NE-P5,9,176,101,75,57.4,Green,1
2026-10-19,2026,43,NW,North West,NW-P1,11,224,105,119,46.9,Green,1
2026-10-19,2026,43,NW,North West,NW-P2,11,218,105,113,48.2,Green,1
2026-10-19,2026,43,NW,North West,NW-P3,10,215,91,124,42.3,Green,1
2026-10-19,2026,43,NW,North West,NW-P4,10,214,103,111,48.1,Green,1
2026-10-19,2026,43,NW,North West,NW-P5,10,201,106,95,52.7,Green,1
2026-10-19,2026,43,NW,North West,NW-P6,11,221,105,116,47.5,Green,1
2026-10-19,2026,43,SCO,Scotland,SCO-P1,11,207,113,94,54.6,Green,1
2026-10-19,2026,43,SCO,Scotland,SCO-P2,11,222,96,126,43.2,Green,1
2026-10-19,2026,43,SCO,Scotland,SCO-P3,11,228,109,119,47.8,Green,1
2026-10-19,2026,43,SCO,Scotland,SCO-P4,10,192,111,81,57.8,Green,1
2026-10-19,2026,43,SE,South East,SE-P1,11,226,111,115,49.1,Green,1
2026-10-19,2026,43,SE,South East,SE-P2,11,200,126,74,63.0,Green,1
2026-10-19,2026,43,SE,South East,SE-P3,10,195,81,114,41.5,Green,1
2026-10-19,2026,43,SE,South East,SE-P4,10,190,109,81,57.4,Green,1
2026-10-19,2026,43,SE,South East,SE-P5,10,216,108,108,50.0,Green,1
2026-10-19,2026,43,SE,South East,SE-P6,10,205,106,99,51.7,Green,1
2026-10-19,2026,43,SE,South East,SE-P7,10,209,106,103,50.7,Green,1
2026-10-19,2026,43,SE,South East,SE-P8,10,225,112,113,49.8,Green,1
2026-10-19,2026,43,SW,South West,SW-P1,9,176,94,82,53.4,Green,1
2026-10-19,2026,43,SW,South West,SW-P2,9,175,89,86,50.9,Green,1
2026-10-19,2026,43,SW,South West,SW-P3,9,186,88,98,47.3,Green,1
2026-10-19,2026,43,SW,South West,SW-P4,9,172,101,71,58.7,Green,1
2026-10-19,2026,43,WAL,Wales,WAL-P1,10,196,107,89,54.6,Green,1
2026-10-19,2026,43,WAL,Wales,WAL-P2,9,180,94,86,52.2,Green,1
2026-10-19,2026,43,WAL,Wales,WAL-P3,10,195,96,99,49.2,Green,1
2026-10-19,2026,43,YRK,Yorkshire,YRK-P1,11,213,107,106,50.2,Green,1
2026-10-19,2026,43,YRK,Yorkshire,YRK-P2,10,207,118,89,57.0,Green,1
2026-10-19,2026,43,YRK,Yorkshire,YRK-P3,10,201,95,106,47.3,Green,1
2026-10-19,2026,43,YRK,Yorkshire,YRK-P4,10,194,106,88,54.6,Green,1
2026-10-19,2026,43,YRK,Yorkshire,YRK-P5,11,215,112,103,52.1,Green,1
2026-10-26,2026,44,MID,Midlands,MID-P1,11,207,116,91,56.0,Green,1
2026-10-26,2026,44,MID,Midlands,MID-P2,10,196,105,91,53.6,Green,1
2026-10-26,2026,44,MID,Midlands,MID-P3,10,196,105,91,53.6,Green,1
2026-10-26,2026,44,MID,Midlands,MID-P4,10,208,88,120,42.3,Green,1
2026-10-26,2026,44,MID,Midlands,MID-P5,10,192,98,94,51.0,Green,1
2026-10-26,2026,44,MID,Midlands,MID-P6,10,200,107,93,53.5,Green,1
2026-10-26,2026,44,MID,Midlands,MID-P7,10,204,104,100,51.0,Green,1
2026-10-26,2026,44,NE,North East,NE-P1,9,187,74,113,39.6,Green,1
2026-10-26,2026,44,NE,North East,NE-P2,10,195,96,99,49.2,Green,1
2026-10-26,2026,44,NE,North East,NE-P3,9,178,96,82,53.9,Green,1
2026-10-26,2026,44,NE,North East,NE-P4,9,161,88,73,54.7,Green,1
2026-10-26,2026,44,NE,North East,NE-P5,9,175,104,71,59.4,Green,1
2026-10-26,2026,44,NW,North West,NW-P1,11,216,82,134,38.0,Green,1
2026-10-26,2026,44,NW,North West,NW-P2,10,200,110,90,55.0,Green,1
2026-10-26,2026,44,NW,North West,NW-P3,9,190,100,90,52.6,Green,1
2026-10-26,2026,44,NW,North West,NW-P4,10,200,115,85,57.5,Green,1
2026-10-26,2026,44,NW,North West,NW-P5,10,188,94,94,50.0,Green,1
2026-10-26,2026,44,NW,North West,NW-P6,10,204,94,110,46.1,Green,1
2026-10-26,2026,44,SCO,Scotland,SCO-P1,10,191,108,83,56.5,Green,1
2026-10-26,2026,44,SCO,Scotland,SCO-P2,10,207,97,110,46.9,Green,1
2026-10-26,2026,44,SCO,Scotland,SCO-P3,10,208,101,107,48.6,Green,1
2026-10-26,2026,44,SCO,Scotland,SCO-P4,9,179,100,79,55.9,Green,1
2026-10-26,2026,44,SE,South East,SE-P1,11,218,116,102,53.2,Green,1
2026-10-26,2026,44,SE,South East,SE-P2,11,199,95,104,47.7,Green,1
2026-10-26,2026,44,SE,South East,SE-P3,10,195,111,84,56.9,Green,1
2026-10-26,2026,44,SE,South East,SE-P4,10,193,117,76,60.6,Green,1
2026-10-26,2026,44,SE,South East,SE-P5,10,214,111,103,51.9,Green,1
2026-10-26,2026,44,SE,South East,SE-P6,10,192,103,89,53.6,Green,1
2026-10-26,2026,44,SE,South East,SE-P7,10,202,95,107,47.0,Green,1
2026-10-26,2026,44,SE,South East,SE-P8,10,224,94,130,42.0,Green,1
2026-10-26,2026,44,SW,South West,SW-P1,9,181,102,79,56.4,Green,1
2026-10-26,2026,44,SW,South West,SW-P2,10,186,98,88,52.7,Green,1
2026-10-26,2026,44,SW,South West,SW-P3,9,190,82,108,43.2,Green,1
2026-10-26,2026,44,SW,South West,SW-P4,8,164,95,69,57.9,Green,1
2026-10-26,2026,44,WAL,Wales,WAL-P1,10,196,101,95,51.5,Green,1
2026-10-26,2026,44,WAL,Wales,WAL-P2,10,190,108,82,56.8,Green,1
2026-10-26,2026,44,WAL,Wales,WAL-P3,10,195,96,99,49.2,Green,1
2026-10-26,2026,44,YRK,Yorkshire,YRK-P1,11,222,106,116,47.7,Green,1
2026-10-26,2026,44,YRK,Yorkshire,YRK-P2,11,216,97,119,44.9,Green,1
2026-10-26,2026,44,YRK,Yorkshire,YRK-P3,10,205,113,92,55.1,Green,1
2026-10-26,2026,44,YRK,Yorkshire,YRK-P4,10,199,143,56,71.9,Green,1
2026-10-26,2026,44,YRK,Yorkshire,YRK-P5,10,207,93,114,44.9,Green,1
2026-11-02,2026,45,MID,Midlands,MID-P1,10,185,94,91,50.8,Green,1
2026-11-02,2026,45,MID,Midlands,MID-P2,9,179,108,71,60.3,Green,1
2026-11-02,2026,45,MID,Midlands,MID-P3,9,178,93,85,52.2,Green,1
2026-11-02,2026,45,MID,Midlands,MID-P4,9,196,85,111,43.4,Green,1
2026-11-02,2026,45,MID,Midlands,MID-P5,10,186,91,95,48.9,Green,1
2026-11-02,2026,45,MID,Midlands,MID-P6,10,200,96,104,48.0,Green,1
2026-11-02,2026,45,MID,Midlands,MID-P7,9,190,108,82,56.8,Green,1
2026-11-02,2026,45,NE,North East,NE-P1,10,200,105,95,52.5,Green,1
2026-11-02,2026,45,NE,North East,NE-P2,10,200,78,122,39.0,Green,1
2026-11-02,2026,45,NE,North East,NE-P3,9,171,113,58,66.1,Green,1
2026-11-02,2026,45,NE,North East,NE-P4,9,167,83,84,49.7,Green,1
2026-11-02,2026,45,NE,North East,NE-P5,9,181,84,97,46.4,Green,1
2026-11-02,2026,45,NW,North West,NW-P1,11,207,112,95,54.1,Green,1
2026-11-02,2026,45,NW,North West,NW-P2,10,196,86,110,43.9,Green,1
2026-11-02,2026,45,NW,North West,NW-P3,10,198,85,113,42.9,Green,1
2026-11-02,2026,45,NW,North West,NW-P4,10,199,104,95,52.3,Green,1
2026-11-02,2026,45,NW,North West,NW-P5,10,187,107,80,57.2,Green,1
2026-11-02,2026,45,NW,North West,NW-P6,10,204,104,100,51.0,Green,1
2026-11-02,2026,45,SCO,Scotland,SCO-P1,10,193,119,74,61.7,Green,1
2026-11-02,2026,45,SCO,Scotland,SCO-P2,10,218,106,112,48.6,Green,1
2026-11-02,2026,45,SCO,Scotland,SCO-P3,10,220,99,121,45.0,Green,1
2026-11-02,2026,45,SCO,Scotland,SCO-P4,10,190,98,92,51.6,Green,1
2026-11-02,2026,45,SE,South East,SE-P1,10,209,84,125,40.2,Green,1
2026-11-02,2026,45,SE,South East,SE-P2,10,191,107,84,56.0,Green,1
2026-11-02,2026,45,SE,South East,SE-P3,11,199,109,90,54.8,Green,1
2026-11-02,2026,45,SE,South East,SE-P4,10,189,117,72,61.9,Green,1
2026-11-02,2026,45,SE,South East,SE-P5,10,209,102,107,48.8,Green,1
2026-11-02,2026,45,SE,South East,SE-P6,10,193,87,106,45.1,Green,1
2026-11-02,2026,45,SE,South East,SE-P7,10,195,123,72,63.1,Green,1
2026-11-02,2026,45,SE,South East,SE-P8,10,208,98,110,47.1,Green,1
2026-11-02,2026,45,SW,South West,SW-P1,9,183,104,79,56.8,Green,1
2026-11-02,2026,45,SW,South West,SW-P2,9,177,92,85,52.0,Green,1
2026-11-02,2026,45,SW,South West,SW-P3,9,191,85,106,44.5,Green,1
2026-11-02,2026,45,SW,South West,SW-P4,9,175,107,68,61.1,Green,1
2026-11-02,2026,45,WAL,Wales,WAL-P1,10,205,117,88,57.1,Green,1
2026-11-02,2026,45,WAL,Wales,WAL-P2,10,198,94,104,47.5,Green,1
2026-11-02,2026,45,WAL,Wales,WAL-P3,10,199,112,87,56.3,Green,1
2026-11-02,2026,45,YRK,Yorkshire,YRK-P1,12,228,100,128,43.9,Green,1
2026-11-02,2026,45,YRK,Yorkshire,YRK-P2,11,223,100,123,44.8,Green,1
2026-11-02,2026,45,YRK,Yorkshire,YRK-P3,11,217,131,86,60.4,Green,1
2026-11-02,2026,45,YRK,Yorkshire,YRK-P4,11,212,118,94,55.7,Green,1
2026-11-02,2026,45,YRK,Yorkshire,YRK-P5,11,223,113,110,50.7,Green,1
2026-11-09,2026,46,MID,Midlands,MID-P1,10,191,85,106,44.5,Green,1
2026-11-09,2026,46,MID,Midlands,MID-P2,10,196,109,87,55.6,Green,1
2026-11-09,2026,46,MID,Midlands,MID-P3,10,194,97,97,50.0,Green,1
2026-11-09,2026,46,MID,Midlands,MID-P4,10,198,81,117,40.9,Green,1
2026-11-09,2026,46,MID,Midlands,MID-P5,9,184,139,45,75.5,Amber,1
2026-11-09,2026,46,MID,Midlands,MID-P6,10,191,100,91,52.4,Green,1
2026-11-09,2026,46,MID,Midlands,MID-P7,10,194,103,91,53.1,Green,1
2026-11-09,2026,46,NE,North East,NE-P1,9,171,87,84,50.9,Green,1
2026-11-09,2026,46,NE,North East,NE-P2,9,177,78,99,44.1,Green,1
2026-11-09,2026,46,NE,North East,NE-P3,8,160,85,75,53.1,Green,1
2026-11-09,2026,46,NE,North East,NE-P4,8,148,85,63,57.4,Green,1
2026-11-09,2026,46,NE,North East,NE-P5,8,156,83,73,53.2,Green,1
2026-11-09,2026,46,NW,North West,NW-P1,11,221,97,124,43.9,Green,1
2026-11-09,2026,46,NW,North West,NW-P2,11,211,108,103,51.2,Green,1
2026-11-09,2026,46,NW,North West,NW-P3,10,213,111,102,52.1,Green,1
2026-11-09,2026,46,NW,North West,NW-P4,10,210,101,109,48.1,Green,1
2026-11-09,2026,46,NW,North West,NW-P5,10,194,97,97,50.0,Green,1
2026-11-09,2026,46,NW,North West,NW-P6,10,209,111,98,53.1,Green,1
2026-11-09,2026,46,SCO,Scotland,SCO-P1,11,212,93,119,43.9,Green,1
2026-11-09,2026,46,SCO,Scotland,SCO-P2,11,224,94,130,42.0,Green,1
2026-11-09,2026,46,SCO,Scotland,SCO-P3,11,224,104,120,46.4,Green,1
2026-11-09,2026,46,SCO,Scotland,SCO-P4,10,201,134,67,66.7,Green,1
2026-11-09,2026,46,SE,South East,SE-P1,9,188,104,84,55.3,Green,1
2026-11-09,2026,46,SE,South East,SE-P2,10,177,100,77,56.5,Green,1
2026-11-09,2026,46,SE,South East,SE-P3,9,178,85,93,47.8,Green,1
2026-11-09,2026,46,SE,South East,SE-P4,10,180,104,76,57.8,Green,1
2026-11-09,2026,46,SE,South East,SE-P5,9,194,96,98,49.5,Green,1
2026-11-09,2026,46,SE,South East,SE-P6,8,168,90,78,53.6,Green,1
2026-11-09,2026,46,SE,South East,SE-P7,9,173,92,81,53.2,Green,1
2026-11-09,2026,46,SE,South East,SE-P8,9,187,108,79,57.8,Green,1
2026-11-09,2026,46,SW,South West,SW-P1,9,169,98,71,58.0,Green,1
2026-11-09,2026,46,SW,South West,SW-P2,9,172,88,84,51.2,Green,1
2026-11-09,2026,46,SW,South West,SW-P3,9,185,89,96,48.1,Green,1
2026-11-09,2026,46,SW,South West,SW-P4,8,156,96,60,61.5,Green,1
2026-11-09,2026,46,WAL,Wales,WAL-P1,10,198,101,97,51.0,Green,1
2026-11-09,2026,46,WAL,Wales,WAL-P2,10,186,96,90,51.6,Green,1
2026-11-09,2026,46,WAL,Wales,WAL-P3,9,192,104,88,54.2,Green,1
2026-11-09,2026,46,YRK,Yorkshire,YRK-P1,11,212,98,114,46.2,Green,1
2026-11-09,2026,46,YRK,Yorkshire,YRK-P2,10,207,103,104,49.8,Green,1
2026-11-09,2026,46,YRK,Yorkshire,YRK-P3,10,201,93,108,46.3,Green,1
2026-11-09,2026,46,YRK,Yorkshire,YRK-P4,10,193,99,94,51.3,Green,1
2026-11-09,2026,46,YRK,Yorkshire,YRK-P5,10,208,102,106,49.0,Green,1
2026-11-16,2026,47,MID,Midlands,MID-P1,10,182,100,82,54.9,Green,1
2026-11-16,2026,47,MID,Midlands,MID-P2,9,182,96,86,52.7,Green,1
2026-11-16,2026,47,MID,Midlands,MID-P3,9,185,100,85,54.1,Green,1
2026-11-16,2026,47,MID,Midlands,MID-P4,10,198,102,96,51.5,Green,1
2026-11-16,2026,47,MID,Midlands,MID-P5,10,185,100,85,54.1,Green,1
2026-11-16,2026,47,MID,Midlands,MID-P6,9,188,112,76,59.6,Green,1
2026-11-16,2026,47,MID,Midlands,MID-P7,9,187,99,88,52.9,Green,1
2026-11-16,2026,47,NE,North East,NE-P1,9,171,69,102,40.4,Green,1
2026-11-16,2026,47,NE,North East,NE-P2,8,172,74,98,43.0,Green,1
2026-11-16,2026,47,NE,North East,NE-P3,8,148,105,43,70.9,Green,1
2026-11-16,2026,47,NE,North East,NE-P4,8,146,91,55,62.3,Green,1
2026-11-16,2026,47,NE,North East,NE-P5,8,161,87,74,54.0,Green,1
2026-11-16,2026,47,NW,North West,NW-P1,10,200,98,102,49.0,Green,1
2026-11-16,2026,47,NW,North West,NW-P2,10,200,105,95,52.5,Green,1
2026-11-16,2026,47,NW,North West,NW-P3,9,190,102,88,53.7,Green,1
2026-11-16,2026,47,NW,North West,NW-P4,9,197,93,104,47.2,Green,1
2026-11-16,2026,47,NW,North West,NW-P5,9,175,84,91,48.0,Green,1
2026-11-16,2026,47,NW,North West,NW-P6,9,188,110,78,58.5,Green,1
2026-11-16,2026,47,SCO,Scotland,SCO-P1,11,215,116,99,54.0,Green,1
2026-11-16,2026,47,SCO,Scotland,SCO-P2,11,230,90,140,39.1,Green,1
2026-11-16,2026,47,SCO,Scotland,SCO-P3,11,235,100,135,42.6,Green,1
2026-11-16,2026,47,SCO,Scotland,SCO-P4,10,195,103,92,52.8,Green,1
2026-11-16,2026,47,SE,South East,SE-P1,10,205,104,101,50.7,Green,1
2026-11-16,2026,47,SE,South East,SE-P2,10,182,108,74,59.3,Green,1
2026-11-16,2026,47,SE,South East,SE-P3,10,189,96,93,50.8,Green,1
2026-11-16,2026,47,SE,South East,SE-P4,10,181,109,72,60.2,Green,1
2026-11-16,2026,47,SE,South East,SE-P5,10,206,107,99,51.9,Green,1
2026-11-16,2026,47,SE,South East,SE-P6,9,184,93,91,50.5,Green,1
2026-11-16,2026,47,SE,South East,SE-P7,9,189,105,84,55.6,Green,1
2026-11-16,2026,47,SE,South East,SE-P8,10,211,103,108,48.8,Green,1
2026-11-16,2026,47,SW,South West,SW-P1,10,185,92,93,49.7,Green,1
2026-11-16,2026,47,SW,South West,SW-P2,9,184,86,98,46.7,Green,1
2026-11-16,2026,47,SW,South West,SW-P3,10,194,92,102,47.4,Green,1
2026-11-16,2026,47,SW,South West,SW-P4,9,178,118,60,66.3,Green,1
2026-11-16,2026,47,WAL,Wales,WAL-P1,11,209,96,113,45.9,Green,1
2026-11-16,2026,47,WAL,Wales,WAL-P2,10,189,101,88,53.4,Green,1
2026-11-16,2026,47,WAL,Wales,WAL-P3,9,191,97,94,50.8,Green,1
2026-11-16,2026,47,YRK,Yorkshire,YRK-P1,12,237,108,129,45.6,Green,1
2026-11-16,2026,47,YRK,Yorkshire,YRK-P2,11,224,115,109,51.3,Green,1
2026-11-16,2026,47,YRK,Yorkshire,YRK-P3,11,219,114,105,52.1,Green,1
2026-11-16,2026,47,YRK,Yorkshire,YRK-P4,11,213,108,105,50.7,Green,1
2026-11-16,2026,47,YRK,Yorkshire,YRK-P5,11,229,93,136,40.6,Green,1
2026-11-23,2026,48,MID,Midlands,MID-P1,11,202,112,90,55.4,Green,1
2026-11-23,2026,48,MID,Midlands,MID-P2,10,196,99,97,50.5,Green,1
2026-11-23,2026,48,MID,Midlands,MID-P3,10,194,103,91,53.1,Green,1
2026-11-23,2026,48,MID,Midlands,MID-P4,10,202,114,88,56.4,Green,1
2026-11-23,2026,48,MID,Midlands,MID-P5,9,180,103,77,57.2,Green,1
2026-11-23,2026,48,MID,Midlands,MID-P6,10,193,99,94,51.3,Green,1
2026-11-23,2026,48,MID,Midlands,MID-P7,10,200,97,103,48.5,Green,1
2026-11-23,2026,48,NE,North East,NE-P1,7,148,79,69,53.4,Green,1
2026-11-23,2026,48,NE,North East,NE-P2,8,158,76,82,48.1,Green,1
2026-11-23,2026,48,NE,North East,NE-P3,7,146,79,67,54.1,Green,1
2026-11-23,2026,48,NE,North East,NE-P4,7,138,90,48,65.2,Green,1
2026-11-23,2026,48,NE,North East,NE-P5,7,146,79,67,54.1,Green,1
2026-11-23,2026,48,NW,North West,NW-P1,9,181,91,90,50.3,Green,1
2026-11-23,2026,48,NW,North West,NW-P2,9,179,102,77,57.0,Green,1
2026-11-23,2026,48,NW,North West,NW-P3,9,175,106,69,60.6,Green,1
2026-11-23,2026,48,NW,North West,NW-P4,9,178,100,78,56.2,Green,1
2026-11-23,2026,48,NW,North West,NW-P5,9,174,89,85,51.1,Green,1
2026-11-23,2026,48,NW,North West,NW-P6,9,176,80,96,45.5,Green,1
2026-11-23,2026,48,SCO,Scotland,SCO-P1,11,215,100,115,46.5,Green,1
2026-11-23,2026,48,SCO,Scotland,SCO-P2,11,233,100,133,42.9,Green,1
2026-11-23,2026,48,SCO,Scotland,SCO-P3,11,241,118,123,49.0,Green,1
2026-11-23,2026,48,SCO,Scotland,SCO-P4,10,201,104,97,51.7,Green,1
2026-11-23,2026,48,SE,South East,SE-P1,10,201,93,108,46.3,Green,1
2026-11-23,2026,48,SE,South East,SE-P2,10,182,116,66,63.7,Green,1
2026-11-23,2026,48,SE,South East,SE-P3,10,187,96,91,51.3,Green,1
2026-11-23,2026,48,SE,South East,SE-P4,10,188,95,93,50.5,Green,1
2026-11-23,2026,48,SE,South East,SE-P5,10,210,107,103,51.0,Green,1
2026-11-23,2026,48,SE,South East,SE-P6,9,183,95,88,51.9,Green,1
2026-11-23,2026,48,SE,South East,SE-P7,9,187,93,94,49.7,Green,1
2026-11-23,2026,48,SE,South East,SE-P8,9,204,93,111,45.6,Green,1
2026-11-23,2026,48,SW,South West,SW-P1,10,199,93,106,46.7,Green,1
2026-11-23,2026,48,SW,South West,SW-P2,10,200,106,94,53.0,Green,1
2026-11-23,2026,48,SW,South West,SW-P3,10,205,103,102,50.2,Green,1
2026-11-23,2026,48,SW,South West,SW-P4,10,193,91,102,47.2,Green,1
2026-11-23,2026,48,WAL,Wales,WAL-P1,11,210,108,102,51.4,Green,1
2026-11-23,2026,48,WAL,Wales,WAL-P2,10,197,96,101,48.7,Green,1
2026-11-23,2026,48,WAL,Wales,WAL-P3,10,204,93,111,45.6,Green,1
2026-11-23,2026,48,YRK,Yorkshire,YRK-P1,12,231,109,122,47.2,Green,1
2026-11-23,2026,48,YRK,Yorkshire,YRK-P2,11,227,104,123,45.8,Green,1
2026-11-23,2026,48,YRK,Yorkshire,YRK-P3,11,220,124,96,56.4,Green,1
2026-11-23,2026,48,YRK,Yorkshire,YRK-P4,11,219,101,118,46.1,Green,1
2026-11-23,2026,48,YRK,Yorkshire,YRK-P5,11,223,110,113,49.3,Green,1
2026-11-30,2026,49,MID,Midlands,MID-P1,10,185,89,96,48.1,Green,1
2026-11-30,2026,49,MID,Midlands,MID-P2,10,188,94,94,50.0,Green,1
2026-11-30,2026,49,MID,Midlands,MID-P3,10,194,99,95,51.0,Green,1
2026-11-30,2026,49,MID,Midlands,MID-P4,10,206,111,95,53.9,Green,1
2026-11-30,2026,49,MID,Midlands,MID-P5,10,185,104,81,56.2,Green,1
2026-11-30,2026,49,MID,Midlands,MID-P6,9,184,95,89,51.6,Green,1
2026-11-30,2026,49,MID,Midlands,MID-P7,9,184,81,103,44.0,Green,1
2026-11-30,2026,49,NE,North East,NE-P1,9,173,105,68,60.7,Green,1
2026-11-30,2026,49,NE,North East,NE-P2,9,176,84,92,47.7,Green,1
2026-11-30,2026,49,NE,North East,NE-P3,8,152,87,65,57.2,Green,1
2026-11-30,2026,49,NE,North East,NE-P4,8,144,77,67,53.5,Green,1
2026-11-30,2026,49,NE,North East,NE-P5,8,158,69,89,43.7,Green,1
2026-11-30,2026,49,NW,North West,NW-P1,9,179,103,76,57.5,Green,1
2026-11-30,2026,49,NW,North West,NW-P2,9,176,107,69,60.8,Green,1
2026-11-30,2026,49,NW,North West,NW-P3,8,172,80,92,46.5,Green,1
2026-11-30,2026,49,NW,North West,NW-P4,9,184,109,75,59.2,Green,1
2026-11-30,2026,49,NW,North West,NW-P5,9,174,82,92,47.1,Green,1
2026-11-30,2026,49,NW,North West,NW-P6,9,187,94,93,50.3,Green,1
2026-11-30,2026,49,SCO,Scotland,SCO-P1,10,199,96,103,48.2,Green,1
2026-11-30,2026,49,SCO,Scotland,SCO-P2,10,208,90,118,43.3,Green,1
2026-11-30,2026,49,SCO,Scotland,SCO-P3,10,211,102,109,48.3,Green,1
2026-11-30,2026,49,SCO,Scotland,SCO-P4,9,187,97,90,51.9,Green,1
2026-11-30,2026,49,SE,South East,SE-P1,10,204,106,98,52.0,Green,1
2026-11-30,2026,49,SE,South East,SE-P2,10,180,92,88,51.1,Green,1
2026-11-30,2026,49,SE,South East,SE-P3,10,182,93,89,51.1,Green,1
2026-11-30,2026,49,SE,South East,SE-P4,10,183,105,78,57.4,Green,1
2026-11-30,2026,49,SE,South East,SE-P5,10,216,94,122,43.5,Green,1
2026-11-30,2026,49,SE,South East,SE-P6,9,189,88,101,46.6,Green,1
2026-11-30,2026,49,SE,South East,SE-P7,9,191,99,92,51.8,Green,1
2026-11-30,2026,49,SE,South East,SE-P8,9,203,88,115,43.3,Green,1
2026-11-30,2026,49,SW,South West,SW-P1,9,177,95,82,53.7,Green,1
2026-11-30,2026,49,SW,South West,SW-P2,9,180,102,78,56.7,Green,1
2026-11-30,2026,49,SW,South West,SW-P3,9,189,75,114,39.7,Green,1
2026-11-30,2026,49,SW,South West,SW-P4,9,172,79,93,45.9,Green,1
2026-11-30,2026,49,WAL,Wales,WAL-P1,11,212,100,112,47.2,Green,1
2026-11-30,2026,49,WAL,Wales,WAL-P2,10,194,88,106,45.4,Green,1
2026-11-30,2026,49,WAL,Wales,WAL-P3,10,199,110,89,55.3,Green,1
2026-11-30,2026,49,YRK,Yorkshire,YRK-P1,11,213,101,112,47.4,Green,1
2026-11-30,2026,49,YRK,Yorkshire,YRK-P2,10,199,98,101,49.2,Green,1
2026-11-30,2026,49,YRK,Yorkshire,YRK-P3,10,197,116,81,58.9,Green,1
2026-11-30,2026,49,YRK,Yorkshire,YRK-P4,10,192,98,94,51.0,Green,1
2026-11-30,2026,49,YRK,Yorkshire,YRK-P5,10,207,79,128,38.2,Green,1
2026-12-07,2026,50,MID,Midlands,MID-P1,10,193,101,92,52.3,Green,1
2026-12-07,2026,50,MID,Midlands,MID-P2,9,185,89,96,48.1,Green,1
2026-12-07,2026,50,MID,Midlands,MID-P3,9,180,76,104,42.2,Green,1
2026-12-07,2026,50,MID,Midlands,MID-P4,10,199,113,86,56.8,Green,1
2026-12-07,2026,50,MID,Midlands,MID-P5,10,184,84,100,45.7,Green,1
2026-12-07,2026,50,MID,Midlands,MID-P6,10,196,103,93,52.6,Green,1
2026-12-07,2026,50,MID,Midlands,MID-P7,10,204,107,97,52.5,Green,1
2026-12-07,2026,50,NE,North East,NE-P1,8,170,72,98,42.4,Green,1
2026-12-07,2026,50,NE,North East,NE-P2,8,172,83,89,48.3,Green,1
2026-12-07,2026,50,NE,North East,NE-P3,8,159,98,61,61.6,Green,1
2026-12-07,2026,50,NE,North East,NE-P4,8,148,79,69,53.4,Green,1
2026-12-07,2026,50,NE,North East,NE-P5,8,150,73,77,48.7,Green,1
2026-12-07,2026,50,NW,North West,NW-P1,9,178,91,87,51.1,Green,1
2026-12-07,2026,50,NW,North West,NW-P2,9,180,95,85,52.8,Green,1
2026-12-07,2026,50,NW,North West,NW-P3,9,175,87,88,49.7,Green,1
2026-12-07,2026,50,NW,North West,NW-P4,9,182,92,90,50.5,Green,1
2026-12-07,2026,50,NW,North West,NW-P5,9,172,91,81,52.9,Green,1
2026-12-07,2026,50,NW,North West,NW-P6,9,176,94,82,53.4,Green,1
2026-12-07,2026,50,SCO,Scotland,SCO-P1,10,191,95,96,49.7,Green,1
2026-12-07,2026,50,SCO,Scotland,SCO-P2,10,209,91,118,43.5,Green,1
2026-12-07,2026,50,SCO,Scotland,SCO-P3,10,211,90,121,42.7,Green,1
2026-12-07,2026,50,SCO,Scotland,SCO-P4,9,182,96,86,52.7,Green,1
2026-12-07,2026,50,SE,South East,SE-P1,10,198,102,96,51.5,Green,1
2026-12-07,2026,50,SE,South East,SE-P2,10,175,103,72,58.9,Green,1
2026-12-07,2026,50,SE,South East,SE-P3,10,183,89,94,48.6,Green,1
2026-12-07,2026,50,SE,South East,SE-P4,10,176,104,72,59.1,Green,1
2026-12-07,2026,50,SE,South East,SE-P5,10,197,86,111,43.7,Green,1
2026-12-07,2026,50,SE,South East,SE-P6,9,184,82,102,44.6,Green,1
2026-12-07,2026,50,SE,South East,SE-P7,9,187,91,96,48.7,Green,1
2026-12-07,2026,50,SE,South East,SE-P8,9,204,94,110,46.1,Green,1
2026-12-07,2026,50,SW,South West,SW-P1,9,177,92,85,52.0,Green,1
2026-12-07,2026,50,SW,South West,SW-P2,10,182,86,96,47.3,Green,1
2026-12-07,2026,50,SW,South West,SW-P3,9,193,91,102,47.2,Green,1
2026-12-07,2026,50,SW,South West,SW-P4,9,186,96,90,51.6,Green,1
2026-12-07,2026,50,WAL,Wales,WAL-P1,10,197,90,107,45.7,Green,1
2026-12-07,2026,50,WAL,Wales,WAL-P2,9,182,102,80,56.0,Green,1
2026-12-07,2026,50,WAL,Wales,WAL-P3,10,199,91,108,45.7,Green,1
2026-12-07,2026,50,YRK,Yorkshire,YRK-P1,11,217,93,124,42.9,Green,1
2026-12-07,2026,50,YRK,Yorkshire,YRK-P2,10,212,101,111,47.6,Green,1
2026-12-07,2026,50,YRK,Yorkshire,YRK-P3,11,209,99,110,47.4,Green,1
2026-12-07,2026,50,YRK,Yorkshire,YRK-P4,10,199,108,91,54.3,Green,1
2026-12-07,2026,50,YRK,Yorkshire,YRK-P5,10,208,99,109,47.6,Green,1
2026-12-14,2026,51,MID,Midlands,MID-P1,10,194,87,107,44.8,Green,1
2026-12-14,2026,51,MID,Midlands,MID-P2,10,196,85,111,43.4,Green,1
2026-12-14,2026,51,MID,Midlands,MID-P3,10,195,117,78,60.0,Green,1
2026-12-14,2026,51,MID,Midlands,MID-P4,10,208,92,116,44.2,Green,1
2026-12-14,2026,51,MID,Midlands,MID-P5,10,186,103,83,55.4,Green,1
2026-12-14,2026,51,MID,Midlands,MID-P6,9,188,99,89,52.7,Green,1
2026-12-14,2026,51,MID,Midlands,MID-P7,10,199,109,90,54.8,Green,1
2026-12-14,2026,51,NE,North East,NE-P1,8,159,80,79,50.3,Green,1
2026-12-14,2026,51,NE,North East,NE-P2,8,167,62,105,37.1,Green,1
2026-12-14,2026,51,NE,North East,NE-P3,8,149,68,81,45.6,Green,1
2026-12-14,2026,51,NE,North East,NE-P4,8,143,87,56,60.8,Green,1
2026-12-14,2026,51,NE,North East,NE-P5,7,149,91,58,61.1,Green,1
2026-12-14,2026,51,NW,North West,NW-P1,10,195,106,89,54.4,Green,1
2026-12-14,2026,51,NW,North West,NW-P2,10,185,93,92,50.3,Green,1
2026-12-14,2026,51,NW,North West,NW-P3,9,179,98,81,54.7,Green,1
2026-12-14,2026,51,NW,North West,NW-P4,9,187,89,98,47.6,Green,1
2026-12-14,2026,51,NW,North West,NW-P5,9,178,99,79,55.6,Green,1
2026-12-14,2026,51,NW,North West,NW-P6,9,193,78,115,40.4,Green,1
2026-12-14,2026,51,SCO,Scotland,SCO-P1,10,189,85,104,45.0,Green,1
2026-12-14,2026,51,SCO,Scotland,SCO-P2,9,196,95,101,48.5,Green,1
2026-12-14,2026,51,SCO,Scotland,SCO-P3,10,208,92,116,44.2,Green,1
2026-12-14,2026,51,SCO,Scotland,SCO-P4,9,171,84,87,49.1,Green,1
2026-12-14,2026,51,SE,South East,SE-P1,10,200,96,104,48.0,Green,1
2026-12-14,2026,51,SE,South East,SE-P2,10,184,77,107,41.8,Green,1
2026-12-14,2026,51,SE,South East,SE-P3,10,187,106,81,56.7,Green,1
2026-12-14,2026,51,SE,South East,SE-P4,10,188,86,102,45.7,Green,1
2026-12-14,2026,51,SE,South East,SE-P5,10,204,104,100,51.0,Green,1
2026-12-14,2026,51,SE,South East,SE-P6,9,181,93,88,51.4,Green,1
2026-12-14,2026,51,SE,South East,SE-P7,9,181,93,88,51.4,Green,1
2026-12-14,2026,51,SE,South East,SE-P8,9,197,97,100,49.2,Green,1
2026-12-14,2026,51,SW,South West,SW-P1,10,195,87,108,44.6,Green,1
2026-12-14,2026,51,SW,South West,SW-P2,10,185,99,86,53.5,Green,1
2026-12-14,2026,51,SW,South West,SW-P3,10,205,83,122,40.5,Green,1
2026-12-14,2026,51,SW,South West,SW-P4,9,176,99,77,56.2,Green,1
2026-12-14,2026,51,WAL,Wales,WAL-P1,10,202,90,112,44.6,Green,1
2026-12-14,2026,51,WAL,Wales,WAL-P2,10,186,92,94,49.5,Green,1
2026-12-14,2026,51,WAL,Wales,WAL-P3,10,199,97,102,48.7,Green,1
2026-12-14,2026,51,YRK,Yorkshire,YRK-P1,10,192,89,103,46.4,Green,1
2026-12-14,2026,51,YRK,Yorkshire,YRK-P2,10,194,101,93,52.1,Green,1
2026-12-14,2026,51,YRK,Yorkshire,YRK-P3,10,188,94,94,50.0,Green,1
2026-12-14,2026,51,YRK,Yorkshire,YRK-P4,9,176,91,85,51.7,Green,1
2026-12-14,2026,51,YRK,Yorkshire,YRK-P5,9,190,91,99,47.9,Green,1
2026-12-21,2026,52,MID,Midlands,MID-P1,10,180,82,98,45.6,Green,1
2026-12-21,2026,52,MID,Midlands,MID-P2,9,184,94,90,51.1,Green,1
2026-12-21,2026,52,MID,Midlands,MID-P3,9,185,112,73,60.5,Green,1
2026-12-21,2026,52,MID,Midlands,MID-P4,10,200,93,107,46.5,Green,1
2026-12-21,2026,52,MID,Midlands,MID-P5,10,186,91,95,48.9,Green,1
2026-12-21,2026,52,MID,Midlands,MID-P6,10,193,92,101,47.7,Green,1
2026-12-21,2026,52,MID,Midlands,MID-P7,9,192,80,112,41.7,Green,1
2026-12-21,2026,52,NE,North East,NE-P1,8,157,62,95,39.5,Green,1
2026-12-21,2026,52,NE,North East,NE-P2,8,164,73,91,44.5,Green,1
2026-12-21,2026,52,NE,North East,NE-P3,7,144,79,65,54.9,Green,1
2026-12-21,2026,52,NE,North East,NE-P4,7,135,91,44,67.4,Green,1
2026-12-21,2026,52,NE,North East,NE-P5,7,144,71,73,49.3,Green,1
2026-12-21,2026,52,NW,North West,NW-P1,9,174,95,79,54.6,Green,1
2026-12-21,2026,52,NW,North West,NW-P2,8,158,90,68,57.0,Green,1
2026-12-21,2026,52,NW,North West,NW-P3,8,158,84,74,53.2,Green,1
2026-12-21,2026,52,NW,North West,NW-P4,8,166,76,90,45.8,Green,1
2026-12-21,2026,52,NW,North West,NW-P5,8,159,65,94,40.9,Green,1
2026-12-21,2026,52,NW,North West,NW-P6,8,172,94,78,54.7,Green,1
2026-12-21,2026,52,SCO,Scotland,SCO-P1,9,182,73,109,40.1,Green,1
2026-12-21,2026,52,SCO,Scotland,SCO-P2,9,197,79,118,40.1,Green,1
2026-12-21,2026,52,SCO,Scotland,SCO-P3,9,204,105,99,51.5,Green,1
2026-12-21,2026,52,SCO,Scotland,SCO-P4,9,178,111,67,62.4,Green,1
2026-12-21,2026,52,SE,South East,SE-P1,11,216,87,129,40.3,Green,1
2026-12-21,2026,52,SE,South East,SE-P2,11,196,121,75,61.7,Green,1
2026-12-21,2026,52,SE,South East,SE-P3,10,195,105,90,53.8,Green,1
2026-12-21,2026,52,SE,South East,SE-P4,10,191,90,101,47.1,Green,1
2026-12-21,2026,52,SE,South East,SE-P5,11,217,105,112,48.4,Green,1
2026-12-21,2026,52,SE,South East,SE-P6,10,199,84,115,42.2,Green,1
2026-12-21,2026,52,SE,South East,SE-P7,10,201,89,112,44.3,Green,1
2026-12-21,2026,52,SE,South East,SE-P8,10,221,95,126,43.0,Green,1
2026-12-21,2026,52,SW,South West,SW-P1,9,170,79,91,46.5,Green,1
2026-12-21,2026,52,SW,South West,SW-P2,9,170,78,92,45.9,Green,1
2026-12-21,2026,52,SW,South West,SW-P3,9,180,83,97,46.1,Green,1
2026-12-21,2026,52,SW,South West,SW-P4,8,168,88,80,52.4,Green,1
2026-12-21,2026,52,WAL,Wales,WAL-P1,10,190,90,100,47.4,Green,1
2026-12-21,2026,52,WAL,Wales,WAL-P2,9,177,93,84,52.5,Green,1
2026-12-21,2026,52,WAL,Wales,WAL-P3,9,188,84,104,44.7,Green,1
2026-12-21,2026,52,YRK,Yorkshire,YRK-P1,10,192,101,91,52.6,Green,1
2026-12-21,2026,52,YRK,Yorkshire,YRK-P2,9,184,100,84,54.3,Green,1
2026-12-21,2026,52,YRK,Yorkshire,YRK-P3,9,180,77,103,42.8,Green,1
2026-12-21,2026,52,YRK,Yorkshire,YRK-P4,9,173,94,79,54.3,Green,1
2026-12-21,2026,52,YRK,Yorkshire,YRK-P5,9,182,102,80,56.0,Green,1
2026-12-28,2026,53,MID,Midlands,MID-P1,6,108,64,44,59.3,Green,1
2026-12-28,2026,53,MID,Midlands,MID-P2,5,98,48,50,49.0,Green,1
2026-12-28,2026,53,MID,Midlands,MID-P3,5,94,65,29,69.1,Green,1
2026-12-28,2026,53,MID,Midlands,MID-P4,5,100,70,30,70.0,Green,1
2026-12-28,2026,53,MID,Midlands,MID-P5,5,92,62,30,67.4,Green,1
2026-12-28,2026,53,MID,Midlands,MID-P6,5,100,66,34,66.0,Green,1
2026-12-28,2026,53,MID,Midlands,MID-P7,5,111,67,44,60.4,Green,1
2026-12-28,2026,53,NE,North East,NE-P1,4,84,63,21,75.0,Amber,1
2026-12-28,2026,53,NE,North East,NE-P2,4,87,51,36,58.6,Green,1
2026-12-28,2026,53,NE,North East,NE-P3,4,79,47,32,59.5,Green,1
2026-12-28,2026,53,NE,North East,NE-P4,4,75,49,26,65.3,Green,1
2026-12-28,2026,53,NE,North East,NE-P5,4,80,50,30,62.5,Green,1
2026-12-28,2026,53,NW,North West,NW-P1,5,94,68,26,72.3,Green,1
2026-12-28,2026,53,NW,North West,NW-P2,5,96,65,31,67.7,Green,1
2026-12-28,2026,53,NW,North West,NW-P3,5,96,65,31,67.7,Green,1
2026-12-28,2026,53,NW,North West,NW-P4,5,100,52,48,52.0,Green,1
2026-12-28,2026,53,NW,North West,NW-P5,5,88,60,28,68.2,Green,1
2026-12-28,2026,53,NW,North West,NW-P6,4,89,66,23,74.2,Green,1
2026-12-28,2026,53,SCO,Scotland,SCO-P1,5,101,75,26,74.3,Green,1
2026-12-28,2026,53,SCO,Scotland,SCO-P2,5,104,60,44,57.7,Green,1
2026-12-28,2026,53,SCO,Scotland,SCO-P3,5,107,75,32,70.1,Green,1
2026-12-28,2026,53,SCO,Scotland,SCO-P4,5,90,61,29,67.8,Green,1
2026-12-28,2026,53,SE,South East,SE-P1,6,115,58,57,50.4,Green,1
2026-12-28,2026,53,SE,South East,SE-P2,6,100,73,27,73.0,Green,1
2026-12-28,2026,53,SE,South East,SE-P3,6,103,72,31,69.9,Green,1
2026-12-28,2026,53,SE,South East,SE-P4,5,97,68,29,70.1,Green,1
2026-12-28,2026,53,SE,South East,SE-P5,5,109,58,51,53.2,Green,1
2026-12-28,2026,53,SE,South East,SE-P6,5,105,69,36,65.7,Green,1
2026-12-28,2026,53,SE,South East,SE-P7,5,106,71,35,67.0,Green,1
2026-12-28,2026,53,SE,South East,SE-P8,5,114,68,46,59.6,Green,1
2026-12-28,2026,53,SW,South West,SW-P1,5,92,73,19,79.3,Amber,1
2026-12-28,2026,53,SW,South West,SW-P2,5,93,44,49,47.3,Green,1
2026-12-28,2026,53,SW,South West,SW-P3,5,97,63,34,64.9,Green,1
2026-12-28,2026,53,SW,South West,SW-P4,4,84,59,25,70.2,Green,1
2026-12-28,2026,53,WAL,Wales,WAL-P1,5,96,60,36,62.5,Green,1
2026-12-28,2026,53,WAL,Wales,WAL-P2,5,93,59,34,63.4,Green,1
2026-12-28,2026,53,WAL,Wales,WAL-P3,5,99,72,27,72.7,Green,1
2026-12-28,2026,53,YRK,Yorkshire,YRK-P1,5,103,67,36,65.0,Green,1
2026-12-28,2026,53,YRK,Yorkshire,YRK-P2,5,98,70,28,71.4,Green,1
2026-12-28,2026,53,YRK,Yorkshire,YRK-P3,5,94,66,28,70.2,Green,1
2026-12-28,2026,53,YRK,Yorkshire,YRK-P4,5,90,69,21,76.7,Amber,1
2026-12-28,2026,53,YRK,Yorkshire,YRK-P5,5,97,67,30,69.1,Green,1
