year,month,month_name,quarter,region_code,region_name,job_type,total_requests,completions,cancellations,aborts,revenue_gbp,direct_cost_gbp,overhead_gbp,total_cost_gbp,margin_gbp,margin_pct,cost_per_completion,is_forecast
2024,1,January,Q1,MID,Midlands,EXCHANGE,242,179,27,17,29535.0,15324.0,3371.28,18695.28,10839.72,36.7,104.44,0
2024,1,January,Q1,MID,Midlands,NEW_INSTALL,202,146,28,16,27010.0,14478.0,3185.16,17663.16,9346.84,34.61,120.98,0
2024,1,January,Q1,MID,Midlands,REMOVAL,42,33,3,3,2970.0,1698.0,373.56,2071.56,898.44,30.25,62.77,0
2024,1,January,Q1,MID,Midlands,REPAIR,116,73,19,11,8760.0,5163.0,1135.86,6298.86,2461.14,28.1,86.29,0
2024,1,January,Q1,NE,North East,EXCHANGE,149,92,31,12,15180.0,8000.0,1760.0,9760.0,5420.0,35.7,106.09,0
2024,1,January,Q1,NE,North East,NEW_INSTALL,127,82,21,9,15170.0,8132.0,1789.04,9921.04,5248.96,34.6,120.99,0
2024,1,January,Q1,NE,North East,REMOVAL,22,13,2,3,1170.0,738.0,162.36,900.36,269.64,23.05,69.26,0
2024,1,January,Q1,NE,North East,REPAIR,52,33,11,5,3960.0,2335.0,513.7,2848.7,1111.3,28.06,86.32,0
2024,1,January,Q1,NW,North West,EXCHANGE,208,138,27,21,22770.0,12114.0,2665.08,14779.08,7990.92,35.09,107.09,0
2024,1,January,Q1,NW,North West,NEW_INSTALL,164,109,22,17,20165.0,11001.0,2420.22,13421.22,6743.78,33.44,123.13,0
2024,1,January,Q1,NW,North West,REMOVAL,34,23,4,2,2070.0,1180.0,259.6,1439.6,630.4,30.45,62.59,0
2024,1,January,Q1,NW,North West,REPAIR,85,62,8,4,7440.0,4182.0,920.04,5102.04,2337.96,31.42,82.29,0
2024,1,January,Q1,SCO,Scotland,EXCHANGE,146,105,15,13,17325.0,9104.0,2002.88,11106.88,6218.12,35.89,105.78,0
2024,1,January,Q1,SCO,Scotland,NEW_INSTALL,119,87,16,4,16095.0,8417.0,1851.74,10268.74,5826.26,36.2,118.03,0
2024,1,January,Q1,SCO,Scotland,REMOVAL,18,15,1,1,1350.0,758.0,166.76,924.76,425.24,31.5,61.65,0
2024,1,January,Q1,SCO,Scotland,REPAIR,52,40,5,2,4800.0,2676.0,588.72,3264.72,1535.28,31.98,81.62,0
2024,1,January,Q1,SE,South East,EXCHANGE,270,173,42,27,28545.0,15212.0,3346.64,18558.64,9986.36,34.98,107.28,0
2024,1,January,Q1,SE,South East,NEW_INSTALL,239,155,32,27,28675.0,15751.0,3465.22,19216.22,9458.78,32.99,123.98,0
2024,1,January,Q1,SE,South East,REMOVAL,52,37,7,3,3330.0,1890.0,415.8,2305.8,1024.2,30.76,62.32,0
2024,1,January,Q1,SE,South East,REPAIR,115,74,11,12,8880.0,5266.0,1158.52,6424.52,2455.48,27.65,86.82,0
2024,1,January,Q1,SW,South West,EXCHANGE,127,85,18,11,14025.0,7388.0,1625.36,9013.36,5011.64,35.73,106.04,0
2024,1,January,Q1,SW,South West,NEW_INSTALL,89,60,13,9,11100.0,6042.0,1329.24,7371.24,3728.76,33.59,122.85,0
2024,1,January,Q1,SW,South West,REMOVAL,27,20,5,1,1800.0,998.0,219.56,1217.56,582.44,32.36,60.88,0
2024,1,January,Q1,SW,South West,REPAIR,57,45,7,2,5400.0,3001.0,660.22,3661.22,1738.78,32.2,81.36,0
2024,1,January,Q1,WAL,Wales,EXCHANGE,92,57,16,8,9405.0,4978.0,1095.16,6073.16,3331.84,35.43,106.55,0
2024,1,January,Q1,WAL,Wales,NEW_INSTALL,84,63,10,1,11655.0,6023.0,1325.06,7348.06,4306.94,36.95,116.64,0
2024,1,January,Q1,WAL,Wales,REMOVAL,29,22,5,1,1980.0,1094.0,240.68,1334.68,645.32,32.59,60.67,0
2024,1,January,Q1,WAL,Wales,REPAIR,54,36,7,6,4320.0,2568.0,564.96,3132.96,1187.04,27.48,87.03,0
2024,1,January,Q1,YRK,Yorkshire,EXCHANGE,168,125,21,13,20625.0,10744.0,2363.68,13107.68,7517.32,36.45,104.86,0
2024,1,January,Q1,YRK,Yorkshire,NEW_INSTALL,160,108,26,15,19980.0,10830.0,2382.6,13212.6,6767.4,33.87,122.34,0
2024,1,January,Q1,YRK,Yorkshire,REMOVAL,39,30,5,1,2700.0,1478.0,325.16,1803.16,896.84,33.22,60.11,0
2024,1,January,Q1,YRK,Yorkshire,REPAIR,73,51,10,3,6120.0,3429.0,754.38,4183.38,1936.62,31.64,82.03,0
2024,2,February,Q1,MID,Midlands,EXCHANGE,208,132,32,19,21780.0,11546.0,2540.12,14086.12,7693.88,35.33,106.71,0
2024,2,February,Q1,MID,Midlands,NEW_INSTALL,176,118,24,12,21830.0,11666.0,2566.52,14232.52,7597.48,34.8,120.61,0
2024,2,February,Q1,MID,Midlands,REMOVAL,28,19,2,1,1710.0,950.0,209.0,1159.0,551.0,32.22,61.0,0
2024,2,February,Q1,MID,Midlands,REPAIR,78,55,9,12,6600.0,4031.0,886.82,4917.82,1682.18,25.49,89.41,0
2024,2,February,Q1,NE,North East,EXCHANGE,113,72,19,10,11880.0,6284.0,1382.48,7666.48,4213.52,35.47,106.48,0
2024,2,February,Q1,NE,North East,NEW_INSTALL,106,68,15,11,12580.0,6878.0,1513.16,8391.16,4188.84,33.3,123.4,0
2024,2,February,Q1,NE,North East,REMOVAL,24,15,5,2,1350.0,796.0,175.12,971.12,378.88,28.07,64.74,0
2024,2,February,Q1,NE,North East,REPAIR,54,24,16,5,2880.0,1750.0,385.0,2135.0,745.0,25.87,88.96,0
2024,2,February,Q1,NW,North West,EXCHANGE,161,113,25,12,18645.0,9722.0,2138.84,11860.84,6784.16,36.39,104.96,0
2024,2,February,Q1,NW,North West,NEW_INSTALL,149,99,27,7,18315.0,9671.0,2127.62,11798.62,6516.38,35.58,119.18,0
2024,2,February,Q1,NW,North West,REMOVAL,35,19,10,1,1710.0,950.0,209.0,1159.0,551.0,32.22,61.0,0
2024,2,February,Q1,NW,North West,REPAIR,66,44,8,7,5280.0,3126.0,687.72,3813.72,1466.28,27.77,86.68,0
2024,2,February,Q1,SCO,Scotland,EXCHANGE,89,61,12,9,10065.0,5344.0,1175.68,6519.68,3545.32,35.22,106.88,0
2024,2,February,Q1,SCO,Scotland,NEW_INSTALL,104,73,19,2,13505.0,7011.0,1542.42,8553.42,4951.58,36.66,117.17,0
2024,2,February,Q1,SCO,Scotland,REMOVAL,27,21,4,1,1890.0,1046.0,230.12,1276.12,613.88,32.48,60.77,0
2024,2,February,Q1,SCO,Scotland,REPAIR,49,36,5,6,4320.0,2568.0,564.96,3132.96,1187.04,27.48,87.03,0
2024,2,February,Q1,SE,South East,EXCHANGE,214,140,35,12,23100.0,11936.0,2625.92,14561.92,8538.08,36.96,104.01,0
2024,2,February,Q1,SE,South East,NEW_INSTALL,196,128,27,27,23680.0,13186.0,2900.92,16086.92,7593.08,32.07,125.68,0
2024,2,February,Q1,SE,South East,REMOVAL,38,25,4,5,2250.0,1390.0,305.8,1695.8,554.2,24.63,67.83,0
2024,2,February,Q1,SE,South East,REPAIR,106,66,24,5,7920.0,4480.0,985.6,5465.6,2454.4,30.99,82.81,0
2024,2,February,Q1,SW,South West,EXCHANGE,104,71,18,9,11715.0,6164.0,1356.08,7520.08,4194.92,35.81,105.92,0
2024,2,February,Q1,SW,South West,NEW_INSTALL,90,62,9,10,11470.0,6270.0,1379.4,7649.4,3820.6,33.31,123.38,0
2024,2,February,Q1,SW,South West,REMOVAL,21,16,3,0,1440.0,768.0,168.96,936.96,503.04,34.93,58.56,0
2024,2,February,Q1,SW,South West,REPAIR,39,28,3,5,3360.0,2010.0,442.2,2452.2,907.8,27.02,87.58,0
2024,2,February,Q1,WAL,Wales,EXCHANGE,79,52,11,6,8580.0,4492.0,988.24,5480.24,3099.76,36.13,105.39,0
2024,2,February,Q1,WAL,Wales,NEW_INSTALL,74,49,13,3,9065.0,4769.0,1049.18,5818.18,3246.82,35.82,118.74,0
2024,2,February,Q1,WAL,Wales,REMOVAL,16,8,3,4,720.0,536.0,117.92,653.92,66.08,9.18,81.74,0
2024,2,February,Q1,WAL,Wales,REPAIR,32,19,7,1,2280.0,1273.0,280.06,1553.06,726.94,31.88,81.74,0
2024,2,February,Q1,YRK,Yorkshire,EXCHANGE,160,102,22,19,16830.0,9086.0,1998.92,11084.92,5745.08,34.14,108.68,0
2024,2,February,Q1,YRK,Yorkshire,NEW_INSTALL,111,77,15,10,14245.0,7695.0,1692.9,9387.9,4857.1,34.1,121.92,0
2024,2,February,Q1,YRK,Yorkshire,REMOVAL,30,24,2,3,2160.0,1266.0,278.52,1544.52,615.48,28.49,64.36,0
2024,2,February,Q1,YRK,Yorkshire,REPAIR,62,38,11,7,4560.0,2736.0,601.92,3337.92,1222.08,26.8,87.84,0
2024,3,March,Q1,MID,Midlands,EXCHANGE,184,130,28,7,21450.0,10926.0,2403.72,13329.72,8120.28,37.86,102.54,0
2024,3,March,Q1,MID,Midlands,NEW_INSTALL,160,95,22,18,17575.0,9709.0,2135.98,11844.98,5730.02,32.6,124.68,0
2024,3,March,Q1,MID,Midlands,REMOVAL,27,20,2,4,1800.0,1112.0,244.64,1356.64,443.36,24.63,67.83,0
2024,3,March,Q1,MID,Midlands,REPAIR,89,60,14,3,7200.0,4014.0,883.08,4897.08,2302.92,31.99,81.62,0
2024,3,March,Q1,NE,North East,EXCHANGE,120,86,15,8,14190.0,7356.0,1618.32,8974.32,5215.68,36.76,104.35,0
2024,3,March,Q1,NE,North East,NEW_INSTALL,98,64,9,10,11840.0,6460.0,1421.2,7881.2,3958.8,33.44,123.14,0
2024,3,March,Q1,NE,North East,REMOVAL,13,6,2,4,540.0,440.0,96.8,536.8,3.2,0.59,89.47,0
2024,3,March,Q1,NE,North East,REPAIR,50,38,3,5,4560.0,2660.0,585.2,3245.2,1314.8,28.83,85.4,0
2024,3,March,Q1,NW,North West,EXCHANGE,150,102,24,9,16830.0,8706.0,1915.32,10621.32,6208.68,36.89,104.13,0
2024,3,March,Q1,NW,North West,NEW_INSTALL,127,86,14,9,15910.0,8512.0,1872.64,10384.64,5525.36,34.73,120.75,0
2024,3,March,Q1,NW,North West,REMOVAL,38,24,5,2,2160.0,1228.0,270.16,1498.16,661.84,30.64,62.42,0
2024,3,March,Q1,NW,North West,REPAIR,60,45,8,4,5400.0,3077.0,676.94,3753.94,1646.06,30.48,83.42,0
2024,3,March,Q1,SCO,Scotland,EXCHANGE,103,70,18,5,11550.0,5930.0,1304.6,7234.6,4315.4,37.36,103.35,0
2024,3,March,Q1,SCO,Scotland,NEW_INSTALL,98,66,17,8,12210.0,6574.0,1446.28,8020.28,4189.72,34.31,121.52,0
2024,3,March,Q1,SCO,Scotland,REMOVAL,19,16,0,2,1440.0,844.0,185.68,1029.68,410.32,28.49,64.36,0
2024,3,March,Q1,SCO,Scotland,REPAIR,38,30,3,2,3600.0,2026.0,445.72,2471.72,1128.28,31.34,82.39,0
2024,3,March,Q1,SE,South East,EXCHANGE,218,147,33,15,24255.0,12624.0,2777.28,15401.28,8853.72,36.5,104.77,0
2024,3,March,Q1,SE,South East,NEW_INSTALL,198,146,21,18,27010.0,14554.0,3201.88,17755.88,9254.12,34.26,121.62,0
2024,3,March,Q1,SE,South East,REMOVAL,29,20,7,2,1800.0,1036.0,227.92,1263.92,536.08,29.78,63.2,0
2024,3,March,Q1,SE,South East,REPAIR,86,61,12,6,7320.0,4193.0,922.46,5115.46,2204.54,30.12,83.86,0
2024,3,March,Q1,SW,South West,EXCHANGE,100,70,14,7,11550.0,6006.0,1321.32,7327.32,4222.68,36.56,104.68,0
2024,3,March,Q1,SW,South West,NEW_INSTALL,79,49,14,10,9065.0,5035.0,1107.7,6142.7,2922.3,32.24,125.36,0
2024,3,March,Q1,SW,South West,REMOVAL,22,18,1,0,1620.0,864.0,190.08,1054.08,565.92,34.93,58.56,0
2024,3,March,Q1,SW,South West,REPAIR,38,24,8,1,2880.0,1598.0,351.56,1949.56,930.44,32.31,81.23,0
2024,3,March,Q1,WAL,Wales,EXCHANGE,84,62,10,7,10230.0,5350.0,1177.0,6527.0,3703.0,36.2,105.27,0
2024,3,March,Q1,WAL,Wales,NEW_INSTALL,72,55,7,5,10175.0,5415.0,1191.3,6606.3,3568.7,35.07,120.11,0
2024,3,March,Q1,WAL,Wales,REMOVAL,9,5,4,0,450.0,240.0,52.8,292.8,157.2,34.93,58.56,0
2024,3,March,Q1,WAL,Wales,REPAIR,34,23,3,2,2760.0,1571.0,345.62,1916.62,843.38,30.56,83.33,0
2024,3,March,Q1,YRK,Yorkshire,EXCHANGE,146,94,17,11,15510.0,8126.0,1787.72,9913.72,5596.28,36.08,105.47,0
2024,3,March,Q1,YRK,Yorkshire,NEW_INSTALL,124,82,20,10,15170.0,8170.0,1797.4,9967.4,5202.6,34.3,121.55,0
2024,3,March,Q1,YRK,Yorkshire,REMOVAL,21,17,2,1,1530.0,854.0,187.88,1041.88,488.12,31.9,61.29,0
2024,3,March,Q1,YRK,Yorkshire,REPAIR,62,42,9,4,5040.0,2882.0,634.04,3516.04,1523.96,30.24,83.72,0
2024,4,April,Q2,MID,Midlands,EXCHANGE,200,123,39,16,20295.0,10694.0,2352.68,13046.68,7248.32,35.71,106.07,0
2024,4,April,Q2,MID,Midlands,NEW_INSTALL,152,107,18,11,19795.0,10583.0,2328.26,12911.26,6883.74,34.78,120.67,0
2024,4,April,Q2,MID,Midlands,REMOVAL,39,25,6,4,2250.0,1352.0,297.44,1649.44,600.56,26.69,65.98,0
2024,4,April,Q2,MID,Midlands,REPAIR,79,52,13,3,6240.0,3494.0,768.68,4262.68,1977.32,31.69,81.97,0
2024,4,April,Q2,NE,North East,EXCHANGE,104,71,12,7,11715.0,6088.0,1339.36,7427.36,4287.64,36.6,104.61,0
2024,4,April,Q2,NE,North East,NEW_INSTALL,94,71,14,7,13135.0,7011.0,1542.42,8553.42,4581.58,34.88,120.47,0
2024,4,April,Q2,NE,North East,REMOVAL,18,15,1,1,1350.0,758.0,166.76,924.76,425.24,31.5,61.65,0
2024,4,April,Q2,NE,North East,REPAIR,48,32,10,0,3840.0,2080.0,457.6,2537.6,1302.4,33.92,79.3,0
2024,4,April,Q2,NW,North West,EXCHANGE,151,97,26,11,16005.0,8372.0,1841.84,10213.84,5791.16,36.18,105.3,0
2024,4,April,Q2,NW,North West,NEW_INSTALL,132,86,24,9,15910.0,8512.0,1872.64,10384.64,5525.36,34.73,120.75,0
2024,4,April,Q2,NW,North West,REMOVAL,33,25,2,4,2250.0,1352.0,297.44,1649.44,600.56,26.69,65.98,0
2024,4,April,Q2,NW,North West,REPAIR,75,53,8,5,6360.0,3635.0,799.7,4434.7,1925.3,30.27,83.67,0
2024,4,April,Q2,SCO,Scotland,EXCHANGE,81,58,13,3,9570.0,4870.0,1071.4,5941.4,3628.6,37.92,102.44,0
2024,4,April,Q2,SCO,Scotland,NEW_INSTALL,110,77,10,8,14245.0,7619.0,1676.18,9295.18,4949.82,34.75,120.72,0
2024,4,April,Q2,SCO,Scotland,REMOVAL,20,16,2,0,1440.0,768.0,168.96,936.96,503.04,34.93,58.56,0
2024,4,April,Q2,SCO,Scotland,REPAIR,44,27,8,2,3240.0,1831.0,402.82,2233.82,1006.18,31.05,82.73,0
2024,4,April,Q2,SE,South East,EXCHANGE,221,160,31,13,26400.0,13614.0,2995.08,16609.08,9790.92,37.09,103.81,0
2024,4,April,Q2,SE,South East,NEW_INSTALL,187,127,30,12,23495.0,12521.0,2754.62,15275.62,8219.38,34.98,120.28,0
2024,4,April,Q2,SE,South East,REMOVAL,32,22,4,1,1980.0,1094.0,240.68,1334.68,645.32,32.59,60.67,0
2024,4,April,Q2,SE,South East,REPAIR,111,70,17,11,8400.0,4968.0,1092.96,6060.96,2339.04,27.85,86.59,0
2024,4,April,Q2,SW,South West,EXCHANGE,86,60,10,6,9900.0,5148.0,1132.56,6280.56,3619.44,36.56,104.68,0
2024,4,April,Q2,SW,South West,NEW_INSTALL,92,60,16,6,11100.0,5928.0,1304.16,7232.16,3867.84,34.85,120.54,0
2024,4,April,Q2,SW,South West,REMOVAL,15,11,2,0,990.0,528.0,116.16,644.16,345.84,34.93,58.56,0
2024,4,April,Q2,SW,South West,REPAIR,42,31,4,2,3720.0,2091.0,460.02,2551.02,1168.98,31.42,82.29,0
2024,4,April,Q2,WAL,Wales,EXCHANGE,73,46,12,4,7590.0,3924.0,863.28,4787.28,2802.72,36.93,104.07,0
2024,4,April,Q2,WAL,Wales,NEW_INSTALL,70,42,11,8,7770.0,4294.0,944.68,5238.68,2531.32,32.58,124.73,0
2024,4,April,Q2,WAL,Wales,REMOVAL,13,8,2,2,720.0,460.0,101.2,561.2,158.8,22.06,70.15,0
2024,4,April,Q2,WAL,Wales,REPAIR,38,28,5,2,3360.0,1896.0,417.12,2313.12,1046.88,31.16,82.61,0
2024,4,April,Q2,YRK,Yorkshire,EXCHANGE,144,100,16,14,16500.0,8732.0,1921.04,10653.04,5846.96,35.44,106.53,0
2024,4,April,Q2,YRK,Yorkshire,NEW_INSTALL,112,86,13,5,15910.0,8360.0,1839.2,10199.2,5710.8,35.89,118.6,0
2024,4,April,Q2,YRK,Yorkshire,REMOVAL,27,19,4,1,1710.0,950.0,209.0,1159.0,551.0,32.22,61.0,0
2024,4,April,Q2,YRK,Yorkshire,REPAIR,54,39,8,6,4680.0,2763.0,607.86,3370.86,1309.14,27.97,86.43,0
2024,5,May,Q2,MID,Midlands,EXCHANGE,204,136,34,15,22440.0,11722.0,2578.84,14300.84,8139.16,36.27,105.15,0
2024,5,May,Q2,MID,Midlands,NEW_INSTALL,165,100,27,14,18500.0,10032.0,2207.04,12239.04,6260.96,33.84,122.39,0
2024,5,May,Q2,MID,Midlands,REMOVAL,41,26,7,5,2340.0,1438.0,316.36,1754.36,585.64,25.03,67.48,0
2024,5,May,Q2,MID,Midlands,REPAIR,85,53,14,10,6360.0,3825.0,841.5,4666.5,1693.5,26.63,88.05,0
2024,5,May,Q2,NE,North East,EXCHANGE,119,76,19,13,12540.0,6726.0,1479.72,8205.72,4334.28,34.56,107.97,0
2024,5,May,Q2,NE,North East,NEW_INSTALL,105,70,11,9,12950.0,6992.0,1538.24,8530.24,4419.76,34.13,121.86,0
2024,5,May,Q2,NE,North East,REMOVAL,20,9,8,3,810.0,546.0,120.12,666.12,143.88,17.76,74.01,0
2024,5,May,Q2,NE,North East,REPAIR,59,42,5,6,5040.0,2958.0,650.76,3608.76,1431.24,28.4,85.92,0
2024,5,May,Q2,NW,North West,EXCHANGE,166,99,33,15,16335.0,8688.0,1911.36,10599.36,5735.64,35.11,107.06,0
2024,5,May,Q2,NW,North West,NEW_INSTALL,141,102,21,9,18870.0,10032.0,2207.04,12239.04,6630.96,35.14,119.99,0
2024,5,May,Q2,NW,North West,REMOVAL,35,25,1,5,2250.0,1390.0,305.8,1695.8,554.2,24.63,67.83,0
2024,5,May,Q2,NW,North West,REPAIR,67,45,9,8,5400.0,3229.0,710.38,3939.38,1460.62,27.05,87.54,0
2024,5,May,Q2,SCO,Scotland,EXCHANGE,122,81,18,9,13365.0,6984.0,1536.48,8520.48,4844.52,36.25,105.19,0
2024,5,May,Q2,SCO,Scotland,NEW_INSTALL,87,56,15,7,10360.0,5586.0,1228.92,6814.92,3545.08,34.22,121.7,0
2024,5,May,Q2,SCO,Scotland,REMOVAL,21,12,5,2,1080.0,652.0,143.44,795.44,284.56,26.35,66.29,0
2024,5,May,Q2,SCO,Scotland,REPAIR,51,32,7,6,3840.0,2308.0,507.76,2815.76,1024.24,26.67,87.99,0
2024,5,May,Q2,SE,South East,EXCHANGE,233,164,31,15,27060.0,14018.0,3083.96,17101.96,9958.04,36.8,104.28,0
2024,5,May,Q2,SE,South East,NEW_INSTALL,199,136,27,16,25160.0,13528.0,2976.16,16504.16,8655.84,34.4,121.35,0
2024,5,May,Q2,SE,South East,REMOVAL,46,33,7,2,2970.0,1660.0,365.2,2025.2,944.8,31.81,61.37,0
2024,5,May,Q2,SE,South East,REPAIR,102,74,14,6,8880.0,5038.0,1108.36,6146.36,2733.64,30.78,83.06,0
2024,5,May,Q2,SW,South West,EXCHANGE,107,70,9,9,11550.0,6082.0,1338.04,7420.04,4129.96,35.76,106.0,0
2024,5,May,Q2,SW,South West,NEW_INSTALL,91,55,14,10,10175.0,5605.0,1233.1,6838.1,3336.9,32.8,124.33,0
2024,5,May,Q2,SW,South West,REMOVAL,19,12,5,1,1080.0,614.0,135.08,749.08,330.92,30.64,62.42,0
2024,5,May,Q2,SW,South West,REPAIR,47,36,3,3,4320.0,2454.0,539.88,2993.88,1326.12,30.7,83.16,0
2024,5,May,Q2,WAL,Wales,EXCHANGE,77,53,9,4,8745.0,4498.0,989.56,5487.56,3257.44,37.25,103.54,0
2024,5,May,Q2,WAL,Wales,NEW_INSTALL,78,56,9,4,10360.0,5472.0,1203.84,6675.84,3684.16,35.56,119.21,0
2024,5,May,Q2,WAL,Wales,REMOVAL,8,8,0,0,720.0,384.0,84.48,468.48,251.52,34.93,58.56,0
2024,5,May,Q2,WAL,Wales,REPAIR,46,32,5,4,3840.0,2232.0,491.04,2723.04,1116.96,29.09,85.09,0
2024,5,May,Q2,YRK,Yorkshire,EXCHANGE,148,97,22,14,16005.0,8486.0,1866.92,10352.92,5652.08,35.31,106.73,0
2024,5,May,Q2,YRK,Yorkshire,NEW_INSTALL,150,94,32,12,17390.0,9386.0,2064.92,11450.92,5939.08,34.15,121.82,0
2024,5,May,Q2,YRK,Yorkshire,REMOVAL,24,18,4,0,1620.0,864.0,190.08,1054.08,565.92,34.93,58.56,0
2024,5,May,Q2,YRK,Yorkshire,REPAIR,58,34,13,6,4080.0,2438.0,536.36,2974.36,1105.64,27.1,87.48,0
2024,6,June,Q2,MID,Midlands,EXCHANGE,218,150,31,19,24750.0,13022.0,2864.84,15886.84,8863.16,35.81,105.91,0
2024,6,June,Q2,MID,Midlands,NEW_INSTALL,152,106,22,12,19610.0,10526.0,2315.72,12841.72,6768.28,34.51,121.15,0
2024,6,June,Q2,MID,Midlands,REMOVAL,37,27,6,0,2430.0,1296.0,285.12,1581.12,848.88,34.93,58.56,0
2024,6,June,Q2,MID,Midlands,REPAIR,97,63,13,9,7560.0,4437.0,976.14,5413.14,2146.86,28.4,85.92,0
2024,6,June,Q2,NE,North East,EXCHANGE,125,95,10,10,15675.0,8170.0,1797.4,9967.4,5707.6,36.41,104.92,0
2024,6,June,Q2,NE,North East,NEW_INSTALL,105,68,18,8,12580.0,6764.0,1488.08,8252.08,4327.92,34.4,121.35,0
2024,6,June,Q2,NE,North East,REMOVAL,21,13,6,1,1170.0,662.0,145.64,807.64,362.36,30.97,62.13,0
2024,6,June,Q2,NE,North East,REPAIR,55,35,6,3,4200.0,2389.0,525.58,2914.58,1285.42,30.61,83.27,0
2024,6,June,Q2,NW,North West,EXCHANGE,165,111,23,11,18315.0,9520.0,2094.4,11614.4,6700.6,36.59,104.63,0
2024,6,June,Q2,NW,North West,NEW_INSTALL,140,92,21,11,17020.0,9158.0,2014.76,11172.76,5847.24,34.36,121.44,0
2024,6,June,Q2,NW,North West,REMOVAL,31,22,6,1,1980.0,1094.0,240.68,1334.68,645.32,32.59,60.67,0
2024,6,June,Q2,NW,North West,REPAIR,79,63,6,6,7560.0,4323.0,951.06,5274.06,2285.94,30.24,83.72,0
2024,6,June,Q2,SCO,Scotland,EXCHANGE,102,70,18,8,11550.0,6044.0,1329.68,7373.68,4176.32,36.16,105.34,0
2024,6,June,Q2,SCO,Scotland,NEW_INSTALL,106,73,15,9,13505.0,7277.0,1600.94,8877.94,4627.06,34.26,121.62,0
2024,6,June,Q2,SCO,Scotland,REMOVAL,25,17,6,1,1530.0,854.0,187.88,1041.88,488.12,31.9,61.29,0
2024,6,June,Q2,SCO,Scotland,REPAIR,46,36,8,1,4320.0,2378.0,523.16,2901.16,1418.84,32.84,80.59,0
2024,6,June,Q2,SE,South East,EXCHANGE,257,183,36,20,30195.0,15766.0,3468.52,19234.52,10960.48,36.3,105.11,0
2024,6,June,Q2,SE,South East,NEW_INSTALL,192,123,33,18,22755.0,12369.0,2721.18,15090.18,7664.82,33.68,122.68,0
2024,6,June,Q2,SE,South East,REMOVAL,47,32,7,2,2880.0,1612.0,354.64,1966.64,913.36,31.71,61.46,0
2024,6,June,Q2,SE,South East,REPAIR,96,64,8,12,7680.0,4616.0,1015.52,5631.52,2048.48,26.67,87.99,0
2024,6,June,Q2,SW,South West,EXCHANGE,98,73,14,6,12045.0,6214.0,1367.08,7581.08,4463.92,37.06,103.85,0
2024,6,June,Q2,SW,South West,NEW_INSTALL,89,63,8,10,11655.0,6365.0,1400.3,7765.3,3889.7,33.37,123.26,0
2024,6,June,Q2,SW,South West,REMOVAL,20,13,2,3,1170.0,738.0,162.36,900.36,269.64,23.05,69.26,0
2024,6,June,Q2,SW,South West,REPAIR,45,31,9,3,3720.0,2129.0,468.38,2597.38,1122.62,30.18,83.79,0
2024,6,June,Q2,WAL,Wales,EXCHANGE,85,57,14,5,9405.0,4864.0,1070.08,5934.08,3470.92,36.91,104.11,0
2024,6,June,Q2,WAL,Wales,NEW_INSTALL,73,53,9,5,9805.0,5225.0,1149.5,6374.5,3430.5,34.99,120.27,0
2024,6,June,Q2,WAL,Wales,REMOVAL,9,7,1,1,630.0,374.0,82.28,456.28,173.72,27.57,65.18,0
2024,6,June,Q2,WAL,Wales,REPAIR,39,31,3,4,3720.0,2167.0,476.74,2643.74,1076.26,28.93,85.28,0
2024,6,June,Q2,YRK,Yorkshire,EXCHANGE,166,115,28,8,18975.0,9734.0,2141.48,11875.48,7099.52,37.42,103.27,0
2024,6,June,Q2,YRK,Yorkshire,NEW_INSTALL,123,91,15,4,16835.0,8797.0,1935.34,10732.34,6102.66,36.25,117.94,0
2024,6,June,Q2,YRK,Yorkshire,REMOVAL,20,14,2,0,1260.0,672.0,147.84,819.84,440.16,34.93,58.56,0
2024,6,June,Q2,YRK,Yorkshire,REPAIR,60,48,6,3,5760.0,3234.0,711.48,3945.48,1814.52,31.5,82.2,0
2024,7,July,Q3,MID,Midlands,EXCHANGE,259,169,37,27,27885.0,14884.0,3274.48,18158.48,9726.52,34.88,107.45,0
2024,7,July,Q3,MID,Midlands,NEW_INSTALL,206,145,29,15,26825.0,14345.0,3155.9,17500.9,9324.1,34.76,120.7,0
2024,7,July,Q3,MID,Midlands,REMOVAL,40,28,3,2,2520.0,1420.0,312.4,1732.4,787.6,31.25,61.87,0
2024,7,July,Q3,MID,Midlands,REPAIR,126,90,17,9,10800.0,6192.0,1362.24,7554.24,3245.76,30.05,83.94,0
2024,7,July,Q3,NE,North East,EXCHANGE,153,94,31,12,15510.0,8164.0,1796.08,9960.08,5549.92,35.78,105.96,0
2024,7,July,Q3,NE,North East,NEW_INSTALL,118,86,13,7,15910.0,8436.0,1855.92,10291.92,5618.08,35.31,119.67,0
2024,7,July,Q3,NE,North East,REMOVAL,25,19,2,3,1710.0,1026.0,225.72,1251.72,458.28,26.8,65.88,0
2024,7,July,Q3,NE,North East,REPAIR,70,53,10,3,6360.0,3559.0,782.98,4341.98,2018.02,31.73,81.92,0
2024,7,July,Q3,NW,North West,EXCHANGE,210,151,24,22,24915.0,13218.0,2907.96,16125.96,8789.04,35.28,106.79,0
2024,7,July,Q3,NW,North West,NEW_INSTALL,164,118,26,10,21830.0,11590.0,2549.8,14139.8,7690.2,35.23,119.83,0
2024,7,July,Q3,NW,North West,REMOVAL,40,22,11,2,1980.0,1132.0,249.04,1381.04,598.96,30.25,62.77,0
2024,7,July,Q3,NW,North West,REPAIR,84,57,9,12,6840.0,4161.0,915.42,5076.42,1763.58,25.78,89.06,0
2024,7,July,Q3,SCO,Scotland,EXCHANGE,136,92,20,13,15180.0,8038.0,1768.36,9806.36,5373.64,35.4,106.59,0
2024,7,July,Q3,SCO,Scotland,NEW_INSTALL,121,80,17,14,14800.0,8132.0,1789.04,9921.04,4878.96,32.97,124.01,0
2024,7,July,Q3,SCO,Scotland,REMOVAL,19,16,1,0,1440.0,768.0,168.96,936.96,503.04,34.93,58.56,0
2024,7,July,Q3,SCO,Scotland,REPAIR,69,51,8,5,6120.0,3505.0,771.1,4276.1,1843.9,30.13,83.85,0
2024,7,July,Q3,SE,South East,EXCHANGE,288,196,38,18,32340.0,16756.0,3686.32,20442.32,11897.68,36.79,104.3,0
2024,7,July,Q3,SE,South East,NEW_INSTALL,243,165,34,22,30525.0,16511.0,3632.42,20143.42,10381.58,34.01,122.08,0
2024,7,July,Q3,SE,South East,REMOVAL,50,33,5,7,2970.0,1850.0,407.0,2257.0,713.0,24.01,68.39,0
2024,7,July,Q3,SE,South East,REPAIR,120,76,19,11,9120.0,5358.0,1178.76,6536.76,2583.24,28.32,86.01,0
2024,7,July,Q3,SW,South West,EXCHANGE,118,78,16,10,12870.0,6776.0,1490.72,8266.72,4603.28,35.77,105.98,0
2024,7,July,Q3,SW,South West,NEW_INSTALL,113,79,13,9,14615.0,7847.0,1726.34,9573.34,5041.66,34.5,121.18,0
2024,7,July,Q3,SW,South West,REMOVAL,26,16,4,3,1440.0,882.0,194.04,1076.04,363.96,25.27,67.25,0
2024,7,July,Q3,SW,South West,REPAIR,59,38,10,2,4560.0,2546.0,560.12,3106.12,1453.88,31.88,81.74,0
2024,7,July,Q3,WAL,Wales,EXCHANGE,95,70,9,6,11550.0,5968.0,1312.96,7280.96,4269.04,36.96,104.01,0
2024,7,July,Q3,WAL,Wales,NEW_INSTALL,95,62,15,9,11470.0,6232.0,1371.04,7603.04,3866.96,33.71,122.63,0
2024,7,July,Q3,WAL,Wales,REMOVAL,21,12,6,0,1080.0,576.0,126.72,702.72,377.28,34.93,58.56,0
2024,7,July,Q3,WAL,Wales,REPAIR,42,30,5,3,3600.0,2064.0,454.08,2518.08,1081.92,30.05,83.94,0
2024,7,July,Q3,YRK,Yorkshire,EXCHANGE,185,118,35,14,19470.0,10208.0,2245.76,12453.76,7016.24,36.04,105.54,0
2024,7,July,Q3,YRK,Yorkshire,NEW_INSTALL,157,120,16,9,22200.0,11742.0,2583.24,14325.24,7874.76,35.47,119.38,0
2024,7,July,Q3,YRK,Yorkshire,REMOVAL,31,22,5,1,1980.0,1094.0,240.68,1334.68,645.32,32.59,60.67,0
2024,7,July,Q3,YRK,Yorkshire,REPAIR,81,56,9,10,6720.0,4020.0,884.4,4904.4,1815.6,27.02,87.58,0
2024,8,August,Q3,MID,Midlands,EXCHANGE,273,193,35,21,31845.0,16624.0,3657.28,20281.28,11563.72,36.31,105.08,0
2024,8,August,Q3,MID,Midlands,NEW_INSTALL,240,165,40,17,30525.0,16321.0,3590.62,19911.62,10613.38,34.77,120.68,0
2024,8,August,Q3,MID,Midlands,REMOVAL,48,29,7,8,2610.0,1696.0,373.12,2069.12,540.88,20.72,71.35,0
2024,8,August,Q3,MID,Midlands,REPAIR,113,70,18,12,8400.0,5006.0,1101.32,6107.32,2292.68,27.29,87.25,0
2024,8,August,Q3,NE,North East,EXCHANGE,176,120,22,12,19800.0,10296.0,2265.12,12561.12,7238.88,36.56,104.68,0
2024,8,August,Q3,NE,North East,NEW_INSTALL,120,73,25,10,13505.0,7315.0,1609.3,8924.3,4580.7,33.92,122.25,0
2024,8,August,Q3,NE,North East,REMOVAL,30,25,3,1,2250.0,1238.0,272.36,1510.36,739.64,32.87,60.41,0
2024,8,August,Q3,NE,North East,REPAIR,67,47,13,2,5640.0,3131.0,688.82,3819.82,1820.18,32.27,81.27,0
2024,8,August,Q3,NW,North West,EXCHANGE,223,146,24,19,24090.0,12694.0,2792.68,15486.68,8603.32,35.71,106.07,0
2024,8,August,Q3,NW,North West,NEW_INSTALL,202,141,23,16,26085.0,14003.0,3080.66,17083.66,9001.34,34.51,121.16,0
2024,8,August,Q3,NW,North West,REMOVAL,39,25,4,3,2250.0,1314.0,289.08,1603.08,646.92,28.75,64.12,0
2024,8,August,Q3,NW,North West,REPAIR,80,52,7,14,6240.0,3912.0,860.64,4772.64,1467.36,23.52,91.78,0
2024,8,August,Q3,SCO,Scotland,EXCHANGE,150,99,21,17,16335.0,8764.0,1928.08,10692.08,5642.92,34.54,108.0,0
2024,8,August,Q3,SCO,Scotland,NEW_INSTALL,133,92,18,9,17020.0,9082.0,1998.04,11080.04,5939.96,34.9,120.44,0
2024,8,August,Q3,SCO,Scotland,REMOVAL,16,11,2,1,990.0,566.0,124.52,690.52,299.48,30.25,62.77,0
2024,8,August,Q3,SCO,Scotland,REPAIR,75,48,14,6,5760.0,3348.0,736.56,4084.56,1675.44,29.09,85.09,0
2024,8,August,Q3,SE,South East,EXCHANGE,311,218,31,21,35970.0,18674.0,4108.28,22782.28,13187.72,36.66,104.51,0
2024,8,August,Q3,SE,South East,NEW_INSTALL,261,177,34,25,32745.0,17765.0,3908.3,21673.3,11071.7,33.81,122.45,0
2024,8,August,Q3,SE,South East,REMOVAL,63,47,9,2,4230.0,2332.0,513.04,2845.04,1384.96,32.74,60.53,0
2024,8,August,Q3,SE,South East,REPAIR,126,84,14,17,10080.0,6106.0,1343.32,7449.32,2630.68,26.1,88.68,0
2024,8,August,Q3,SW,South West,EXCHANGE,129,91,19,7,15015.0,7728.0,1700.16,9428.16,5586.84,37.21,103.61,0
2024,8,August,Q3,SW,South West,NEW_INSTALL,138,95,15,14,17575.0,9557.0,2102.54,11659.54,5915.46,33.66,122.73,0
2024,8,August,Q3,SW,South West,REMOVAL,26,17,4,2,1530.0,892.0,196.24,1088.24,441.76,28.87,64.01,0
2024,8,August,Q3,SW,South West,REPAIR,59,40,8,6,4800.0,2828.0,622.16,3450.16,1349.84,28.12,86.25,0
2024,8,August,Q3,WAL,Wales,EXCHANGE,126,85,23,8,14025.0,7274.0,1600.28,8874.28,5150.72,36.73,104.4,0
2024,8,August,Q3,WAL,Wales,NEW_INSTALL,88,54,12,10,9990.0,5510.0,1212.2,6722.2,3267.8,32.71,124.49,0
2024,8,August,Q3,WAL,Wales,REMOVAL,20,12,5,2,1080.0,652.0,143.44,795.44,284.56,26.35,66.29,0
2024,8,August,Q3,WAL,Wales,REPAIR,46,28,7,3,3360.0,1934.0,425.48,2359.48,1000.52,29.78,84.27,0
2024,8,August,Q3,YRK,Yorkshire,EXCHANGE,204,139,29,17,22935.0,12044.0,2649.68,14693.68,8241.32,35.93,105.71,0
2024,8,August,Q3,YRK,Yorkshire,NEW_INSTALL,180,124,29,8,22940.0,12084.0,2658.48,14742.48,8197.52,35.73,118.89,0
2024,8,August,Q3,YRK,Yorkshire,REMOVAL,28,23,2,0,2070.0,1104.0,242.88,1346.88,723.12,34.93,58.56,0
2024,8,August,Q3,YRK,Yorkshire,REPAIR,85,56,15,8,6720.0,3944.0,867.68,4811.68,1908.32,28.4,85.92,0
2024,9,September,Q3,MID,Midlands,EXCHANGE,266,184,37,19,30360.0,15810.0,3478.2,19288.2,11071.8,36.47,104.83,0
2024,9,September,Q3,MID,Midlands,NEW_INSTALL,250,164,42,17,30340.0,16226.0,3569.72,19795.72,10544.28,34.75,120.71,0
2024,9,September,Q3,MID,Midlands,REMOVAL,35,22,4,3,1980.0,1170.0,257.4,1427.4,552.6,27.91,64.88,0
2024,9,September,Q3,MID,Midlands,REPAIR,108,72,18,8,8640.0,4984.0,1096.48,6080.48,2559.52,29.62,84.45,0
2024,9,September,Q3,NE,North East,EXCHANGE,158,105,21,13,17325.0,9104.0,2002.88,11106.88,6218.12,35.89,105.78,0
2024,9,September,Q3,NE,North East,NEW_INSTALL,144,104,11,7,19240.0,10146.0,2232.12,12378.12,6861.88,35.66,119.02,0
2024,9,September,Q3,NE,North East,REMOVAL,28,17,2,3,1530.0,930.0,204.6,1134.6,395.4,25.84,66.74,0
2024,9,September,Q3,NE,North East,REPAIR,72,41,10,9,4920.0,3007.0,661.54,3668.54,1251.46,25.44,89.48,0
2024,9,September,Q3,NW,North West,EXCHANGE,232,161,28,23,26565.0,14076.0,3096.72,17172.72,9392.28,35.36,106.66,0
2024,9,September,Q3,NW,North West,NEW_INSTALL,180,120,30,16,22200.0,12008.0,2641.76,14649.76,7550.24,34.01,122.08,0
2024,9,September,Q3,NW,North West,REMOVAL,38,26,7,3,2340.0,1362.0,299.64,1661.64,678.36,28.99,63.91,0
2024,9,September,Q3,NW,North West,REPAIR,95,62,12,12,7440.0,4486.0,986.92,5472.92,1967.08,26.44,88.27,0
2024,9,September,Q3,SCO,Scotland,EXCHANGE,155,98,24,13,16170.0,8530.0,1876.6,10406.6,5763.4,35.64,106.19,0
2024,9,September,Q3,SCO,Scotland,NEW_INSTALL,126,87,16,13,16095.0,8759.0,1926.98,10685.98,5409.02,33.61,122.83,0
2024,9,September,Q3,SCO,Scotland,REMOVAL,27,16,3,3,1440.0,882.0,194.04,1076.04,363.96,25.27,67.25,0
2024,9,September,Q3,SCO,Scotland,REPAIR,78,48,13,8,5760.0,3424.0,753.28,4177.28,1582.72,27.48,87.03,0
2024,9,September,Q3,SE,South East,EXCHANGE,307,214,40,28,35310.0,18612.0,4094.64,22706.64,12603.36,35.69,106.11,0
2024,9,September,Q3,SE,South East,NEW_INSTALL,249,173,38,17,32005.0,17081.0,3757.82,20838.82,11166.18,34.89,120.46,0
2024,9,September,Q3,SE,South East,REMOVAL,56,39,12,3,3510.0,1986.0,436.92,2422.92,1087.08,30.97,62.13,0
2024,9,September,Q3,SE,South East,REPAIR,140,96,18,10,11520.0,6620.0,1456.4,8076.4,3443.6,29.89,84.13,0
2024,9,September,Q3,SW,South West,EXCHANGE,139,82,17,23,13530.0,7598.0,1671.56,9269.56,4260.44,31.49,113.04,0
2024,9,September,Q3,SW,South West,NEW_INSTALL,123,78,14,12,14430.0,7866.0,1730.52,9596.52,4833.48,33.5,123.03,0
2024,9,September,Q3,SW,South West,REMOVAL,32,22,5,4,1980.0,1208.0,265.76,1473.76,506.24,25.57,66.99,0
2024,9,September,Q3,SW,South West,REPAIR,58,43,6,5,5160.0,2985.0,656.7,3641.7,1518.3,29.42,84.69,0
2024,9,September,Q3,WAL,Wales,EXCHANGE,94,68,9,8,11220.0,5880.0,1293.6,7173.6,4046.4,36.06,105.49,0
2024,9,September,Q3,WAL,Wales,NEW_INSTALL,103,64,12,14,11840.0,6612.0,1454.64,8066.64,3773.36,31.87,126.04,0
2024,9,September,Q3,WAL,Wales,REMOVAL,27,20,2,2,1800.0,1036.0,227.92,1263.92,536.08,29.78,63.2,0
2024,9,September,Q3,WAL,Wales,REPAIR,51,34,8,0,4080.0,2210.0,486.2,2696.2,1383.8,33.92,79.3,0
2024,9,September,Q3,YRK,Yorkshire,EXCHANGE,190,136,22,8,22440.0,11456.0,2520.32,13976.32,8463.68,37.72,102.77,0
2024,9,September,Q3,YRK,Yorkshire,NEW_INSTALL,183,131,26,16,24235.0,13053.0,2871.66,15924.66,8310.34,34.29,121.56,0
2024,9,September,Q3,YRK,Yorkshire,REMOVAL,39,28,1,3,2520.0,1458.0,320.76,1778.76,741.24,29.41,63.53,0
2024,9,September,Q3,YRK,Yorkshire,REPAIR,85,63,9,7,7560.0,4361.0,959.42,5320.42,2239.58,29.62,84.45,0
2024,10,October,Q4,MID,Midlands,EXCHANGE,295,195,47,18,32175.0,16674.0,3668.28,20342.28,11832.72,36.78,104.32,0
2024,10,October,Q4,MID,Midlands,NEW_INSTALL,264,184,40,17,34040.0,18126.0,3987.72,22113.72,11926.28,35.04,120.18,0
2024,10,October,Q4,MID,Midlands,REMOVAL,45,34,4,3,3060.0,1746.0,384.12,2130.12,929.88,30.39,62.65,0
2024,10,October,Q4,MID,Midlands,REPAIR,137,85,27,9,10200.0,5867.0,1290.74,7157.74,3042.26,29.83,84.21,0
2024,10,October,Q4,NE,North East,EXCHANGE,160,122,12,14,20130.0,10536.0,2317.92,12853.92,7276.08,36.15,105.36,0
2024,10,October,Q4,NE,North East,NEW_INSTALL,163,106,28,13,19610.0,10564.0,2324.08,12888.08,6721.92,34.28,121.59,0
2024,10,October,Q4,NE,North East,REMOVAL,33,26,1,2,2340.0,1324.0,291.28,1615.28,724.72,30.97,62.13,0
2024,10,October,Q4,NE,North East,REPAIR,82,54,13,4,6480.0,3662.0,805.64,4467.64,2012.36,31.05,82.73,0
2024,10,October,Q4,NW,North West,EXCHANGE,243,177,32,16,29205.0,15122.0,3326.84,18448.84,10756.16,36.83,104.23,0
2024,10,October,Q4,NW,North West,NEW_INSTALL,203,132,31,22,24420.0,13376.0,2942.72,16318.72,8101.28,33.17,123.63,0
2024,10,October,Q4,NW,North West,REMOVAL,38,31,2,1,2790.0,1526.0,335.72,1861.72,928.28,33.27,60.06,0
2024,10,October,Q4,NW,North West,REPAIR,118,85,19,5,10200.0,5715.0,1257.3,6972.3,3227.7,31.64,82.03,0
2024,10,October,Q4,SCO,Scotland,EXCHANGE,157,106,21,14,17490.0,9224.0,2029.28,11253.28,6236.72,35.66,106.16,0
2024,10,October,Q4,SCO,Scotland,NEW_INSTALL,153,107,17,12,19795.0,10621.0,2336.62,12957.62,6837.38,34.54,121.1,0
2024,10,October,Q4,SCO,Scotland,REMOVAL,33,25,4,0,2250.0,1200.0,264.0,1464.0,786.0,34.93,58.56,0
2024,10,October,Q4,SCO,Scotland,REPAIR,74,52,9,6,6240.0,3608.0,793.76,4401.76,1838.24,29.46,84.65,0
2024,10,October,Q4,SE,South East,EXCHANGE,346,246,51,21,40590.0,20970.0,4613.4,25583.4,15006.6,36.97,104.0,0
2024,10,October,Q4,SE,South East,NEW_INSTALL,280,186,45,18,34410.0,18354.0,4037.88,22391.88,12018.12,34.93,120.39,0
2024,10,October,Q4,SE,South East,REMOVAL,64,44,7,8,3960.0,2416.0,531.52,2947.52,1012.48,25.57,66.99,0
2024,10,October,Q4,SE,South East,REPAIR,140,100,15,10,12000.0,6880.0,1513.6,8393.6,3606.4,30.05,83.94,0
2024,10,October,Q4,SW,South West,EXCHANGE,154,98,22,11,16170.0,8454.0,1859.88,10313.88,5856.12,36.22,105.24,0
2024,10,October,Q4,SW,South West,NEW_INSTALL,122,89,19,6,16465.0,8683.0,1910.26,10593.26,5871.74,35.66,119.03,0
2024,10,October,Q4,SW,South West,REMOVAL,30,24,2,2,2160.0,1228.0,270.16,1498.16,661.84,30.64,62.42,0
2024,10,October,Q4,SW,South West,REPAIR,70,55,3,7,6600.0,3841.0,845.02,4686.02,1913.98,29.0,85.2,0
2024,10,October,Q4,WAL,Wales,EXCHANGE,128,92,12,12,15180.0,8000.0,1760.0,9760.0,5420.0,35.7,106.09,0
2024,10,October,Q4,WAL,Wales,NEW_INSTALL,100,71,11,8,13135.0,7049.0,1550.78,8599.78,4535.22,34.53,121.12,0
2024,10,October,Q4,WAL,Wales,REMOVAL,24,17,2,2,1530.0,892.0,196.24,1088.24,441.76,28.87,64.01,0
2024,10,October,Q4,WAL,Wales,REPAIR,52,38,10,2,4560.0,2546.0,560.12,3106.12,1453.88,31.88,81.74,0
2024,10,October,Q4,YRK,Yorkshire,EXCHANGE,215,149,26,20,24585.0,12978.0,2855.16,15833.16,8751.84,35.6,106.26,0
2024,10,October,Q4,YRK,Yorkshire,NEW_INSTALL,187,140,20,12,25900.0,13756.0,3026.32,16782.32,9117.68,35.2,119.87,0
2024,10,October,Q4,YRK,Yorkshire,REMOVAL,33,17,8,3,1530.0,930.0,204.6,1134.6,395.4,25.84,66.74,0
2024,10,October,Q4,YRK,Yorkshire,REPAIR,96,66,13,8,7920.0,4594.0,1010.68,5604.68,2315.32,29.23,84.92,0
2024,11,November,Q4,MID,Midlands,EXCHANGE,262,174,39,27,28710.0,15294.0,3364.68,18658.68,10051.32,35.01,107.23,0
2024,11,November,Q4,MID,Midlands,NEW_INSTALL,247,163,31,23,30155.0,16359.0,3598.98,19957.98,10197.02,33.82,122.44,0
2024,11,November,Q4,MID,Midlands,REMOVAL,36,27,5,2,2430.0,1372.0,301.84,1673.84,756.16,31.12,61.99,0
2024,11,November,Q4,MID,Midlands,REPAIR,117,76,17,9,9120.0,5282.0,1162.04,6444.04,2675.96,29.34,84.79,0
2024,11,November,Q4,NE,North East,EXCHANGE,157,101,24,11,16665.0,8700.0,1914.0,10614.0,6051.0,36.31,105.09,0
2024,11,November,Q4,NE,North East,NEW_INSTALL,147,116,11,13,21460.0,11514.0,2533.08,14047.08,7412.92,34.54,121.1,0
2024,11,November,Q4,NE,North East,REMOVAL,34,25,3,2,2250.0,1276.0,280.72,1556.72,693.28,30.81,62.27,0
2024,11,November,Q4,NE,North East,REPAIR,60,46,6,5,5520.0,3180.0,699.6,3879.6,1640.4,29.72,84.34,0
2024,11,November,Q4,NW,North West,EXCHANGE,227,152,29,18,25080.0,13148.0,2892.56,16040.56,9039.44,36.04,105.53,0
2024,11,November,Q4,NW,North West,NEW_INSTALL,174,115,27,11,21275.0,11343.0,2495.46,13838.46,7436.54,34.95,120.33,0
2024,11,November,Q4,NW,North West,REMOVAL,43,30,3,5,2700.0,1630.0,358.6,1988.6,711.4,26.35,66.29,0
2024,11,November,Q4,NW,North West,REPAIR,103,65,12,11,7800.0,4643.0,1021.46,5664.46,2135.54,27.38,87.15,0
2024,11,November,Q4,SCO,Scotland,EXCHANGE,165,113,21,15,18645.0,9836.0,2163.92,11999.92,6645.08,35.64,106.19,0
2024,11,November,Q4,SCO,Scotland,NEW_INSTALL,125,79,25,11,14615.0,7923.0,1743.06,9666.06,4948.94,33.86,122.36,0
2024,11,November,Q4,SCO,Scotland,REMOVAL,23,13,2,3,1170.0,738.0,162.36,900.36,269.64,23.05,69.26,0
2024,11,November,Q4,SCO,Scotland,REPAIR,59,38,8,7,4560.0,2736.0,601.92,3337.92,1222.08,26.8,87.84,0
2024,11,November,Q4,SE,South East,EXCHANGE,269,176,42,24,29040.0,15344.0,3375.68,18719.68,10320.32,35.54,106.36,0
2024,11,November,Q4,SE,South East,NEW_INSTALL,251,156,44,20,28860.0,15580.0,3427.6,19007.6,9852.4,34.14,121.84,0
2024,11,November,Q4,SE,South East,REMOVAL,55,38,13,3,3420.0,1938.0,426.36,2364.36,1055.64,30.87,62.22,0
2024,11,November,Q4,SE,South East,REPAIR,128,87,14,16,10440.0,6263.0,1377.86,7640.86,2799.14,26.81,87.83,0
2024,11,November,Q4,SW,South West,EXCHANGE,137,92,19,11,15180.0,7962.0,1751.64,9713.64,5466.36,36.01,105.58,0
2024,11,November,Q4,SW,South West,NEW_INSTALL,120,74,18,18,13690.0,7714.0,1697.08,9411.08,4278.92,31.26,127.18,0
2024,11,November,Q4,SW,South West,REMOVAL,21,17,1,1,1530.0,854.0,187.88,1041.88,488.12,31.9,61.29,0
2024,11,November,Q4,SW,South West,REPAIR,62,46,6,7,5520.0,3256.0,716.32,3972.32,1547.68,28.04,86.35,0
2024,11,November,Q4,WAL,Wales,EXCHANGE,121,82,15,13,13530.0,7218.0,1587.96,8805.96,4724.04,34.92,107.39,0
2024,11,November,Q4,WAL,Wales,NEW_INSTALL,104,70,13,6,12950.0,6878.0,1513.16,8391.16,4558.84,35.2,119.87,0
2024,11,November,Q4,WAL,Wales,REMOVAL,21,15,3,1,1350.0,758.0,166.76,924.76,425.24,31.5,61.65,0
2024,11,November,Q4,WAL,Wales,REPAIR,38,25,9,2,3000.0,1701.0,374.22,2075.22,924.78,30.83,83.01,0
2024,11,November,Q4,YRK,Yorkshire,EXCHANGE,179,115,36,12,18975.0,9886.0,2174.92,12060.92,6914.08,36.44,104.88,0
2024,11,November,Q4,YRK,Yorkshire,NEW_INSTALL,172,129,19,9,23865.0,12597.0,2771.34,15368.34,8496.66,35.6,119.13,0
2024,11,November,Q4,YRK,Yorkshire,REMOVAL,45,33,7,2,2970.0,1660.0,365.2,2025.2,944.8,31.81,61.37,0
2024,11,November,Q4,YRK,Yorkshire,REPAIR,87,64,10,8,7680.0,4464.0,982.08,5446.08,2233.92,29.09,85.09,0
2024,12,December,Q4,MID,Midlands,EXCHANGE,253,172,33,19,28380.0,14826.0,3261.72,18087.72,10292.28,36.27,105.16,0
2024,12,December,Q4,MID,Midlands,NEW_INSTALL,231,164,32,26,30340.0,16568.0,3644.96,20212.96,10127.04,33.38,123.25,0
2024,12,December,Q4,MID,Midlands,REMOVAL,30,20,2,3,1800.0,1074.0,236.28,1310.28,489.72,27.21,65.51,0
2024,12,December,Q4,MID,Midlands,REPAIR,123,77,18,16,9240.0,5613.0,1234.86,6847.86,2392.14,25.89,88.93,0
2024,12,December,Q4,NE,North East,EXCHANGE,166,122,15,15,20130.0,10574.0,2326.28,12900.28,7229.72,35.92,105.74,0
2024,12,December,Q4,NE,North East,NEW_INSTALL,138,87,22,13,16095.0,8759.0,1926.98,10685.98,5409.02,33.61,122.83,0
2024,12,December,Q4,NE,North East,REMOVAL,26,16,4,2,1440.0,844.0,185.68,1029.68,410.32,28.49,64.36,0
2024,12,December,Q4,NE,North East,REPAIR,64,44,9,3,5280.0,2974.0,654.28,3628.28,1651.72,31.28,82.46,0
2024,12,December,Q4,NW,North West,EXCHANGE,203,139,35,14,22935.0,11930.0,2624.6,14554.6,8380.4,36.54,104.71,0
2024,12,December,Q4,NW,North West,NEW_INSTALL,179,129,25,14,23865.0,12787.0,2813.14,15600.14,8264.86,34.63,120.93,0
2024,12,December,Q4,NW,North West,REMOVAL,28,16,5,3,1440.0,882.0,194.04,1076.04,363.96,25.27,67.25,0
2024,12,December,Q4,NW,North West,REPAIR,114,75,16,11,9000.0,5293.0,1164.46,6457.46,2542.54,28.25,86.1,0
2024,12,December,Q4,SCO,Scotland,EXCHANGE,147,106,16,10,17490.0,9072.0,1995.84,11067.84,6422.16,36.72,104.41,0
2024,12,December,Q4,SCO,Scotland,NEW_INSTALL,112,70,17,11,12950.0,7068.0,1554.96,8622.96,4327.04,33.41,123.19,0
2024,12,December,Q4,SCO,Scotland,REMOVAL,22,12,6,2,1080.0,652.0,143.44,795.44,284.56,26.35,66.29,0
2024,12,December,Q4,SCO,Scotland,REPAIR,72,48,9,9,5760.0,3462.0,761.64,4223.64,1536.36,26.67,87.99,0
2024,12,December,Q4,SE,South East,EXCHANGE,288,205,45,17,33825.0,17456.0,3840.32,21296.32,12528.68,37.04,103.88,0
2024,12,December,Q4,SE,South East,NEW_INSTALL,237,167,28,16,30895.0,16473.0,3624.06,20097.06,10797.94,34.95,120.34,0
2024,12,December,Q4,SE,South East,REMOVAL,51,34,7,4,3060.0,1784.0,392.48,2176.48,883.52,28.87,64.01,0
2024,12,December,Q4,SE,South East,REPAIR,138,100,14,14,12000.0,7032.0,1547.04,8579.04,3420.96,28.51,85.79,0
2024,12,December,Q4,SW,South West,EXCHANGE,121,78,17,9,12870.0,6738.0,1482.36,8220.36,4649.64,36.13,105.39,0
2024,12,December,Q4,SW,South West,NEW_INSTALL,112,80,10,5,14800.0,7790.0,1713.8,9503.8,5296.2,35.79,118.8,0
2024,12,December,Q4,SW,South West,REMOVAL,26,21,1,0,1890.0,1008.0,221.76,1229.76,660.24,34.93,58.56,0
2024,12,December,Q4,SW,South West,REPAIR,62,44,7,4,5280.0,3012.0,662.64,3674.64,1605.36,30.4,83.51,0
2024,12,December,Q4,WAL,Wales,EXCHANGE,102,72,10,10,11880.0,6284.0,1382.48,7666.48,4213.52,35.47,106.48,0
2024,12,December,Q4,WAL,Wales,NEW_INSTALL,91,59,15,10,10915.0,5985.0,1316.7,7301.7,3613.3,33.1,123.76,0
2024,12,December,Q4,WAL,Wales,REMOVAL,17,10,2,3,900.0,594.0,130.68,724.68,175.32,19.48,72.47,0
2024,12,December,Q4,WAL,Wales,REPAIR,58,41,10,3,4920.0,2779.0,611.38,3390.38,1529.62,31.09,82.69,0
2024,12,December,Q4,YRK,Yorkshire,EXCHANGE,196,126,32,18,20790.0,11016.0,2423.52,13439.52,7350.48,35.36,106.66,0
2024,12,December,Q4,YRK,Yorkshire,NEW_INSTALL,154,118,19,7,21830.0,11476.0,2524.72,14000.72,7829.28,35.86,118.65,0
2024,12,December,Q4,YRK,Yorkshire,REMOVAL,37,21,5,5,1890.0,1198.0,263.56,1461.56,428.44,22.67,69.6,0
2024,12,December,Q4,YRK,Yorkshire,REPAIR,74,45,12,6,5400.0,3153.0,693.66,3846.66,1553.34,28.77,85.48,0
2025,1,January,Q1,MID,Midlands,EXCHANGE,237,161,40,22,26565.0,14038.0,3088.36,17126.36,9438.64,35.53,106.37,0
2025,1,January,Q1,MID,Midlands,NEW_INSTALL,188,134,24,12,24790.0,13186.0,2900.92,16086.92,8703.08,35.11,120.05,0
2025,1,January,Q1,MID,Midlands,REMOVAL,54,41,4,3,3690.0,2082.0,458.04,2540.04,1149.96,31.16,61.95,0
2025,1,January,Q1,MID,Midlands,REPAIR,104,74,10,7,8880.0,5076.0,1116.72,6192.72,2687.28,30.26,83.69,0
2025,1,January,Q1,NE,North East,EXCHANGE,123,79,20,9,13035.0,6820.0,1500.4,8320.4,4714.6,36.17,105.32,0
2025,1,January,Q1,NE,North East,NEW_INSTALL,135,91,16,11,16835.0,9063.0,1993.86,11056.86,5778.14,34.32,121.5,0
2025,1,January,Q1,NE,North East,REMOVAL,24,14,6,2,1260.0,748.0,164.56,912.56,347.44,27.57,65.18,0
2025,1,January,Q1,NE,North East,REPAIR,73,50,17,5,6000.0,3440.0,756.8,4196.8,1803.2,30.05,83.94,0
2025,1,January,Q1,NW,North West,EXCHANGE,206,140,38,14,23100.0,12012.0,2642.64,14654.64,8445.36,36.56,104.68,0
2025,1,January,Q1,NW,North West,NEW_INSTALL,169,117,27,11,21645.0,11533.0,2537.26,14070.26,7574.74,35.0,120.26,0
2025,1,January,Q1,NW,North West,REMOVAL,30,17,5,5,1530.0,1006.0,221.32,1227.32,302.68,19.78,72.2,0
2025,1,January,Q1,NW,North West,REPAIR,86,65,8,7,7800.0,4491.0,988.02,5479.02,2320.98,29.76,84.29,0
2025,1,January,Q1,SCO,Scotland,EXCHANGE,133,94,19,8,15510.0,8012.0,1762.64,9774.64,5735.36,36.98,103.99,0
2025,1,January,Q1,SCO,Scotland,NEW_INSTALL,103,72,12,9,13320.0,7182.0,1580.04,8762.04,4557.96,34.22,121.7,0
2025,1,January,Q1,SCO,Scotland,REMOVAL,20,17,2,0,1530.0,816.0,179.52,995.52,534.48,34.93,58.56,0
2025,1,January,Q1,SCO,Scotland,REPAIR,70,50,9,5,6000.0,3440.0,756.8,4196.8,1803.2,30.05,83.94,0
2025,1,January,Q1,SE,South East,EXCHANGE,265,171,51,17,28215.0,14668.0,3226.96,17894.96,10320.04,36.58,104.65,0
2025,1,January,Q1,SE,South East,NEW_INSTALL,247,172,31,22,31820.0,17176.0,3778.72,20954.72,10865.28,34.15,121.83,0
2025,1,January,Q1,SE,South East,REMOVAL,49,35,7,4,3150.0,1832.0,403.04,2235.04,914.96,29.05,63.86,0
2025,1,January,Q1,SE,South East,REPAIR,126,82,25,5,9840.0,5520.0,1214.4,6734.4,3105.6,31.56,82.13,0
2025,1,January,Q1,SW,South West,EXCHANGE,126,80,19,10,13200.0,6940.0,1526.8,8466.8,4733.2,35.86,105.83,0
2025,1,January,Q1,SW,South West,NEW_INSTALL,110,76,13,12,14060.0,7676.0,1688.72,9364.72,4695.28,33.39,123.22,0
2025,1,January,Q1,SW,South West,REMOVAL,20,16,3,0,1440.0,768.0,168.96,936.96,503.04,34.93,58.56,0
2025,1,January,Q1,SW,South West,REPAIR,52,34,3,4,4080.0,2362.0,519.64,2881.64,1198.36,29.37,84.75,0
2025,1,January,Q1,WAL,Wales,EXCHANGE,95,60,17,10,9900.0,5300.0,1166.0,6466.0,3434.0,34.69,107.77,0
2025,1,January,Q1,WAL,Wales,NEW_INSTALL,98,69,12,10,12765.0,6935.0,1525.7,8460.7,4304.3,33.72,122.62,0
2025,1,January,Q1,WAL,Wales,REMOVAL,13,10,1,1,900.0,518.0,113.96,631.96,268.04,29.78,63.2,0
2025,1,January,Q1,WAL,Wales,REPAIR,46,39,3,0,4680.0,2535.0,557.7,3092.7,1587.3,33.92,79.3,0
2025,1,January,Q1,YRK,Yorkshire,EXCHANGE,163,103,22,16,16995.0,9054.0,1991.88,11045.88,5949.12,35.01,107.24,0
2025,1,January,Q1,YRK,Yorkshire,NEW_INSTALL,162,118,23,12,21830.0,11666.0,2566.52,14232.52,7597.48,34.8,120.61,0
2025,1,January,Q1,YRK,Yorkshire,REMOVAL,31,24,5,1,2160.0,1190.0,261.8,1451.8,708.2,32.79,60.49,0
2025,1,January,Q1,YRK,Yorkshire,REPAIR,83,64,15,2,7680.0,4236.0,931.92,5167.92,2512.08,32.71,80.75,0
2025,2,February,Q1,MID,Midlands,EXCHANGE,185,132,23,14,21780.0,11356.0,2498.32,13854.32,7925.68,36.39,104.96,0
2025,2,February,Q1,MID,Midlands,NEW_INSTALL,170,117,18,15,21645.0,11685.0,2570.7,14255.7,7389.3,34.14,121.84,0
2025,2,February,Q1,MID,Midlands,REMOVAL,33,22,5,2,1980.0,1132.0,249.04,1381.04,598.96,30.25,62.77,0
2025,2,February,Q1,MID,Midlands,REPAIR,86,64,10,8,7680.0,4464.0,982.08,5446.08,2233.92,29.09,85.09,0
2025,2,February,Q1,NE,North East,EXCHANGE,117,78,15,11,12870.0,6814.0,1499.08,8313.08,4556.92,35.41,106.58,0
2025,2,February,Q1,NE,North East,NEW_INSTALL,87,65,11,9,12025.0,6517.0,1433.74,7950.74,4074.26,33.88,122.32,0
2025,2,February,Q1,NE,North East,REMOVAL,22,15,1,5,1350.0,910.0,200.2,1110.2,239.8,17.76,74.01,0
2025,2,February,Q1,NE,North East,REPAIR,50,39,5,2,4680.0,2611.0,574.42,3185.42,1494.58,31.94,81.68,0
2025,2,February,Q1,NW,North West,EXCHANGE,164,110,23,16,18150.0,9628.0,2118.16,11746.16,6403.84,35.28,106.78,0
2025,2,February,Q1,NW,North West,NEW_INSTALL,131,95,17,8,17575.0,9329.0,2052.38,11381.38,6193.62,35.24,119.8,0
2025,2,February,Q1,NW,North West,REMOVAL,29,19,5,2,1710.0,988.0,217.36,1205.36,504.64,29.51,63.44,0
2025,2,February,Q1,NW,North West,REPAIR,62,37,10,7,4440.0,2671.0,587.62,3258.62,1181.38,26.61,88.07,0
2025,2,February,Q1,SCO,Scotland,EXCHANGE,90,59,15,6,9735.0,5066.0,1114.52,6180.52,3554.48,36.51,104.75,0
2025,2,February,Q1,SCO,Scotland,NEW_INSTALL,99,71,11,8,13135.0,7049.0,1550.78,8599.78,4535.22,34.53,121.12,0
2025,2,February,Q1,SCO,Scotland,REMOVAL,22,15,5,2,1350.0,796.0,175.12,971.12,378.88,28.07,64.74,0
2025,2,February,Q1,SCO,Scotland,REPAIR,49,34,7,2,4080.0,2286.0,502.92,2788.92,1291.08,31.64,82.03,0
2025,2,February,Q1,SE,South East,EXCHANGE,222,144,39,16,23760.0,12416.0,2731.52,15147.52,8612.48,36.25,105.19,0
2025,2,February,Q1,SE,South East,NEW_INSTALL,196,114,41,18,21090.0,11514.0,2533.08,14047.08,7042.92,33.39,123.22,0
2025,2,February,Q1,SE,South East,REMOVAL,37,25,6,3,2250.0,1314.0,289.08,1603.08,646.92,28.75,64.12,0
2025,2,February,Q1,SE,South East,REPAIR,87,61,7,7,7320.0,4231.0,930.82,5161.82,2158.18,29.48,84.62,0
2025,2,February,Q1,SW,South West,EXCHANGE,87,68,5,7,11220.0,5842.0,1285.24,7127.24,4092.76,36.48,104.81,0
2025,2,February,Q1,SW,South West,NEW_INSTALL,87,64,8,2,11840.0,6156.0,1354.32,7510.32,4329.68,36.57,117.35,0
2025,2,February,Q1,SW,South West,REMOVAL,14,8,2,1,720.0,422.0,92.84,514.84,205.16,28.49,64.36,0
2025,2,February,Q1,SW,South West,REPAIR,52,38,6,5,4560.0,2660.0,585.2,3245.2,1314.8,28.83,85.4,0
2025,2,February,Q1,WAL,Wales,EXCHANGE,79,52,8,8,8580.0,4568.0,1004.96,5572.96,3007.04,35.05,107.17,0
2025,2,February,Q1,WAL,Wales,NEW_INSTALL,77,49,10,9,9065.0,4997.0,1099.34,6096.34,2968.66,32.75,124.42,0
2025,2,February,Q1,WAL,Wales,REMOVAL,13,7,2,2,630.0,412.0,90.64,502.64,127.36,20.22,71.81,0
2025,2,February,Q1,WAL,Wales,REPAIR,30,18,8,2,2160.0,1246.0,274.12,1520.12,639.88,29.62,84.45,0
2025,2,February,Q1,YRK,Yorkshire,EXCHANGE,133,86,21,9,14190.0,7394.0,1626.68,9020.68,5169.32,36.43,104.89,0
2025,2,February,Q1,YRK,Yorkshire,NEW_INSTALL,123,78,24,9,14430.0,7752.0,1705.44,9457.44,4972.56,34.46,121.25,0
2025,2,February,Q1,YRK,Yorkshire,REMOVAL,15,10,2,1,900.0,518.0,113.96,631.96,268.04,29.78,63.2,0
2025,2,February,Q1,YRK,Yorkshire,REPAIR,68,39,9,10,4680.0,2915.0,641.3,3556.3,1123.7,24.01,91.19,0
2025,3,March,Q1,MID,Midlands,EXCHANGE,166,124,16,10,20460.0,10548.0,2320.56,12868.56,7591.44,37.1,103.78,0
2025,3,March,Q1,MID,Midlands,NEW_INSTALL,181,123,28,9,22755.0,12027.0,2645.94,14672.94,8082.06,35.52,119.29,0
2025,3,March,Q1,MID,Midlands,REMOVAL,39,25,8,1,2250.0,1238.0,272.36,1510.36,739.64,32.87,60.41,0
2025,3,March,Q1,MID,Midlands,REPAIR,82,58,15,7,6960.0,4036.0,887.92,4923.92,2036.08,29.25,84.9,0
2025,3,March,Q1,NE,North East,EXCHANGE,122,80,23,11,13200.0,6978.0,1535.16,8513.16,4686.84,35.51,106.41,0
2025,3,March,Q1,NE,North East,NEW_INSTALL,78,49,11,8,9065.0,4959.0,1090.98,6049.98,3015.02,33.26,123.47,0
2025,3,March,Q1,NE,North East,REMOVAL,25,16,5,1,1440.0,806.0,177.32,983.32,456.68,31.71,61.46,0
2025,3,March,Q1,NE,North East,REPAIR,50,27,6,5,3240.0,1945.0,427.9,2372.9,867.1,26.76,87.89,0
2025,3,March,Q1,NW,North West,EXCHANGE,135,88,19,13,14520.0,7710.0,1696.2,9406.2,5113.8,35.22,106.89,0
2025,3,March,Q1,NW,North West,NEW_INSTALL,143,87,29,15,16095.0,8835.0,1943.7,10778.7,5316.3,33.03,123.89,0
2025,3,March,Q1,NW,North West,REMOVAL,32,27,2,0,2430.0,1296.0,285.12,1581.12,848.88,34.93,58.56,0
2025,3,March,Q1,NW,North West,REPAIR,70,50,11,1,6000.0,3288.0,723.36,4011.36,1988.64,33.14,80.23,0
2025,3,March,Q1,SCO,Scotland,EXCHANGE,101,65,21,6,10725.0,5558.0,1222.76,6780.76,3944.24,36.78,104.32,0
2025,3,March,Q1,SCO,Scotland,NEW_INSTALL,85,61,13,6,11285.0,6023.0,1325.06,7348.06,3936.94,34.89,120.46,0
2025,3,March,Q1,SCO,Scotland,REMOVAL,24,17,4,2,1530.0,892.0,196.24,1088.24,441.76,28.87,64.01,0
2025,3,March,Q1,SCO,Scotland,REPAIR,55,35,5,5,4200.0,2465.0,542.3,3007.3,1192.7,28.4,85.92,0
2025,3,March,Q1,SE,South East,EXCHANGE,224,155,32,14,25575.0,13242.0,2913.24,16155.24,9419.76,36.83,104.23,0
2025,3,March,Q1,SE,South East,NEW_INSTALL,186,134,19,12,24790.0,13186.0,2900.92,16086.92,8703.08,35.11,120.05,0
2025,3,March,Q1,SE,South East,REMOVAL,25,20,3,0,1800.0,960.0,211.2,1171.2,628.8,34.93,58.56,0
2025,3,March,Q1,SE,South East,REPAIR,111,78,14,8,9360.0,5374.0,1182.28,6556.28,2803.72,29.95,84.05,0
2025,3,March,Q1,SW,South West,EXCHANGE,116,83,13,12,13695.0,7262.0,1597.64,8859.64,4835.36,35.31,106.74,0
2025,3,March,Q1,SW,South West,NEW_INSTALL,77,52,12,2,9620.0,5016.0,1103.52,6119.52,3500.48,36.39,117.68,0
2025,3,March,Q1,SW,South West,REMOVAL,16,12,3,1,1080.0,614.0,135.08,749.08,330.92,30.64,62.42,0
2025,3,March,Q1,SW,South West,REPAIR,32,19,7,3,2280.0,1349.0,296.78,1645.78,634.22,27.82,86.62,0
2025,3,March,Q1,WAL,Wales,EXCHANGE,71,45,16,7,7425.0,3956.0,870.32,4826.32,2598.68,35.0,107.25,0
2025,3,March,Q1,WAL,Wales,NEW_INSTALL,69,49,11,3,9065.0,4769.0,1049.18,5818.18,3246.82,35.82,118.74,0
2025,3,March,Q1,WAL,Wales,REMOVAL,17,11,4,0,990.0,528.0,116.16,644.16,345.84,34.93,58.56,0
2025,3,March,Q1,WAL,Wales,REPAIR,30,25,3,1,3000.0,1663.0,365.86,2028.86,971.14,32.37,81.15,0
2025,3,March,Q1,YRK,Yorkshire,EXCHANGE,129,86,20,10,14190.0,7432.0,1635.04,9067.04,5122.96,36.1,105.43,0
2025,3,March,Q1,YRK,Yorkshire,NEW_INSTALL,118,75,22,7,13875.0,7391.0,1626.02,9017.02,4857.98,35.01,120.23,0
2025,3,March,Q1,YRK,Yorkshire,REMOVAL,30,20,4,3,1800.0,1074.0,236.28,1310.28,489.72,27.21,65.51,0
2025,3,March,Q1,YRK,Yorkshire,REPAIR,59,36,7,5,4320.0,2530.0,556.6,3086.6,1233.4,28.55,85.74,0
2025,4,April,Q2,MID,Midlands,EXCHANGE,201,132,31,13,21780.0,11318.0,2489.96,13807.96,7972.04,36.6,104.61,0
2025,4,April,Q2,MID,Midlands,NEW_INSTALL,168,112,21,14,20720.0,11172.0,2457.84,13629.84,7090.16,34.22,121.7,0
2025,4,April,Q2,MID,Midlands,REMOVAL,31,22,5,2,1980.0,1132.0,249.04,1381.04,598.96,30.25,62.77,0
2025,4,April,Q2,MID,Midlands,REPAIR,83,53,15,8,6360.0,3749.0,824.78,4573.78,1786.22,28.09,86.3,0
2025,4,April,Q2,NE,North East,EXCHANGE,118,87,10,7,14355.0,7400.0,1628.0,9028.0,5327.0,37.11,103.77,0
2025,4,April,Q2,NE,North East,NEW_INSTALL,86,58,13,2,10730.0,5586.0,1228.92,6814.92,3915.08,36.49,117.5,0
2025,4,April,Q2,NE,North East,REMOVAL,18,14,0,3,1260.0,786.0,172.92,958.92,301.08,23.9,68.49,0
2025,4,April,Q2,NE,North East,REPAIR,44,34,4,2,4080.0,2286.0,502.92,2788.92,1291.08,31.64,82.03,0
2025,4,April,Q2,NW,North West,EXCHANGE,156,102,23,16,16830.0,8972.0,1973.84,10945.84,5884.16,34.96,107.31,0
2025,4,April,Q2,NW,North West,NEW_INSTALL,126,82,20,14,15170.0,8322.0,1830.84,10152.84,5017.16,33.07,123.82,0
2025,4,April,Q2,NW,North West,REMOVAL,27,20,3,3,1800.0,1074.0,236.28,1310.28,489.72,27.21,65.51,0
2025,4,April,Q2,NW,North West,REPAIR,76,51,8,9,6120.0,3657.0,804.54,4461.54,1658.46,27.1,87.48,0
2025,4,April,Q2,SCO,Scotland,EXCHANGE,105,62,19,7,10230.0,5350.0,1177.0,6527.0,3703.0,36.2,105.27,0
2025,4,April,Q2,SCO,Scotland,NEW_INSTALL,90,61,12,4,11285.0,5947.0,1308.34,7255.34,4029.66,35.71,118.94,0
2025,4,April,Q2,SCO,Scotland,REMOVAL,20,15,2,3,1350.0,834.0,183.48,1017.48,332.52,24.63,67.83,0
2025,4,April,Q2,SCO,Scotland,REPAIR,46,32,4,4,3840.0,2232.0,491.04,2723.04,1116.96,29.09,85.09,0
2025,4,April,Q2,SE,South East,EXCHANGE,201,138,30,13,22770.0,11810.0,2598.2,14408.2,8361.8,36.72,104.41,0
2025,4,April,Q2,SE,South East,NEW_INSTALL,178,121,18,19,22385.0,12217.0,2687.74,14904.74,7480.26,33.42,123.18,0
2025,4,April,Q2,SE,South East,REMOVAL,34,26,5,0,2340.0,1248.0,274.56,1522.56,817.44,34.93,58.56,0
2025,4,April,Q2,SE,South East,REPAIR,99,67,14,10,8040.0,4735.0,1041.7,5776.7,2263.3,28.15,86.22,0
2025,4,April,Q2,SW,South West,EXCHANGE,109,76,15,5,12540.0,6422.0,1412.84,7834.84,4705.16,37.52,103.09,0
2025,4,April,Q2,SW,South West,NEW_INSTALL,82,61,8,4,11285.0,5947.0,1308.34,7255.34,4029.66,35.71,118.94,0
2025,4,April,Q2,SW,South West,REMOVAL,17,13,2,0,1170.0,624.0,137.28,761.28,408.72,34.93,58.56,0
2025,4,April,Q2,SW,South West,REPAIR,44,30,6,1,3600.0,1988.0,437.36,2425.36,1174.64,32.63,80.85,0
2025,4,April,Q2,WAL,Wales,EXCHANGE,86,56,13,6,9240.0,4820.0,1060.4,5880.4,3359.6,36.36,105.01,0
2025,4,April,Q2,WAL,Wales,NEW_INSTALL,76,55,9,4,10175.0,5377.0,1182.94,6559.94,3615.06,35.53,119.27,0
2025,4,April,Q2,WAL,Wales,REMOVAL,9,7,0,1,630.0,374.0,82.28,456.28,173.72,27.57,65.18,0
2025,4,April,Q2,WAL,Wales,REPAIR,24,16,6,0,1920.0,1040.0,228.8,1268.8,651.2,33.92,79.3,0
2025,4,April,Q2,YRK,Yorkshire,EXCHANGE,143,99,19,14,16335.0,8650.0,1903.0,10553.0,5782.0,35.4,106.6,0
2025,4,April,Q2,YRK,Yorkshire,NEW_INSTALL,118,82,14,13,15170.0,8284.0,1822.48,10106.48,5063.52,33.38,123.25,0
2025,4,April,Q2,YRK,Yorkshire,REMOVAL,22,14,5,1,1260.0,710.0,156.2,866.2,393.8,31.25,61.87,0
2025,4,April,Q2,YRK,Yorkshire,REPAIR,61,41,5,8,4920.0,2969.0,653.18,3622.18,1297.82,26.38,88.35,0
2025,5,May,Q2,MID,Midlands,EXCHANGE,185,131,32,11,21615.0,11160.0,2455.2,13615.2,7999.8,37.01,103.93,0
2025,5,May,Q2,MID,Midlands,NEW_INSTALL,172,123,27,8,22755.0,11989.0,2637.58,14626.58,8128.42,35.72,118.92,0
2025,5,May,Q2,MID,Midlands,REMOVAL,42,28,5,3,2520.0,1458.0,320.76,1778.76,741.24,29.41,63.53,0
2025,5,May,Q2,MID,Midlands,REPAIR,102,71,14,7,8520.0,4881.0,1073.82,5954.82,2565.18,30.11,83.87,0
2025,5,May,Q2,NE,North East,EXCHANGE,120,89,19,7,14685.0,7564.0,1664.08,9228.08,5456.92,37.16,103.69,0
2025,5,May,Q2,NE,North East,NEW_INSTALL,110,80,16,8,14800.0,7904.0,1738.88,9642.88,5157.12,34.85,120.54,0
2025,5,May,Q2,NE,North East,REMOVAL,25,19,0,3,1710.0,1026.0,225.72,1251.72,458.28,26.8,65.88,0
2025,5,May,Q2,NE,North East,REPAIR,40,30,8,2,3600.0,2026.0,445.72,2471.72,1128.28,31.34,82.39,0
2025,5,May,Q2,NW,North West,EXCHANGE,167,112,34,8,18480.0,9488.0,2087.36,11575.36,6904.64,37.36,103.35,0
2025,5,May,Q2,NW,North West,NEW_INSTALL,135,90,17,13,16650.0,9044.0,1989.68,11033.68,5616.32,33.73,122.6,0
2025,5,May,Q2,NW,North West,REMOVAL,31,19,6,3,1710.0,1026.0,225.72,1251.72,458.28,26.8,65.88,0
2025,5,May,Q2,NW,North West,REPAIR,73,53,4,10,6360.0,3825.0,841.5,4666.5,1693.5,26.63,88.05,0
2025,5,May,Q2,SCO,Scotland,EXCHANGE,108,74,16,11,12210.0,6486.0,1426.92,7912.92,4297.08,35.19,106.93,0
2025,5,May,Q2,SCO,Scotland,NEW_INSTALL,90,57,19,7,10545.0,5681.0,1249.82,6930.82,3614.18,34.27,121.59,0
2025,5,May,Q2,SCO,Scotland,REMOVAL,27,13,5,1,1170.0,662.0,145.64,807.64,362.36,30.97,62.13,0
2025,5,May,Q2,SCO,Scotland,REPAIR,48,33,7,5,3960.0,2335.0,513.7,2848.7,1111.3,28.06,86.32,0
2025,5,May,Q2,SE,South East,EXCHANGE,245,148,38,28,24420.0,13200.0,2904.0,16104.0,8316.0,34.05,108.81,0
2025,5,May,Q2,SE,South East,NEW_INSTALL,206,138,32,14,25530.0,13642.0,3001.24,16643.24,8886.76,34.81,120.6,0
2025,5,May,Q2,SE,South East,REMOVAL,33,20,3,5,1800.0,1150.0,253.0,1403.0,397.0,22.06,70.15,0
2025,5,May,Q2,SE,South East,REPAIR,82,60,12,1,7200.0,3938.0,866.36,4804.36,2395.64,33.27,80.07,0
2025,5,May,Q2,SW,South West,EXCHANGE,95,63,15,8,10395.0,5470.0,1203.4,6673.4,3721.6,35.8,105.93,0
2025,5,May,Q2,SW,South West,NEW_INSTALL,95,69,7,7,12765.0,6821.0,1500.62,8321.62,4443.38,34.81,120.6,0
2025,5,May,Q2,SW,South West,REMOVAL,20,16,2,1,1440.0,806.0,177.32,983.32,456.68,31.71,61.46,0
2025,5,May,Q2,SW,South West,REPAIR,47,32,5,5,3840.0,2270.0,499.4,2769.4,1070.6,27.88,86.54,0
2025,5,May,Q2,WAL,Wales,EXCHANGE,76,48,12,6,7920.0,4164.0,916.08,5080.08,2839.92,35.86,105.83,0
2025,5,May,Q2,WAL,Wales,NEW_INSTALL,69,44,11,6,8140.0,4408.0,969.76,5377.76,2762.24,33.93,122.22,0
2025,5,May,Q2,WAL,Wales,REMOVAL,19,13,4,0,1170.0,624.0,137.28,761.28,408.72,34.93,58.56,0
2025,5,May,Q2,WAL,Wales,REPAIR,45,37,1,4,4440.0,2557.0,562.54,3119.54,1320.46,29.74,84.31,0
2025,5,May,Q2,YRK,Yorkshire,EXCHANGE,135,103,13,7,16995.0,8712.0,1916.64,10628.64,6366.36,37.46,103.19,0
2025,5,May,Q2,YRK,Yorkshire,NEW_INSTALL,140,99,14,14,18315.0,9937.0,2186.14,12123.14,6191.86,33.81,122.46,0
2025,5,May,Q2,YRK,Yorkshire,REMOVAL,26,19,4,1,1710.0,950.0,209.0,1159.0,551.0,32.22,61.0,0
2025,5,May,Q2,YRK,Yorkshire,REPAIR,62,44,5,6,5280.0,3088.0,679.36,3767.36,1512.64,28.65,85.62,0
2025,6,June,Q2,MID,Midlands,EXCHANGE,210,148,22,17,24420.0,12782.0,2812.04,15594.04,8825.96,36.14,105.37,0
2025,6,June,Q2,MID,Midlands,NEW_INSTALL,190,137,18,19,25345.0,13737.0,3022.14,16759.14,8585.86,33.88,122.33,0
2025,6,June,Q2,MID,Midlands,REMOVAL,31,22,6,1,1980.0,1094.0,240.68,1334.68,645.32,32.59,60.67,0
2025,6,June,Q2,MID,Midlands,REPAIR,98,68,13,10,8160.0,4800.0,1056.0,5856.0,2304.0,28.24,86.12,0
2025,6,June,Q2,NE,North East,EXCHANGE,140,92,18,13,15180.0,8038.0,1768.36,9806.36,5373.64,35.4,106.59,0
2025,6,June,Q2,NE,North East,NEW_INSTALL,105,67,22,7,12395.0,6631.0,1458.82,8089.82,4305.18,34.73,120.74,0
2025,6,June,Q2,NE,North East,REMOVAL,18,16,1,0,1440.0,768.0,168.96,936.96,503.04,34.93,58.56,0
2025,6,June,Q2,NE,North East,REPAIR,50,37,5,3,4440.0,2519.0,554.18,3073.18,1366.82,30.78,83.06,0
2025,6,June,Q2,NW,North West,EXCHANGE,161,120,15,12,19800.0,10296.0,2265.12,12561.12,7238.88,36.56,104.68,0
2025,6,June,Q2,NW,North West,NEW_INSTALL,172,124,27,8,22940.0,12084.0,2658.48,14742.48,8197.52,35.73,118.89,0
2025,6,June,Q2,NW,North West,REMOVAL,20,11,3,2,990.0,604.0,132.88,736.88,253.12,25.57,66.99,0
2025,6,June,Q2,NW,North West,REPAIR,77,52,6,8,6240.0,3684.0,810.48,4494.48,1745.52,27.97,86.43,0
2025,6,June,Q2,SCO,Scotland,EXCHANGE,109,79,13,9,13035.0,6820.0,1500.4,8320.4,4714.6,36.17,105.32,0
2025,6,June,Q2,SCO,Scotland,NEW_INSTALL,104,73,13,9,13505.0,7277.0,1600.94,8877.94,4627.06,34.26,121.62,0
2025,6,June,Q2,SCO,Scotland,REMOVAL,16,11,4,0,990.0,528.0,116.16,644.16,345.84,34.93,58.56,0
2025,6,June,Q2,SCO,Scotland,REPAIR,54,38,7,3,4560.0,2584.0,568.48,3152.48,1407.52,30.87,82.96,0
2025,6,June,Q2,SE,South East,EXCHANGE,235,169,25,19,27885.0,14580.0,3207.6,17787.6,10097.4,36.21,105.25,0
2025,6,June,Q2,SE,South East,NEW_INSTALL,218,155,31,17,28675.0,15371.0,3381.62,18752.62,9922.38,34.6,120.98,0
2025,6,June,Q2,SE,South East,REMOVAL,41,24,7,4,2160.0,1304.0,286.88,1590.88,569.12,26.35,66.29,0
2025,6,June,Q2,SE,South East,REPAIR,107,70,14,13,8400.0,5044.0,1109.68,6153.68,2246.32,26.74,87.91,0
2025,6,June,Q2,SW,South West,EXCHANGE,101,67,17,7,11055.0,5760.0,1267.2,7027.2,4027.8,36.43,104.88,0
2025,6,June,Q2,SW,South West,NEW_INSTALL,97,66,14,5,12210.0,6460.0,1421.2,7881.2,4328.8,35.45,119.41,0
2025,6,June,Q2,SW,South West,REMOVAL,27,18,6,2,1620.0,940.0,206.8,1146.8,473.2,29.21,63.71,0
2025,6,June,Q2,SW,South West,REPAIR,46,27,11,4,3240.0,1907.0,419.54,2326.54,913.46,28.19,86.17,0
2025,6,June,Q2,WAL,Wales,EXCHANGE,99,63,14,12,10395.0,5622.0,1236.84,6858.84,3536.16,34.02,108.87,0
2025,6,June,Q2,WAL,Wales,NEW_INSTALL,61,43,5,6,7955.0,4313.0,948.86,5261.86,2693.14,33.85,122.37,0
2025,6,June,Q2,WAL,Wales,REMOVAL,16,13,2,0,1170.0,624.0,137.28,761.28,408.72,34.93,58.56,0
2025,6,June,Q2,WAL,Wales,REPAIR,39,27,4,2,3240.0,1831.0,402.82,2233.82,1006.18,31.05,82.73,0
2025,6,June,Q2,YRK,Yorkshire,EXCHANGE,150,100,24,12,16500.0,8656.0,1904.32,10560.32,5939.68,36.0,105.6,0
2025,6,June,Q2,YRK,Yorkshire,NEW_INSTALL,128,91,21,5,16835.0,8835.0,1943.7,10778.7,6056.3,35.97,118.45,0
2025,6,June,Q2,YRK,Yorkshire,REMOVAL,31,20,7,2,1800.0,1036.0,227.92,1263.92,536.08,29.78,63.2,0
2025,6,June,Q2,YRK,Yorkshire,REPAIR,68,49,10,5,5880.0,3375.0,742.5,4117.5,1762.5,29.97,84.03,0
2025,7,July,Q3,MID,Midlands,EXCHANGE,261,168,48,22,27720.0,14612.0,3214.64,17826.64,9893.36,35.69,106.11,0
2025,7,July,Q3,MID,Midlands,NEW_INSTALL,212,140,36,20,25900.0,14060.0,3093.2,17153.2,8746.8,33.77,122.52,0
2025,7,July,Q3,MID,Midlands,REMOVAL,41,27,7,4,2430.0,1448.0,318.56,1766.56,663.44,27.3,65.43,0
2025,7,July,Q3,MID,Midlands,REPAIR,113,83,11,3,9960.0,5509.0,1211.98,6720.98,3239.02,32.52,80.98,0
2025,7,July,Q3,NE,North East,EXCHANGE,150,104,17,15,17160.0,9098.0,2001.56,11099.56,6060.44,35.32,106.73,0
2025,7,July,Q3,NE,North East,NEW_INSTALL,127,69,27,14,12765.0,7087.0,1559.14,8646.14,4118.86,32.27,125.31,0
2025,7,July,Q3,NE,North East,REMOVAL,26,14,5,2,1260.0,748.0,164.56,912.56,347.44,27.57,65.18,0
2025,7,July,Q3,NE,North East,REPAIR,70,43,13,5,5160.0,2985.0,656.7,3641.7,1518.3,29.42,84.69,0
2025,7,July,Q3,NW,North West,EXCHANGE,208,138,33,16,22770.0,11924.0,2623.28,14547.28,8222.72,36.11,105.42,0
2025,7,July,Q3,NW,North West,NEW_INSTALL,184,124,25,21,22940.0,12578.0,2767.16,15345.16,7594.84,33.11,123.75,0
2025,7,July,Q3,NW,North West,REMOVAL,29,16,6,5,1440.0,958.0,210.76,1168.76,271.24,18.84,73.05,0
2025,7,July,Q3,NW,North West,REPAIR,98,74,14,4,8880.0,4962.0,1091.64,6053.64,2826.36,31.83,81.81,0
2025,7,July,Q3,SCO,Scotland,EXCHANGE,137,80,27,15,13200.0,7130.0,1568.6,8698.6,4501.4,34.1,108.73,0
2025,7,July,Q3,SCO,Scotland,NEW_INSTALL,123,72,26,12,13320.0,7296.0,1605.12,8901.12,4418.88,33.17,123.63,0
2025,7,July,Q3,SCO,Scotland,REMOVAL,26,15,6,2,1350.0,796.0,175.12,971.12,378.88,28.07,64.74,0
2025,7,July,Q3,SCO,Scotland,REPAIR,61,43,10,4,5160.0,2947.0,648.34,3595.34,1564.66,30.32,83.61,0
2025,7,July,Q3,SE,South East,EXCHANGE,308,225,32,20,37125.0,19210.0,4226.2,23436.2,13688.8,36.87,104.16,0
2025,7,July,Q3,SE,South East,NEW_INSTALL,252,173,40,19,32005.0,17157.0,3774.54,20931.54,11073.46,34.6,120.99,0
2025,7,July,Q3,SE,South East,REMOVAL,38,26,7,2,2340.0,1324.0,291.28,1615.28,724.72,30.97,62.13,0
2025,7,July,Q3,SE,South East,REPAIR,127,95,15,4,11400.0,6327.0,1391.94,7718.94,3681.06,32.29,81.25,0
2025,7,July,Q3,SW,South West,EXCHANGE,128,91,16,9,15015.0,7804.0,1716.88,9520.88,5494.12,36.59,104.63,0
2025,7,July,Q3,SW,South West,NEW_INSTALL,106,77,12,7,14245.0,7581.0,1667.82,9248.82,4996.18,35.07,120.11,0
2025,7,July,Q3,SW,South West,REMOVAL,23,12,6,1,1080.0,614.0,135.08,749.08,330.92,30.64,62.42,0
2025,7,July,Q3,SW,South West,REPAIR,62,45,10,2,5400.0,3001.0,660.22,3661.22,1738.78,32.2,81.36,0
2025,7,July,Q3,WAL,Wales,EXCHANGE,95,61,15,6,10065.0,5230.0,1150.6,6380.6,3684.4,36.61,104.6,0
2025,7,July,Q3,WAL,Wales,NEW_INSTALL,88,55,15,6,10175.0,5453.0,1199.66,6652.66,3522.34,34.62,120.96,0
2025,7,July,Q3,WAL,Wales,REMOVAL,29,15,8,5,1350.0,910.0,200.2,1110.2,239.8,17.76,74.01,0
2025,7,July,Q3,WAL,Wales,REPAIR,46,34,8,2,4080.0,2286.0,502.92,2788.92,1291.08,31.64,82.03,0
2025,7,July,Q3,YRK,Yorkshire,EXCHANGE,185,113,28,23,18645.0,10140.0,2230.8,12370.8,6274.2,33.65,109.48,0
2025,7,July,Q3,YRK,Yorkshire,NEW_INSTALL,159,112,26,7,20720.0,10906.0,2399.32,13305.32,7414.68,35.79,118.8,0
2025,7,July,Q3,YRK,Yorkshire,REMOVAL,34,24,4,4,2160.0,1304.0,286.88,1590.88,569.12,26.35,66.29,0
2025,7,July,Q3,YRK,Yorkshire,REPAIR,85,65,7,7,7800.0,4491.0,988.02,5479.02,2320.98,29.76,84.29,0
2025,8,August,Q3,MID,Midlands,EXCHANGE,276,190,34,19,31350.0,16302.0,3586.44,19888.44,11461.56,36.56,104.68,0
2025,8,August,Q3,MID,Midlands,NEW_INSTALL,205,142,24,18,26270.0,14174.0,3118.28,17292.28,8977.72,34.17,121.78,0
2025,8,August,Q3,MID,Midlands,REMOVAL,57,42,5,3,3780.0,2130.0,468.6,2598.6,1181.4,31.25,61.87,0
2025,8,August,Q3,MID,Midlands,REPAIR,110,69,14,8,8280.0,4789.0,1053.58,5842.58,2437.42,29.44,84.68,0
2025,8,August,Q3,NE,North East,EXCHANGE,165,104,24,17,17160.0,9174.0,2018.28,11192.28,5967.72,34.78,107.62,0
2025,8,August,Q3,NE,North East,NEW_INSTALL,137,89,18,8,16465.0,8759.0,1926.98,10685.98,5779.02,35.1,120.07,0
2025,8,August,Q3,NE,North East,REMOVAL,23,16,3,1,1440.0,806.0,177.32,983.32,456.68,31.71,61.46,0
2025,8,August,Q3,NE,North East,REPAIR,63,42,9,4,5040.0,2882.0,634.04,3516.04,1523.96,30.24,83.72,0
2025,8,August,Q3,NW,North West,EXCHANGE,208,135,34,16,22275.0,11678.0,2569.16,14247.16,8027.84,36.04,105.53,0
2025,8,August,Q3,NW,North West,NEW_INSTALL,181,124,27,14,22940.0,12312.0,2708.64,15020.64,7919.36,34.52,121.13,0
2025,8,August,Q3,NW,North West,REMOVAL,42,28,4,4,2520.0,1496.0,329.12,1825.12,694.88,27.57,65.18,0
2025,8,August,Q3,NW,North West,REPAIR,83,57,9,3,6840.0,3819.0,840.18,4659.18,2180.82,31.88,81.74,0
2025,8,August,Q3,SCO,Scotland,EXCHANGE,136,86,16,14,14190.0,7584.0,1668.48,9252.48,4937.52,34.8,107.59,0
2025,8,August,Q3,SCO,Scotland,NEW_INSTALL,132,87,16,10,16095.0,8645.0,1901.9,10546.9,5548.1,34.47,121.23,0
2025,8,August,Q3,SCO,Scotland,REMOVAL,22,16,3,2,1440.0,844.0,185.68,1029.68,410.32,28.49,64.36,0
2025,8,August,Q3,SCO,Scotland,REPAIR,78,49,12,8,5880.0,3489.0,767.58,4256.58,1623.42,27.61,86.87,0
2025,8,August,Q3,SE,South East,EXCHANGE,293,195,42,25,32175.0,16940.0,3726.8,20666.8,11508.2,35.77,105.98,0
2025,8,August,Q3,SE,South East,NEW_INSTALL,246,143,43,26,26455.0,14573.0,3206.06,17779.06,8675.94,32.8,124.33,0
2025,8,August,Q3,SE,South East,REMOVAL,58,36,9,6,3240.0,1956.0,430.32,2386.32,853.68,26.35,66.29,0
2025,8,August,Q3,SE,South East,REPAIR,137,88,26,9,10560.0,6062.0,1333.64,7395.64,3164.36,29.97,84.04,0
2025,8,August,Q3,SW,South West,EXCHANGE,124,91,11,12,15015.0,7918.0,1741.96,9659.96,5355.04,35.66,106.15,0
2025,8,August,Q3,SW,South West,NEW_INSTALL,115,75,18,8,13875.0,7429.0,1634.38,9063.38,4811.62,34.68,120.85,0
2025,8,August,Q3,SW,South West,REMOVAL,25,15,4,2,1350.0,796.0,175.12,971.12,378.88,28.07,64.74,0
2025,8,August,Q3,SW,South West,REPAIR,60,39,6,7,4680.0,2801.0,616.22,3417.22,1262.78,26.98,87.62,0
2025,8,August,Q3,WAL,Wales,EXCHANGE,107,74,16,9,12210.0,6410.0,1410.2,7820.2,4389.8,35.95,105.68,0
2025,8,August,Q3,WAL,Wales,NEW_INSTALL,96,68,16,6,12580.0,6688.0,1471.36,8159.36,4420.64,35.14,119.99,0
2025,8,August,Q3,WAL,Wales,REMOVAL,29,23,1,2,2070.0,1180.0,259.6,1439.6,630.4,30.45,62.59,0
2025,8,August,Q3,WAL,Wales,REPAIR,39,27,7,3,3240.0,1869.0,411.18,2280.18,959.82,29.62,84.45,0
2025,8,August,Q3,YRK,Yorkshire,EXCHANGE,186,122,29,23,20130.0,10878.0,2393.16,13271.16,6858.84,34.07,108.78,0
2025,8,August,Q3,YRK,Yorkshire,NEW_INSTALL,183,131,26,9,24235.0,12787.0,2813.14,15600.14,8634.86,35.63,119.09,0
2025,8,August,Q3,YRK,Yorkshire,REMOVAL,23,10,7,2,900.0,556.0,122.32,678.32,221.68,24.63,67.83,0
2025,8,August,Q3,YRK,Yorkshire,REPAIR,71,49,10,7,5880.0,3451.0,759.22,4210.22,1669.78,28.4,85.92,0
2025,9,September,Q3,MID,Midlands,EXCHANGE,300,195,36,32,32175.0,17206.0,3785.32,20991.32,11183.68,34.76,107.65,0
2025,9,September,Q3,MID,Midlands,NEW_INSTALL,230,156,25,17,28860.0,15466.0,3402.52,18868.52,9991.48,34.62,120.95,0
2025,9,September,Q3,MID,Midlands,REMOVAL,55,33,11,7,2970.0,1850.0,407.0,2257.0,713.0,24.01,68.39,0
2025,9,September,Q3,MID,Midlands,REPAIR,120,84,17,11,10080.0,5878.0,1293.16,7171.16,2908.84,28.86,85.37,0
2025,9,September,Q3,NE,North East,EXCHANGE,162,105,24,9,17325.0,8952.0,1969.44,10921.44,6403.56,36.96,104.01,0
2025,9,September,Q3,NE,North East,NEW_INSTALL,130,89,14,12,16465.0,8911.0,1960.42,10871.42,5593.58,33.97,122.15,0
2025,9,September,Q3,NE,North East,REMOVAL,26,15,5,4,1350.0,872.0,191.84,1063.84,286.16,21.2,70.92,0
2025,9,September,Q3,NE,North East,REPAIR,104,70,16,6,8400.0,4778.0,1051.16,5829.16,2570.84,30.61,83.27,0
2025,9,September,Q3,NW,North West,EXCHANGE,228,157,21,18,25905.0,13558.0,2982.76,16540.76,9364.24,36.15,105.36,0
2025,9,September,Q3,NW,North West,NEW_INSTALL,195,130,26,22,24050.0,13186.0,2900.92,16086.92,7963.08,33.11,123.75,0
2025,9,September,Q3,NW,North West,REMOVAL,43,27,6,5,2430.0,1486.0,326.92,1812.92,617.08,25.39,67.15,0
2025,9,September,Q3,NW,North West,REPAIR,113,83,14,5,9960.0,5585.0,1228.7,6813.7,3146.3,31.59,82.09,0
2025,9,September,Q3,SCO,Scotland,EXCHANGE,146,112,17,6,18480.0,9412.0,2070.64,11482.64,6997.36,37.86,102.52,0
2025,9,September,Q3,SCO,Scotland,NEW_INSTALL,140,90,24,11,16650.0,8968.0,1972.96,10940.96,5709.04,34.29,121.57,0
2025,9,September,Q3,SCO,Scotland,REMOVAL,29,19,3,4,1710.0,1064.0,234.08,1298.08,411.92,24.09,68.32,0
2025,9,September,Q3,SCO,Scotland,REPAIR,75,50,12,7,6000.0,3516.0,773.52,4289.52,1710.48,28.51,85.79,0
2025,9,September,Q3,SE,South East,EXCHANGE,308,208,45,21,34320.0,17854.0,3927.88,21781.88,12538.12,36.53,104.72,0
2025,9,September,Q3,SE,South East,NEW_INSTALL,273,188,35,27,34780.0,18886.0,4154.92,23040.92,11739.08,33.75,122.56,0
2025,9,September,Q3,SE,South East,REMOVAL,52,34,7,5,3060.0,1822.0,400.84,2222.84,837.16,27.36,65.38,0
2025,9,September,Q3,SE,South East,REPAIR,144,95,29,9,11400.0,6517.0,1433.74,7950.74,3449.26,30.26,83.69,0
2025,9,September,Q3,SW,South West,EXCHANGE,141,101,18,13,16665.0,8776.0,1930.72,10706.72,5958.28,35.75,106.01,0
2025,9,September,Q3,SW,South West,NEW_INSTALL,133,84,19,14,15540.0,8512.0,1872.64,10384.64,5155.36,33.17,123.63,0
2025,9,September,Q3,SW,South West,REMOVAL,23,15,2,3,1350.0,834.0,183.48,1017.48,332.52,24.63,67.83,0
2025,9,September,Q3,SW,South West,REPAIR,67,49,11,4,5880.0,3337.0,734.14,4071.14,1808.86,30.76,83.08,0
2025,9,September,Q3,WAL,Wales,EXCHANGE,111,70,15,17,11550.0,6386.0,1404.92,7790.92,3759.08,32.55,111.3,0
2025,9,September,Q3,WAL,Wales,NEW_INSTALL,100,74,14,5,13690.0,7220.0,1588.4,8808.4,4881.6,35.66,119.03,0
2025,9,September,Q3,WAL,Wales,REMOVAL,15,9,1,3,810.0,546.0,120.12,666.12,143.88,17.76,74.01,0
2025,9,September,Q3,WAL,Wales,REPAIR,60,41,10,5,4920.0,2855.0,628.1,3483.1,1436.9,29.21,84.95,0
2025,9,September,Q3,YRK,Yorkshire,EXCHANGE,203,127,34,19,20955.0,11136.0,2449.92,13585.92,7369.08,35.17,106.98,0
2025,9,September,Q3,YRK,Yorkshire,NEW_INSTALL,189,133,27,15,24605.0,13205.0,2905.1,16110.1,8494.9,34.53,121.13,0
2025,9,September,Q3,YRK,Yorkshire,REMOVAL,28,18,7,0,1620.0,864.0,190.08,1054.08,565.92,34.93,58.56,0
2025,9,September,Q3,YRK,Yorkshire,REPAIR,88,64,11,5,7680.0,4350.0,957.0,5307.0,2373.0,30.9,82.92,0
2025,10,October,Q4,MID,Midlands,EXCHANGE,283,181,53,24,29865.0,15754.0,3465.88,19219.88,10645.12,35.64,106.19,0
2025,10,October,Q4,MID,Midlands,NEW_INSTALL,254,178,39,17,32930.0,17556.0,3862.32,21418.32,11511.68,34.96,120.33,0
2025,10,October,Q4,MID,Midlands,REMOVAL,49,38,5,2,3420.0,1900.0,418.0,2318.0,1102.0,32.22,61.0,0
2025,10,October,Q4,MID,Midlands,REPAIR,134,85,21,12,10200.0,5981.0,1315.82,7296.82,2903.18,28.46,85.84,0
2025,10,October,Q4,NE,North East,EXCHANGE,181,115,37,10,18975.0,9810.0,2158.2,11968.2,7006.8,36.93,104.07,0
2025,10,October,Q4,NE,North East,NEW_INSTALL,143,96,26,13,17760.0,9614.0,2115.08,11729.08,6030.92,33.96,122.18,0
2025,10,October,Q4,NE,North East,REMOVAL,34,22,4,3,1980.0,1170.0,257.4,1427.4,552.6,27.91,64.88,0
2025,10,October,Q4,NE,North East,REPAIR,73,54,5,4,6480.0,3662.0,805.64,4467.64,2012.36,31.05,82.73,0
2025,10,October,Q4,NW,North West,EXCHANGE,240,160,33,21,26400.0,13918.0,3061.96,16979.96,9420.04,35.68,106.12,0
2025,10,October,Q4,NW,North West,NEW_INSTALL,217,147,27,19,27195.0,14687.0,3231.14,17918.14,9276.86,34.11,121.89,0
2025,10,October,Q4,NW,North West,REMOVAL,36,24,5,2,2160.0,1228.0,270.16,1498.16,661.84,30.64,62.42,0
2025,10,October,Q4,NW,North West,REPAIR,92,62,10,12,7440.0,4486.0,986.92,5472.92,1967.08,26.44,88.27,0
2025,10,October,Q4,SCO,Scotland,EXCHANGE,168,113,25,12,18645.0,9722.0,2138.84,11860.84,6784.16,36.39,104.96,0
2025,10,October,Q4,SCO,Scotland,NEW_INSTALL,135,96,19,11,17760.0,9538.0,2098.36,11636.36,6123.64,34.48,121.21,0
2025,10,October,Q4,SCO,Scotland,REMOVAL,32,19,4,4,1710.0,1064.0,234.08,1298.08,411.92,24.09,68.32,0
2025,10,October,Q4,SCO,Scotland,REPAIR,69,46,5,10,5520.0,3370.0,741.4,4111.4,1408.6,25.52,89.38,0
2025,10,October,Q4,SE,South East,EXCHANGE,313,210,42,23,34650.0,18094.0,3980.68,22074.68,12575.32,36.29,105.12,0
2025,10,October,Q4,SE,South East,NEW_INSTALL,292,193,42,25,35705.0,19285.0,4242.7,23527.7,12177.3,34.11,121.91,0
2025,10,October,Q4,SE,South East,REMOVAL,56,37,9,5,3330.0,1966.0,432.52,2398.52,931.48,27.97,64.82,0
2025,10,October,Q4,SE,South East,REPAIR,152,95,25,15,11400.0,6745.0,1483.9,8228.9,3171.1,27.82,86.62,0
2025,10,October,Q4,SW,South West,EXCHANGE,149,106,18,7,17490.0,8958.0,1970.76,10928.76,6561.24,37.51,103.1,0
2025,10,October,Q4,SW,South West,NEW_INSTALL,137,87,21,14,16095.0,8797.0,1935.34,10732.34,5362.66,33.32,123.36,0
2025,10,October,Q4,SW,South West,REMOVAL,25,18,4,2,1620.0,940.0,206.8,1146.8,473.2,29.21,63.71,0
2025,10,October,Q4,SW,South West,REPAIR,59,41,10,4,4920.0,2817.0,619.74,3436.74,1483.26,30.15,83.82,0
2025,10,October,Q4,WAL,Wales,EXCHANGE,142,93,17,16,15345.0,8234.0,1811.48,10045.48,5299.52,34.54,108.02,0
2025,10,October,Q4,WAL,Wales,NEW_INSTALL,90,68,11,6,12580.0,6688.0,1471.36,8159.36,4420.64,35.14,119.99,0
2025,10,October,Q4,WAL,Wales,REMOVAL,18,12,3,0,1080.0,576.0,126.72,702.72,377.28,34.93,58.56,0
2025,10,October,Q4,WAL,Wales,REPAIR,52,36,7,3,4320.0,2454.0,539.88,2993.88,1326.12,30.7,83.16,0
2025,10,October,Q4,YRK,Yorkshire,EXCHANGE,226,159,33,9,26235.0,13380.0,2943.6,16323.6,9911.4,37.78,102.66,0
2025,10,October,Q4,YRK,Yorkshire,NEW_INSTALL,210,138,38,13,25530.0,13604.0,2992.88,16596.88,8933.12,34.99,120.27,0
2025,10,October,Q4,YRK,Yorkshire,REMOVAL,25,16,5,3,1440.0,882.0,194.04,1076.04,363.96,25.27,67.25,0
2025,10,October,Q4,YRK,Yorkshire,REPAIR,68,48,7,6,5760.0,3348.0,736.56,4084.56,1675.44,29.09,85.09,0
2025,11,November,Q4,MID,Midlands,EXCHANGE,267,190,30,21,31350.0,16378.0,3603.16,19981.16,11368.84,36.26,105.16,0
2025,11,November,Q4,MID,Midlands,NEW_INSTALL,228,158,24,18,29230.0,15694.0,3452.68,19146.68,10083.32,34.5,121.18,0
2025,11,November,Q4,MID,Midlands,REMOVAL,44,30,7,4,2700.0,1592.0,350.24,1942.24,757.76,28.07,64.74,0
2025,11,November,Q4,MID,Midlands,REPAIR,110,73,12,13,8760.0,5239.0,1152.58,6391.58,2368.42,27.04,87.56,0
2025,11,November,Q4,NE,North East,EXCHANGE,155,111,25,5,18315.0,9292.0,2044.24,11336.24,6978.76,38.1,102.13,0
2025,11,November,Q4,NE,North East,NEW_INSTALL,130,88,19,8,16280.0,8664.0,1906.08,10570.08,5709.92,35.07,120.11,0
2025,11,November,Q4,NE,North East,REMOVAL,30,20,6,2,1800.0,1036.0,227.92,1263.92,536.08,29.78,63.2,0
2025,11,November,Q4,NE,North East,REPAIR,70,49,11,3,5880.0,3299.0,725.78,4024.78,1855.22,31.55,82.14,0
2025,11,November,Q4,NW,North West,EXCHANGE,207,143,21,23,23595.0,12600.0,2772.0,15372.0,8223.0,34.85,107.5,0
2025,11,November,Q4,NW,North West,NEW_INSTALL,200,144,23,18,26640.0,14364.0,3160.08,17524.08,9115.92,34.22,121.7,0
2025,11,November,Q4,NW,North West,REMOVAL,38,27,4,5,2430.0,1486.0,326.92,1812.92,617.08,25.39,67.15,0
2025,11,November,Q4,NW,North West,REPAIR,86,54,16,6,6480.0,3738.0,822.36,4560.36,1919.64,29.62,84.45,0
2025,11,November,Q4,SCO,Scotland,EXCHANGE,162,103,20,23,16995.0,9320.0,2050.4,11370.4,5624.6,33.1,110.39,0
2025,11,November,Q4,SCO,Scotland,NEW_INSTALL,128,79,19,18,14615.0,8189.0,1801.58,9990.58,4624.42,31.64,126.46,0
2025,11,November,Q4,SCO,Scotland,REMOVAL,21,15,3,1,1350.0,758.0,166.76,924.76,425.24,31.5,61.65,0
2025,11,November,Q4,SCO,Scotland,REPAIR,55,34,7,8,4080.0,2514.0,553.08,3067.08,1012.92,24.83,90.21,0
2025,11,November,Q4,SE,South East,EXCHANGE,288,183,42,30,30195.0,16146.0,3552.12,19698.12,10496.88,34.76,107.64,0
2025,11,November,Q4,SE,South East,NEW_INSTALL,266,185,43,15,34225.0,18145.0,3991.9,22136.9,12088.1,35.32,119.66,0
2025,11,November,Q4,SE,South East,REMOVAL,52,30,6,6,2700.0,1668.0,366.96,2034.96,665.04,24.63,67.83,0
2025,11,November,Q4,SE,South East,REPAIR,125,79,14,15,9480.0,5705.0,1255.1,6960.1,2519.9,26.58,88.1,0
2025,11,November,Q4,SW,South West,EXCHANGE,128,94,11,8,15510.0,8012.0,1762.64,9774.64,5735.36,36.98,103.99,0
2025,11,November,Q4,SW,South West,NEW_INSTALL,129,90,16,7,16650.0,8816.0,1939.52,10755.52,5894.48,35.4,119.51,0
2025,11,November,Q4,SW,South West,REMOVAL,23,15,5,2,1350.0,796.0,175.12,971.12,378.88,28.07,64.74,0
2025,11,November,Q4,SW,South West,REPAIR,55,36,12,1,4320.0,2378.0,523.16,2901.16,1418.84,32.84,80.59,0
2025,11,November,Q4,WAL,Wales,EXCHANGE,114,72,22,11,11880.0,6322.0,1390.84,7712.84,4167.16,35.08,107.12,0
2025,11,November,Q4,WAL,Wales,NEW_INSTALL,95,68,10,9,12580.0,6802.0,1496.44,8298.44,4281.56,34.03,122.04,0
2025,11,November,Q4,WAL,Wales,REMOVAL,13,10,3,0,900.0,480.0,105.6,585.6,314.4,34.93,58.56,0
2025,11,November,Q4,WAL,Wales,REPAIR,44,30,6,3,3600.0,2064.0,454.08,2518.08,1081.92,30.05,83.94,0
2025,11,November,Q4,YRK,Yorkshire,EXCHANGE,164,102,31,11,16830.0,8782.0,1932.04,10714.04,6115.96,36.34,105.04,0
2025,11,November,Q4,YRK,Yorkshire,NEW_INSTALL,174,123,27,10,22755.0,12065.0,2654.3,14719.3,8035.7,35.31,119.67,0
2025,11,November,Q4,YRK,Yorkshire,REMOVAL,40,28,1,6,2520.0,1572.0,345.84,1917.84,602.16,23.9,68.49,0
2025,11,November,Q4,YRK,Yorkshire,REPAIR,98,63,14,11,7560.0,4513.0,992.86,5505.86,2054.14,27.17,87.39,0
2025,12,December,Q4,MID,Midlands,EXCHANGE,275,188,43,21,31020.0,16214.0,3567.08,19781.08,11238.92,36.23,105.22,0
2025,12,December,Q4,MID,Midlands,NEW_INSTALL,203,142,27,13,26270.0,13984.0,3076.48,17060.48,9209.52,35.06,120.14,0
2025,12,December,Q4,MID,Midlands,REMOVAL,47,29,9,3,2610.0,1506.0,331.32,1837.32,772.68,29.6,63.36,0
2025,12,December,Q4,MID,Midlands,REPAIR,135,90,19,14,10800.0,6382.0,1404.04,7786.04,3013.96,27.91,86.51,0
2025,12,December,Q4,NE,North East,EXCHANGE,167,115,17,17,18975.0,10076.0,2216.72,12292.72,6682.28,35.22,106.89,0
2025,12,December,Q4,NE,North East,NEW_INSTALL,143,96,22,10,17760.0,9500.0,2090.0,11590.0,6170.0,34.74,120.73,0
2025,12,December,Q4,NE,North East,REMOVAL,20,17,1,0,1530.0,816.0,179.52,995.52,534.48,34.93,58.56,0
2025,12,December,Q4,NE,North East,REPAIR,62,43,7,4,5160.0,2947.0,648.34,3595.34,1564.66,30.32,83.61,0
2025,12,December,Q4,NW,North West,EXCHANGE,213,139,30,20,22935.0,12158.0,2674.76,14832.76,8102.24,35.33,106.71,0
2025,12,December,Q4,NW,North West,NEW_INSTALL,181,127,19,15,23495.0,12635.0,2779.7,15414.7,8080.3,34.39,121.38,0
2025,12,December,Q4,NW,North West,REMOVAL,43,32,5,3,2880.0,1650.0,363.0,2013.0,867.0,30.1,62.91,0
2025,12,December,Q4,NW,North West,REPAIR,100,68,15,4,8160.0,4572.0,1005.84,5577.84,2582.16,31.64,82.03,0
2025,12,December,Q4,SCO,Scotland,EXCHANGE,156,108,19,12,17820.0,9312.0,2048.64,11360.64,6459.36,36.25,105.19,0
2025,12,December,Q4,SCO,Scotland,NEW_INSTALL,127,88,13,7,16280.0,8626.0,1897.72,10523.72,5756.28,35.36,119.59,0
2025,12,December,Q4,SCO,Scotland,REMOVAL,26,15,4,4,1350.0,872.0,191.84,1063.84,286.16,21.2,70.92,0
2025,12,December,Q4,SCO,Scotland,REPAIR,62,48,7,4,5760.0,3272.0,719.84,3991.84,1768.16,30.7,83.16,0
2025,12,December,Q4,SE,South East,EXCHANGE,303,213,32,30,35145.0,18606.0,4093.32,22699.32,12445.68,35.41,106.57,0
2025,12,December,Q4,SE,South East,NEW_INSTALL,253,178,33,18,32930.0,17594.0,3870.68,21464.68,11465.32,34.82,120.59,0
2025,12,December,Q4,SE,South East,REMOVAL,53,33,9,6,2970.0,1812.0,398.64,2210.64,759.36,25.57,66.99,0
2025,12,December,Q4,SE,South East,REPAIR,162,112,23,10,13440.0,7660.0,1685.2,9345.2,4094.8,30.47,83.44,0
2025,12,December,Q4,SW,South West,EXCHANGE,142,99,16,12,16335.0,8574.0,1886.28,10460.28,5874.72,35.96,105.66,0
2025,12,December,Q4,SW,South West,NEW_INSTALL,123,75,20,11,13875.0,7543.0,1659.46,9202.46,4672.54,33.68,122.7,0
2025,12,December,Q4,SW,South West,REMOVAL,18,11,4,0,990.0,528.0,116.16,644.16,345.84,34.93,58.56,0
2025,12,December,Q4,SW,South West,REPAIR,54,42,6,1,5040.0,2768.0,608.96,3376.96,1663.04,33.0,80.4,0
2025,12,December,Q4,WAL,Wales,EXCHANGE,110,77,14,7,12705.0,6580.0,1447.6,8027.6,4677.4,36.82,104.25,0
2025,12,December,Q4,WAL,Wales,NEW_INSTALL,106,66,19,12,12210.0,6726.0,1479.72,8205.72,4004.28,32.8,124.33,0
2025,12,December,Q4,WAL,Wales,REMOVAL,15,8,2,2,720.0,460.0,101.2,561.2,158.8,22.06,70.15,0
2025,12,December,Q4,WAL,Wales,REPAIR,42,30,6,3,3600.0,2064.0,454.08,2518.08,1081.92,30.05,83.94,0
2025,12,December,Q4,YRK,Yorkshire,EXCHANGE,207,140,32,17,23100.0,12126.0,2667.72,14793.72,8306.28,35.96,105.67,0
2025,12,December,Q4,YRK,Yorkshire,NEW_INSTALL,171,119,36,8,22015.0,11609.0,2553.98,14162.98,7852.02,35.67,119.02,0
2025,12,December,Q4,YRK,Yorkshire,REMOVAL,27,18,4,1,1620.0,902.0,198.44,1100.44,519.56,32.07,61.14,0
2025,12,December,Q4,YRK,Yorkshire,REPAIR,79,50,13,7,6000.0,3516.0,773.52,4289.52,1710.48,28.51,85.79,0
2026,1,January,Q1,MID,Midlands,EXCHANGE,239,0,0,0,0.0,0.0,0.0,0.0,0.0,0.0,0.0,1
2026,1,January,Q1,MID,Midlands,NEW_INSTALL,181,0,0,0,0.0,0.0,0.0,0.0,0.0,0.0,0.0,1
2026,1,January,Q1,MID,Midlands,REMOVAL,44,0,0,0,0.0,0.0,0.0,0.0,0.0,0.0,0.0,1
2026,1,January,Q1,MID,Midlands,REPAIR,88,0,0,0,0.0,0.0,0.0,0.0,0.0,0.0,0.0,1
2026,1,January,Q1,NE,North East,EXCHANGE,144,0,0,0,0.0,0.0,0.0,0.0,0.0,0.0,0.0,1
2026,1,January,Q1,NE,North East,NEW_INSTALL,124,0,0,0,0.0,0.0,0.0,0.0,0.0,0.0,0.0,1
2026,1,January,Q1,NE,North East,REMOVAL,18,0,0,0,0.0,0.0,0.0,0.0,0.0,0.0,0.0,1
2026,1,January,Q1,NE,North East,REPAIR,65,0,0,0,0.0,0.0,0.0,0.0,0.0,0.0,0.0,1
2026,1,January,Q1,NW,North West,EXCHANGE,171,0,0,0,0.0,0.0,0.0,0.0,0.0,0.0,0.0,1
2026,1,January,Q1,NW,North West,NEW_INSTALL,173,0,0,0,0.0,0.0,0.0,0.0,0.0,0.0,0.0,1
2026,1,January,Q1,NW,North West,REMOVAL,38,0,0,0,0.0,0.0,0.0,0.0,0.0,0.0,0.0,1
2026,1,January,Q1,NW,North West,REPAIR,97,0,0,0,0.0,0.0,0.0,0.0,0.0,0.0,0.0,1
2026,1,January,Q1,SCO,Scotland,EXCHANGE,124,0,0,0,0.0,0.0,0.0,0.0,0.0,0.0,0.0,1
2026,1,January,Q1,SCO,Scotland,NEW_INSTALL,127,0,0,0,0.0,0.0,0.0,0.0,0.0,0.0,0.0,1
2026,1,January,Q1,SCO,Scotland,REMOVAL,18,0,0,0,0.0,0.0,0.0,0.0,0.0,0.0,0.0,1
2026,1,January,Q1,SCO,Scotland,REPAIR,61,0,0,0,0.0,0.0,0.0,0.0,0.0,0.0,0.0,1
2026,1,January,Q1,SE,South East,EXCHANGE,268,0,0,0,0.0,0.0,0.0,0.0,0.0,0.0,0.0,1
2026,1,January,Q1,SE,South East,NEW_INSTALL,244,0,0,0,0.0,0.0,0.0,0.0,0.0,0.0,0.0,1
2026,1,January,Q1,SE,South East,REMOVAL,45,0,0,0,0.0,0.0,0.0,0.0,0.0,0.0,0.0,1
2026,1,January,Q1,SE,South East,REPAIR,109,0,0,0,0.0,0.0,0.0,0.0,0.0,0.0,0.0,1
2026,1,January,Q1,SW,South West,EXCHANGE,124,0,0,0,0.0,0.0,0.0,0.0,0.0,0.0,0.0,1
2026,1,January,Q1,SW,South West,NEW_INSTALL,115,0,0,0,0.0,0.0,0.0,0.0,0.0,0.0,0.0,1
2026,1,January,Q1,SW,South West,REMOVAL,27,0,0,0,0.0,0.0,0.0,0.0,0.0,0.0,0.0,1
2026,1,January,Q1,SW,South West,REPAIR,41,0,0,0,0.0,0.0,0.0,0.0,0.0,0.0,0.0,1
2026,1,January,Q1,WAL,Wales,EXCHANGE,96,0,0,0,0.0,0.0,0.0,0.0,0.0,0.0,0.0,1
2026,1,January,Q1,WAL,Wales,NEW_INSTALL,89,0,0,0,0.0,0.0,0.0,0.0,0.0,0.0,0.0,1
2026,1,January,Q1,WAL,Wales,REMOVAL,20,0,0,0,0.0,0.0,0.0,0.0,0.0,0.0,0.0,1
2026,1,January,Q1,WAL,Wales,REPAIR,40,0,0,0,0.0,0.0,0.0,0.0,0.0,0.0,0.0,1
2026,1,January,Q1,YRK,Yorkshire,EXCHANGE,167,0,0,0,0.0,0.0,0.0,0.0,0.0,0.0,0.0,1
2026,1,January,Q1,YRK,Yorkshire,NEW_INSTALL,156,0,0,0,0.0,0.0,0.0,0.0,0.0,0.0,0.0,1
2026,1,January,Q1,YRK,Yorkshire,REMOVAL,30,0,0,0,0.0,0.0,0.0,0.0,0.0,0.0,0.0,1
2026,1,January,Q1,YRK,Yorkshire,REPAIR,74,0,0,0,0.0,0.0,0.0,0.0,0.0,0.0,0.0,1
2026,2,February,Q1,MID,Midlands,EXCHANGE,196,0,0,0,0.0,0.0,0.0,0.0,0.0,0.0,0.0,1
2026,2,February,Q1,MID,Midlands,NEW_INSTALL,165,0,0,0,0.0,0.0,0.0,0.0,0.0,0.0,0.0,1
2026,2,February,Q1,MID,Midlands,REMOVAL,24,0,0,0,0.0,0.0,0.0,0.0,0.0,0.0,0.0,1
2026,2,February,Q1,MID,Midlands,REPAIR,93,0,0,0,0.0,0.0,0.0,0.0,0.0,0.0,0.0,1
2026,2,February,Q1,NE,North East,EXCHANGE,104,0,0,0,0.0,0.0,0.0,0.0,0.0,0.0,0.0,1
2026,2,February,Q1,NE,North East,NEW_INSTALL,94,0,0,0,0.0,0.0,0.0,0.0,0.0,0.0,0.0,1
2026,2,February,Q1,NE,North East,REMOVAL,26,0,0,0,0.0,0.0,0.0,0.0,0.0,0.0,0.0,1
2026,2,February,Q1,NE,North East,REPAIR,46,0,0,0,0.0,0.0,0.0,0.0,0.0,0.0,0.0,1
2026,2,February,Q1,NW,North West,EXCHANGE,156,0,0,0,0.0,0.0,0.0,0.0,0.0,0.0,0.0,1
2026,2,February,Q1,NW,North West,NEW_INSTALL,123,0,0,0,0.0,0.0,0.0,0.0,0.0,0.0,0.0,1
2026,2,February,Q1,NW,North West,REMOVAL,24,0,0,0,0.0,0.0,0.0,0.0,0.0,0.0,0.0,1
2026,2,February,Q1,NW,North West,REPAIR,91,0,0,0,0.0,0.0,0.0,0.0,0.0,0.0,0.0,1
2026,2,February,Q1,SCO,Scotland,EXCHANGE,119,0,0,0,0.0,0.0,0.0,0.0,0.0,0.0,0.0,1
2026,2,February,Q1,SCO,Scotland,NEW_INSTALL,78,0,0,0,0.0,0.0,0.0,0.0,0.0,0.0,0.0,1
2026,2,February,Q1,SCO,Scotland,REMOVAL,22,0,0,0,0.0,0.0,0.0,0.0,0.0,0.0,0.0,1
2026,2,February,Q1,SCO,Scotland,REPAIR,45,0,0,0,0.0,0.0,0.0,0.0,0.0,0.0,0.0,1
2026,2,February,Q1,SE,South East,EXCHANGE,221,0,0,0,0.0,0.0,0.0,0.0,0.0,0.0,0.0,1
2026,2,February,Q1,SE,South East,NEW_INSTALL,179,0,0,0,0.0,0.0,0.0,0.0,0.0,0.0,0.0,1
2026,2,February,Q1,SE,South East,REMOVAL,40,0,0,0,0.0,0.0,0.0,0.0,0.0,0.0,0.0,1
2026,2,February,Q1,SE,South East,REPAIR,96,0,0,0,0.0,0.0,0.0,0.0,0.0,0.0,0.0,1
2026,2,February,Q1,SW,South West,EXCHANGE,104,0,0,0,0.0,0.0,0.0,0.0,0.0,0.0,0.0,1
2026,2,February,Q1,SW,South West,NEW_INSTALL,75,0,0,0,0.0,0.0,0.0,0.0,0.0,0.0,0.0,1
2026,2,February,Q1,SW,South West,REMOVAL,18,0,0,0,0.0,0.0,0.0,0.0,0.0,0.0,0.0,1
2026,2,February,Q1,SW,South West,REPAIR,46,0,0,0,0.0,0.0,0.0,0.0,0.0,0.0,0.0,1
2026,2,February,Q1,WAL,Wales,EXCHANGE,76,0,0,0,0.0,0.0,0.0,0.0,0.0,0.0,0.0,1
2026,2,February,Q1,WAL,Wales,NEW_INSTALL,65,0,0,0,0.0,0.0,0.0,0.0,0.0,0.0,0.0,1
2026,2,February,Q1,WAL,Wales,REMOVAL,13,0,0,0,0.0,0.0,0.0,0.0,0.0,0.0,0.0,1
2026,2,February,Q1,WAL,Wales,REPAIR,42,0,0,0,0.0,0.0,0.0,0.0,0.0,0.0,0.0,1
2026,2,February,Q1,YRK,Yorkshire,EXCHANGE,135,0,0,0,0.0,0.0,0.0,0.0,0.0,0.0,0.0,1
2026,2,February,Q1,YRK,Yorkshire,NEW_INSTALL,125,0,0,0,0.0,0.0,0.0,0.0,0.0,0.0,0.0,1
2026,2,February,Q1,YRK,Yorkshire,REMOVAL,25,0,0,0,0.0,0.0,0.0,0.0,0.0,0.0,0.0,1
2026,2,February,Q1,YRK,Yorkshire,REPAIR,52,0,0,0,0.0,0.0,0.0,0.0,0.0,0.0,0.0,1
2026,3,March,Q1,MID,Midlands,EXCHANGE,199,0,0,0,0.0,0.0,0.0,0.0,0.0,0.0,0.0,1
2026,3,March,Q1,MID,Midlands,NEW_INSTALL,153,0,0,0,0.0,0.0,0.0,0.0,0.0,0.0,0.0,1
2026,3,March,Q1,MID,Midlands,REMOVAL,32,0,0,0,0.0,0.0,0.0,0.0,0.0,0.0,0.0,1
2026,3,March,Q1,MID,Midlands,REPAIR,94,0,0,0,0.0,0.0,0.0,0.0,0.0,0.0,0.0,1
2026,3,March,Q1,NE,North East,EXCHANGE,127,0,0,0,0.0,0.0,0.0,0.0,0.0,0.0,0.0,1
2026,3,March,Q1,NE,North East,NEW_INSTALL,88,0,0,0,0.0,0.0,0.0,0.0,0.0,0.0,0.0,1
2026,3,March,Q1,NE,North East,REMOVAL,20,0,0,0,0.0,0.0,0.0,0.0,0.0,0.0,0.0,1
2026,3,March,Q1,NE,North East,REPAIR,51,0,0,0,0.0,0.0,0.0,0.0,0.0,0.0,0.0,1
2026,3,March,Q1,NW,North West,EXCHANGE,159,0,0,0,0.0,0.0,0.0,0.0,0.0,0.0,0.0,1
2026,3,March,Q1,NW,North West,NEW_INSTALL,140,0,0,0,0.0,0.0,0.0,0.0,0.0,0.0,0.0,1
2026,3,March,Q1,NW,North West,REMOVAL,24,0,0,0,0.0,0.0,0.0,0.0,0.0,0.0,0.0,1
2026,3,March,Q1,NW,North West,REPAIR,74,0,0,0,0.0,0.0,0.0,0.0,0.0,0.0,0.0,1
2026,3,March,Q1,SCO,Scotland,EXCHANGE,113,0,0,0,0.0,0.0,0.0,0.0,0.0,0.0,0.0,1
2026,3,March,Q1,SCO,Scotland,NEW_INSTALL,110,0,0,0,0.0,0.0,0.0,0.0,0.0,0.0,0.0,1
2026,3,March,Q1,SCO,Scotland,REMOVAL,18,0,0,0,0.0,0.0,0.0,0.0,0.0,0.0,0.0,1
2026,3,March,Q1,SCO,Scotland,REPAIR,31,0,0,0,0.0,0.0,0.0,0.0,0.0,0.0,0.0,1
2026,3,March,Q1,SE,South East,EXCHANGE,210,0,0,0,0.0,0.0,0.0,0.0,0.0,0.0,0.0,1
2026,3,March,Q1,SE,South East,NEW_INSTALL,188,0,0,0,0.0,0.0,0.0,0.0,0.0,0.0,0.0,1
2026,3,March,Q1,SE,South East,REMOVAL,30,0,0,0,0.0,0.0,0.0,0.0,0.0,0.0,0.0,1
2026,3,March,Q1,SE,South East,REPAIR,116,0,0,0,0.0,0.0,0.0,0.0,0.0,0.0,0.0,1
2026,3,March,Q1,SW,South West,EXCHANGE,100,0,0,0,0.0,0.0,0.0,0.0,0.0,0.0,0.0,1
2026,3,March,Q1,SW,South West,NEW_INSTALL,79,0,0,0,0.0,0.0,0.0,0.0,0.0,0.0,0.0,1
2026,3,March,Q1,SW,South West,REMOVAL,27,0,0,0,0.0,0.0,0.0,0.0,0.0,0.0,0.0,1
2026,3,March,Q1,SW,South West,REPAIR,44,0,0,0,0.0,0.0,0.0,0.0,0.0,0.0,0.0,1
2026,3,March,Q1,WAL,Wales,EXCHANGE,82,0,0,0,0.0,0.0,0.0,0.0,0.0,0.0,0.0,1
2026,3,March,Q1,WAL,Wales,NEW_INSTALL,64,0,0,0,0.0,0.0,0.0,0.0,0.0,0.0,0.0,1
2026,3,March,Q1,WAL,Wales,REMOVAL,24,0,0,0,0.0,0.0,0.0,0.0,0.0,0.0,0.0,1
2026,3,March,Q1,WAL,Wales,REPAIR,27,0,0,0,0.0,0.0,0.0,0.0,0.0,0.0,0.0,1
2026,3,March,Q1,YRK,Yorkshire,EXCHANGE,134,0,0,0,0.0,0.0,0.0,0.0,0.0,0.0,0.0,1
2026,3,March,Q1,YRK,Yorkshire,NEW_INSTALL,129,0,0,0,0.0,0.0,0.0,0.0,0.0,0.0,0.0,1
2026,3,March,Q1,YRK,Yorkshire,REMOVAL,27,0,0,0,0.0,0.0,0.0,0.0,0.0,0.0,0.0,1
2026,3,March,Q1,YRK,Yorkshire,REPAIR,60,0,0,0,0.0,0.0,0.0,0.0,0.0,0.0,0.0,1
2026,4,April,Q2,MID,Midlands,EXCHANGE,208,0,0,0,0.0,0.0,0.0,0.0,0.0,0.0,0.0,1
2026,4,April,Q2,MID,Midlands,NEW_INSTALL,139,0,0,0,0.0,0.0,0.0,0.0,0.0,0.0,0.0,1
2026,4,April,Q2,MID,Midlands,REMOVAL,27,0,0,0,0.0,0.0,0.0,0.0,0.0,0.0,0.0,1
2026,4,April,Q2,MID,Midlands,REPAIR,88,0,0,0,0.0,0.0,0.0,0.0,0.0,0.0,0.0,1
2026,4,April,Q2,NE,North East,EXCHANGE,105,0,0,0,0.0,0.0,0.0,0.0,0.0,0.0,0.0,1
2026,4,April,Q2,NE,North East,NEW_INSTALL,95,0,0,0,0.0,0.0,0.0,0.0,0.0,0.0,0.0,1
2026,4,April,Q2,NE,North East,REMOVAL,23,0,0,0,0.0,0.0,0.0,0.0,0.0,0.0,0.0,1
2026,4,April,Q2,NE,North East,REPAIR,54,0,0,0,0.0,0.0,0.0,0.0,0.0,0.0,0.0,1
2026,4,April,Q2,NW,North West,EXCHANGE,166,0,0,0,0.0,0.0,0.0,0.0,0.0,0.0,0.0,1
2026,4,April,Q2,NW,North West,NEW_INSTALL,109,0,0,0,0.0,0.0,0.0,0.0,0.0,0.0,0.0,1
2026,4,April,Q2,NW,North West,REMOVAL,27,0,0,0,0.0,0.0,0.0,0.0,0.0,0.0,0.0,1
2026,4,April,Q2,NW,North West,REPAIR,70,0,0,0,0.0,0.0,0.0,0.0,0.0,0.0,0.0,1
2026,4,April,Q2,SCO,Scotland,EXCHANGE,118,0,0,0,0.0,0.0,0.0,0.0,0.0,0.0,0.0,1
2026,4,April,Q2,SCO,Scotland,NEW_INSTALL,88,0,0,0,0.0,0.0,0.0,0.0,0.0,0.0,0.0,1
2026,4,April,Q2,SCO,Scotland,REMOVAL,13,0,0,0,0.0,0.0,0.0,0.0,0.0,0.0,0.0,1
2026,4,April,Q2,SCO,Scotland,REPAIR,43,0,0,0,0.0,0.0,0.0,0.0,0.0,0.0,0.0,1
2026,4,April,Q2,SE,South East,EXCHANGE,218,0,0,0,0.0,0.0,0.0,0.0,0.0,0.0,0.0,1
2026,4,April,Q2,SE,South East,NEW_INSTALL,198,0,0,0,0.0,0.0,0.0,0.0,0.0,0.0,0.0,1
2026,4,April,Q2,SE,South East,REMOVAL,30,0,0,0,0.0,0.0,0.0,0.0,0.0,0.0,0.0,1
2026,4,April,Q2,SE,South East,REPAIR,91,0,0,0,0.0,0.0,0.0,0.0,0.0,0.0,0.0,1
2026,4,April,Q2,SW,South West,EXCHANGE,90,0,0,0,0.0,0.0,0.0,0.0,0.0,0.0,0.0,1
2026,4,April,Q2,SW,South West,NEW_INSTALL,88,0,0,0,0.0,0.0,0.0,0.0,0.0,0.0,0.0,1
2026,4,April,Q2,SW,South West,REMOVAL,19,0,0,0,0.0,0.0,0.0,0.0,0.0,0.0,0.0,1
2026,4,April,Q2,SW,South West,REPAIR,47,0,0,0,0.0,0.0,0.0,0.0,0.0,0.0,0.0,1
2026,4,April,Q2,WAL,Wales,EXCHANGE,67,0,0,0,0.0,0.0,0.0,0.0,0.0,0.0,0.0,1
2026,4,April,Q2,WAL,Wales,NEW_INSTALL,77,0,0,0,0.0,0.0,0.0,0.0,0.0,0.0,0.0,1
2026,4,April,Q2,WAL,Wales,REMOVAL,20,0,0,0,0.0,0.0,0.0,0.0,0.0,0.0,0.0,1
2026,4,April,Q2,WAL,Wales,REPAIR,27,0,0,0,0.0,0.0,0.0,0.0,0.0,0.0,0.0,1
2026,4,April,Q2,YRK,Yorkshire,EXCHANGE,130,0,0,0,0.0,0.0,0.0,0.0,0.0,0.0,0.0,1
2026,4,April,Q2,YRK,Yorkshire,NEW_INSTALL,121,0,0,0,0.0,0.0,0.0,0.0,0.0,0.0,0.0,1
2026,4,April,Q2,YRK,Yorkshire,REMOVAL,25,0,0,0,0.0,0.0,0.0,0.0,0.0,0.0,0.0,1
2026,4,April,Q2,YRK,Yorkshire,REPAIR,63,0,0,0,0.0,0.0,0.0,0.0,0.0,0.0,0.0,1
2026,5,May,Q2,MID,Midlands,EXCHANGE,184,0,0,0,0.0,0.0,0.0,0.0,0.0,0.0,0.0,1
2026,5,May,Q2,MID,Midlands,NEW_INSTALL,172,0,0,0,0.0,0.0,0.0,0.0,0.0,0.0,0.0,1
2026,5,May,Q2,MID,Midlands,REMOVAL,46,0,0,0,0.0,0.0,0.0,0.0,0.0,0.0,0.0,1
2026,5,May,Q2,MID,Midlands,REPAIR,77,0,0,0,0.0,0.0,0.0,0.0,0.0,0.0,0.0,1
2026,5,May,Q2,NE,North East,EXCHANGE,112,0,0,0,0.0,0.0,0.0,0.0,0.0,0.0,0.0,1
2026,5,May,Q2,NE,North East,NEW_INSTALL,100,0,0,0,0.0,0.0,0.0,0.0,0.0,0.0,0.0,1
2026,5,May,Q2,NE,North East,REMOVAL,11,0,0,0,0.0,0.0,0.0,0.0,0.0,0.0,0.0,1
2026,5,May,Q2,NE,North East,REPAIR,55,0,0,0,0.0,0.0,0.0,0.0,0.0,0.0,0.0,1
2026,5,May,Q2,NW,North West,EXCHANGE,171,0,0,0,0.0,0.0,0.0,0.0,0.0,0.0,0.0,1
2026,5,May,Q2,NW,North West,NEW_INSTALL,126,0,0,0,0.0,0.0,0.0,0.0,0.0,0.0,0.0,1
2026,5,May,Q2,NW,North West,REMOVAL,23,0,0,0,0.0,0.0,0.0,0.0,0.0,0.0,0.0,1
2026,5,May,Q2,NW,North West,REPAIR,70,0,0,0,0.0,0.0,0.0,0.0,0.0,0.0,0.0,1
2026,5,May,Q2,SCO,Scotland,EXCHANGE,98,0,0,0,0.0,0.0,0.0,0.0,0.0,0.0,0.0,1
2026,5,May,Q2,SCO,Scotland,NEW_INSTALL,95,0,0,0,0.0,0.0,0.0,0.0,0.0,0.0,0.0,1
2026,5,May,Q2,SCO,Scotland,REMOVAL,21,0,0,0,0.0,0.0,0.0,0.0,0.0,0.0,0.0,1
2026,5,May,Q2,SCO,Scotland,REPAIR,53,0,0,0,0.0,0.0,0.0,0.0,0.0,0.0,0.0,1
2026,5,May,Q2,SE,South East,EXCHANGE,206,0,0,0,0.0,0.0,0.0,0.0,0.0,0.0,0.0,1
2026,5,May,Q2,SE,South East,NEW_INSTALL,201,0,0,0,0.0,0.0,0.0,0.0,0.0,0.0,0.0,1
2026,5,May,Q2,SE,South East,REMOVAL,38,0,0,0,0.0,0.0,0.0,0.0,0.0,0.0,0.0,1
2026,5,May,Q2,SE,South East,REPAIR,102,0,0,0,0.0,0.0,0.0,0.0,0.0,0.0,0.0,1
2026,5,May,Q2,SW,South West,EXCHANGE,97,0,0,0,0.0,0.0,0.0,0.0,0.0,0.0,0.0,1
2026,5,May,Q2,SW,South West,NEW_INSTALL,93,0,0,0,0.0,0.0,0.0,0.0,0.0,0.0,0.0,1
2026,5,May,Q2,SW,South West,REMOVAL,25,0,0,0,0.0,0.0,0.0,0.0,0.0,0.0,0.0,1
2026,5,May,Q2,SW,South West,REPAIR,38,0,0,0,0.0,0.0,0.0,0.0,0.0,0.0,0.0,1
2026,5,May,Q2,WAL,Wales,EXCHANGE,94,0,0,0,0.0,0.0,0.0,0.0,0.0,0.0,0.0,1
2026,5,May,Q2,WAL,Wales,NEW_INSTALL,61,0,0,0,0.0,0.0,0.0,0.0,0.0,0.0,0.0,1
2026,5,May,Q2,WAL,Wales,REMOVAL,8,0,0,0,0.0,0.0,0.0,0.0,0.0,0.0,0.0,1
2026,5,May,Q2,WAL,Wales,REPAIR,37,0,0,0,0.0,0.0,0.0,0.0,0.0,0.0,0.0,1
2026,5,May,Q2,YRK,Yorkshire,EXCHANGE,135,0,0,0,0.0,0.0,0.0,0.0,0.0,0.0,0.0,1
2026,5,May,Q2,YRK,Yorkshire,NEW_INSTALL,122,0,0,0,0.0,0.0,0.0,0.0,0.0,0.0,0.0,1
2026,5,May,Q2,YRK,Yorkshire,REMOVAL,28,0,0,0,0.0,0.0,0.0,0.0,0.0,0.0,0.0,1
2026,5,May,Q2,YRK,Yorkshire,REPAIR,65,0,0,0,0.0,0.0,0.0,0.0,0.0,0.0,0.0,1
2026,6,June,Q2,MID,Midlands,EXCHANGE,236,0,0,0,0.0,0.0,0.0,0.0,0.0,0.0,0.0,1
2026,6,June,Q2,MID,Midlands,NEW_INSTALL,170,0,0,0,0.0,0.0,0.0,0.0,0.0,0.0,0.0,1
2026,6,June,Q2,MID,Midlands,REMOVAL,31,0,0,0,0.0,0.0,0.0,0.0,0.0,0.0,0.0,1
2026,6,June,Q2,MID,Midlands,REPAIR,93,0,0,0,0.0,0.0,0.0,0.0,0.0,0.0,0.0,1
2026,6,June,Q2,NE,North East,EXCHANGE,132,0,0,0,0.0,0.0,0.0,0.0,0.0,0.0,0.0,1
2026,6,June,Q2,NE,North East,NEW_INSTALL,105,0,0,0,0.0,0.0,0.0,0.0,0.0,0.0,0.0,1
2026,6,June,Q2,NE,North East,REMOVAL,22,0,0,0,0.0,0.0,0.0,0.0,0.0,0.0,0.0,1
2026,6,June,Q2,NE,North East,REPAIR,63,0,0,0,0.0,0.0,0.0,0.0,0.0,0.0,0.0,1
2026,6,June,Q2,NW,North West,EXCHANGE,172,0,0,0,0.0,0.0,0.0,0.0,0.0,0.0,0.0,1
2026,6,June,Q2,NW,North West,NEW_INSTALL,165,0,0,0,0.0,0.0,0.0,0.0,0.0,0.0,0.0,1
2026,6,June,Q2,NW,North West,REMOVAL,27,0,0,0,0.0,0.0,0.0,0.0,0.0,0.0,0.0,1
2026,6,June,Q2,NW,North West,REPAIR,83,0,0,0,0.0,0.0,0.0,0.0,0.0,0.0,0.0,1
2026,6,June,Q2,SCO,Scotland,EXCHANGE,124,0,0,0,0.0,0.0,0.0,0.0,0.0,0.0,0.0,1
2026,6,June,Q2,SCO,Scotland,NEW_INSTALL,101,0,0,0,0.0,0.0,0.0,0.0,0.0,0.0,0.0,1
2026,6,June,Q2,SCO,Scotland,REMOVAL,21,0,0,0,0.0,0.0,0.0,0.0,0.0,0.0,0.0,1
2026,6,June,Q2,SCO,Scotland,REPAIR,59,0,0,0,0.0,0.0,0.0,0.0,0.0,0.0,0.0,1
2026,6,June,Q2,SE,South East,EXCHANGE,262,0,0,0,0.0,0.0,0.0,0.0,0.0,0.0,0.0,1
2026,6,June,Q2,SE,South East,NEW_INSTALL,224,0,0,0,0.0,0.0,0.0,0.0,0.0,0.0,0.0,1
2026,6,June,Q2,SE,South East,REMOVAL,44,0,0,0,0.0,0.0,0.0,0.0,0.0,0.0,0.0,1
2026,6,June,Q2,SE,South East,REPAIR,110,0,0,0,0.0,0.0,0.0,0.0,0.0,0.0,0.0,1
2026,6,June,Q2,SW,South West,EXCHANGE,99,0,0,0,0.0,0.0,0.0,0.0,0.0,0.0,0.0,1
2026,6,June,Q2,SW,South West,NEW_INSTALL,115,0,0,0,0.0,0.0,0.0,0.0,0.0,0.0,0.0,1
2026,6,June,Q2,SW,South West,REMOVAL,11,0,0,0,0.0,0.0,0.0,0.0,0.0,0.0,0.0,1
2026,6,June,Q2,SW,South West,REPAIR,55,0,0,0,0.0,0.0,0.0,0.0,0.0,0.0,0.0,1
2026,6,June,Q2,WAL,Wales,EXCHANGE,86,0,0,0,0.0,0.0,0.0,0.0,0.0,0.0,0.0,1
2026,6,June,Q2,WAL,Wales,NEW_INSTALL,89,0,0,0,0.0,0.0,0.0,0.0,0.0,0.0,0.0,1
2026,6,June,Q2,WAL,Wales,REMOVAL,15,0,0,0,0.0,0.0,0.0,0.0,0.0,0.0,0.0,1
2026,6,June,Q2,WAL,Wales,REPAIR,36,0,0,0,0.0,0.0,0.0,0.0,0.0,0.0,0.0,1
2026,6,June,Q2,YRK,Yorkshire,EXCHANGE,158,0,0,0,0.0,0.0,0.0,0.0,0.0,0.0,0.0,1
2026,6,June,Q2,YRK,Yorkshire,NEW_INSTALL,135,0,0,0,0.0,0.0,0.0,0.0,0.0,0.0,0.0,1
2026,6,June,Q2,YRK,Yorkshire,REMOVAL,27,0,0,0,0.0,0.0,0.0,0.0,0.0,0.0,0.0,1
2026,6,June,Q2,YRK,Yorkshire,REPAIR,72,0,0,0,0.0,0.0,0.0,0.0,0.0,0.0,0.0,1
2026,7,July,Q3,MID,Midlands,EXCHANGE,256,0,0,0,0.0,0.0,0.0,0.0,0.0,0.0,0.0,1
2026,7,July,Q3,MID,Midlands,NEW_INSTALL,193,0,0,0,0.0,0.0,0.0,0.0,0.0,0.0,0.0,1
2026,7,July,Q3,MID,Midlands,REMOVAL,40,0,0,0,0.0,0.0,0.0,0.0,0.0,0.0,0.0,1
2026,7,July,Q3,MID,Midlands,REPAIR,140,0,0,0,0.0,0.0,0.0,0.0,0.0,0.0,0.0,1
2026,7,July,Q3,NE,North East,EXCHANGE,153,0,0,0,0.0,0.0,0.0,0.0,0.0,0.0,0.0,1
2026,7,July,Q3,NE,North East,NEW_INSTALL,116,0,0,0,0.0,0.0,0.0,0.0,0.0,0.0,0.0,1
2026,7,July,Q3,NE,North East,REMOVAL,24,0,0,0,0.0,0.0,0.0,0.0,0.0,0.0,0.0,1
2026,7,July,Q3,NE,North East,REPAIR,73,0,0,0,0.0,0.0,0.0,0.0,0.0,0.0,0.0,1
2026,7,July,Q3,NW,North West,EXCHANGE,203,0,0,0,0.0,0.0,0.0,0.0,0.0,0.0,0.0,1
2026,7,July,Q3,NW,North West,NEW_INSTALL,179,0,0,0,0.0,0.0,0.0,0.0,0.0,0.0,0.0,1
2026,7,July,Q3,NW,North West,REMOVAL,35,0,0,0,0.0,0.0,0.0,0.0,0.0,0.0,0.0,1
2026,7,July,Q3,NW,North West,REPAIR,87,0,0,0,0.0,0.0,0.0,0.0,0.0,0.0,0.0,1
2026,7,July,Q3,SCO,Scotland,EXCHANGE,135,0,0,0,0.0,0.0,0.0,0.0,0.0,0.0,0.0,1
2026,7,July,Q3,SCO,Scotland,NEW_INSTALL,136,0,0,0,0.0,0.0,0.0,0.0,0.0,0.0,0.0,1
2026,7,July,Q3,SCO,Scotland,REMOVAL,28,0,0,0,0.0,0.0,0.0,0.0,0.0,0.0,0.0,1
2026,7,July,Q3,SCO,Scotland,REPAIR,62,0,0,0,0.0,0.0,0.0,0.0,0.0,0.0,0.0,1
2026,7,July,Q3,SE,South East,EXCHANGE,278,0,0,0,0.0,0.0,0.0,0.0,0.0,0.0,0.0,1
2026,7,July,Q3,SE,South East,NEW_INSTALL,237,0,0,0,0.0,0.0,0.0,0.0,0.0,0.0,0.0,1
2026,7,July,Q3,SE,South East,REMOVAL,51,0,0,0,0.0,0.0,0.0,0.0,0.0,0.0,0.0,1
2026,7,July,Q3,SE,South East,REPAIR,132,0,0,0,0.0,0.0,0.0,0.0,0.0,0.0,0.0,1
2026,7,July,Q3,SW,South West,EXCHANGE,139,0,0,0,0.0,0.0,0.0,0.0,0.0,0.0,0.0,1
2026,7,July,Q3,SW,South West,NEW_INSTALL,98,0,0,0,0.0,0.0,0.0,0.0,0.0,0.0,0.0,1
2026,7,July,Q3,SW,South West,REMOVAL,21,0,0,0,0.0,0.0,0.0,0.0,0.0,0.0,0.0,1
2026,7,July,Q3,SW,South West,REPAIR,63,0,0,0,0.0,0.0,0.0,0.0,0.0,0.0,0.0,1
2026,7,July,Q3,WAL,Wales,EXCHANGE,91,0,0,0,0.0,0.0,0.0,0.0,0.0,0.0,0.0,1
2026,7,July,Q3,WAL,Wales,NEW_INSTALL,89,0,0,0,0.0,0.0,0.0,0.0,0.0,0.0,0.0,1
2026,7,July,Q3,WAL,Wales,REMOVAL,20,0,0,0,0.0,0.0,0.0,0.0,0.0,0.0,0.0,1
2026,7,July,Q3,WAL,Wales,REPAIR,54,0,0,0,0.0,0.0,0.0,0.0,0.0,0.0,0.0,1
2026,7,July,Q3,YRK,Yorkshire,EXCHANGE,181,0,0,0,0.0,0.0,0.0,0.0,0.0,0.0,0.0,1
2026,7,July,Q3,YRK,Yorkshire,NEW_INSTALL,173,0,0,0,0.0,0.0,0.0,0.0,0.0,0.0,0.0,1
2026,7,July,Q3,YRK,Yorkshire,REMOVAL,30,0,0,0,0.0,0.0,0.0,0.0,0.0,0.0,0.0,1
2026,7,July,Q3,YRK,Yorkshire,REPAIR,79,0,0,0,0.0,0.0,0.0,0.0,0.0,0.0,0.0,1
2026,8,August,Q3,MID,Midlands,EXCHANGE,267,0,0,0,0.0,0.0,0.0,0.0,0.0,0.0,0.0,1
2026,8,August,Q3,MID,Midlands,NEW_INSTALL,245,0,0,0,0.0,0.0,0.0,0.0,0.0,0.0,0.0,1
2026,8,August,Q3,MID,Midlands,REMOVAL,48,0,0,0,0.0,0.0,0.0,0.0,0.0,0.0,0.0,1
2026,8,August,Q3,MID,Midlands,REPAIR,107,0,0,0,0.0,0.0,0.0,0.0,0.0,0.0,0.0,1
2026,8,August,Q3,NE,North East,EXCHANGE,167,0,0,0,0.0,0.0,0.0,0.0,0.0,0.0,0.0,1
2026,8,August,Q3,NE,North East,NEW_INSTALL,123,0,0,0,0.0,0.0,0.0,0.0,0.0,0.0,0.0,1
2026,8,August,Q3,NE,North East,REMOVAL,28,0,0,0,0.0,0.0,0.0,0.0,0.0,0.0,0.0,1
2026,8,August,Q3,NE,North East,REPAIR,70,0,0,0,0.0,0.0,0.0,0.0,0.0,0.0,0.0,1
2026,8,August,Q3,NW,North West,EXCHANGE,212,0,0,0,0.0,0.0,0.0,0.0,0.0,0.0,0.0,1
2026,8,August,Q3,NW,North West,NEW_INSTALL,185,0,0,0,0.0,0.0,0.0,0.0,0.0,0.0,0.0,1
2026,8,August,Q3,NW,North West,REMOVAL,40,0,0,0,0.0,0.0,0.0,0.0,0.0,0.0,0.0,1
2026,8,August,Q3,NW,North West,REPAIR,94,0,0,0,0.0,0.0,0.0,0.0,0.0,0.0,0.0,1
2026,8,August,Q3,SCO,Scotland,EXCHANGE,147,0,0,0,0.0,0.0,0.0,0.0,0.0,0.0,0.0,1
2026,8,August,Q3,SCO,Scotland,NEW_INSTALL,124,0,0,0,0.0,0.0,0.0,0.0,0.0,0.0,0.0,1
2026,8,August,Q3,SCO,Scotland,REMOVAL,21,0,0,0,0.0,0.0,0.0,0.0,0.0,0.0,0.0,1
2026,8,August,Q3,SCO,Scotland,REPAIR,60,0,0,0,0.0,0.0,0.0,0.0,0.0,0.0,0.0,1
2026,8,August,Q3,SE,South East,EXCHANGE,293,0,0,0,0.0,0.0,0.0,0.0,0.0,0.0,0.0,1
2026,8,August,Q3,SE,South East,NEW_INSTALL,258,0,0,0,0.0,0.0,0.0,0.0,0.0,0.0,0.0,1
2026,8,August,Q3,SE,South East,REMOVAL,55,0,0,0,0.0,0.0,0.0,0.0,0.0,0.0,0.0,1
2026,8,August,Q3,SE,South East,REPAIR,123,0,0,0,0.0,0.0,0.0,0.0,0.0,0.0,0.0,1
2026,8,August,Q3,SW,South West,EXCHANGE,141,0,0,0,0.0,0.0,0.0,0.0,0.0,0.0,0.0,1
2026,8,August,Q3,SW,South West,NEW_INSTALL,111,0,0,0,0.0,0.0,0.0,0.0,0.0,0.0,0.0,1
2026,8,August,Q3,SW,South West,REMOVAL,23,0,0,0,0.0,0.0,0.0,0.0,0.0,0.0,0.0,1
2026,8,August,Q3,SW,South West,REPAIR,65,0,0,0,0.0,0.0,0.0,0.0,0.0,0.0,0.0,1
2026,8,August,Q3,WAL,Wales,EXCHANGE,113,0,0,0,0.0,0.0,0.0,0.0,0.0,0.0,0.0,1
2026,8,August,Q3,WAL,Wales,NEW_INSTALL,98,0,0,0,0.0,0.0,0.0,0.0,0.0,0.0,0.0,1
2026,8,August,Q3,WAL,Wales,REMOVAL,22,0,0,0,0.0,0.0,0.0,0.0,0.0,0.0,0.0,1
2026,8,August,Q3,WAL,Wales,REPAIR,45,0,0,0,0.0,0.0,0.0,0.0,0.0,0.0,0.0,1
2026,8,August,Q3,YRK,Yorkshire,EXCHANGE,195,0,0,0,0.0,0.0,0.0,0.0,0.0,0.0,0.0,1
2026,8,August,Q3,YRK,Yorkshire,NEW_INSTALL,185,0,0,0,0.0,0.0,0.0,0.0,0.0,0.0,0.0,1
2026,8,August,Q3,YRK,Yorkshire,REMOVAL,25,0,0,0,0.0,0.0,0.0,0.0,0.0,0.0,0.0,1
2026,8,August,Q3,YRK,Yorkshire,REPAIR,83,0,0,0,0.0,0.0,0.0,0.0,0.0,0.0,0.0,1
2026,9,September,Q3,MID,Midlands,EXCHANGE,272,0,0,0,0.0,0.0,0.0,0.0,0.0,0.0,0.0,1
2026,9,September,Q3,MID,Midlands,NEW_INSTALL,241,0,0,0,0.0,0.0,0.0,0.0,0.0,0.0,0.0,1
2026,9,September,Q3,MID,Midlands,REMOVAL,54,0,0,0,0.0,0.0,0.0,0.0,0.0,0.0,0.0,1
2026,9,September,Q3,MID,Midlands,REPAIR,128,0,0,0,0.0,0.0,0.0,0.0,0.0,0.0,0.0,1
2026,9,September,Q3,NE,North East,EXCHANGE,161,0,0,0,0.0,0.0,0.0,0.0,0.0,0.0,0.0,1
2026,9,September,Q3,NE,North East,NEW_INSTALL,150,0,0,0,0.0,0.0,0.0,0.0,0.0,0.0,0.0,1
2026,9,September,Q3,NE,North East,REMOVAL,32,0,0,0,0.0,0.0,0.0,0.0,0.0,0.0,0.0,1
2026,9,September,Q3,NE,North East,REPAIR,77,0,0,0,0.0,0.0,0.0,0.0,0.0,0.0,0.0,1
2026,9,September,Q3,NW,North West,EXCHANGE,214,0,0,0,0.0,0.0,0.0,0.0,0.0,0.0,0.0,1
2026,9,September,Q3,NW,North West,NEW_INSTALL,215,0,0,0,0.0,0.0,0.0,0.0,0.0,0.0,0.0,1
2026,9,September,Q3,NW,North West,REMOVAL,50,0,0,0,0.0,0.0,0.0,0.0,0.0,0.0,0.0,1
2026,9,September,Q3,NW,North West,REPAIR,107,0,0,0,0.0,0.0,0.0,0.0,0.0,0.0,0.0,1
2026,9,September,Q3,SCO,Scotland,EXCHANGE,149,0,0,0,0.0,0.0,0.0,0.0,0.0,0.0,0.0,1
2026,9,September,Q3,SCO,Scotland,NEW_INSTALL,138,0,0,0,0.0,0.0,0.0,0.0,0.0,0.0,0.0,1
2026,9,September,Q3,SCO,Scotland,REMOVAL,36,0,0,0,0.0,0.0,0.0,0.0,0.0,0.0,0.0,1
2026,9,September,Q3,SCO,Scotland,REPAIR,69,0,0,0,0.0,0.0,0.0,0.0,0.0,0.0,0.0,1
2026,9,September,Q3,SE,South East,EXCHANGE,326,0,0,0,0.0,0.0,0.0,0.0,0.0,0.0,0.0,1
2026,9,September,Q3,SE,South East,NEW_INSTALL,271,0,0,0,0.0,0.0,0.0,0.0,0.0,0.0,0.0,1
2026,9,September,Q3,SE,South East,REMOVAL,62,0,0,0,0.0,0.0,0.0,0.0,0.0,0.0,0.0,1
2026,9,September,Q3,SE,South East,REPAIR,141,0,0,0,0.0,0.0,0.0,0.0,0.0,0.0,0.0,1
2026,9,September,Q3,SW,South West,EXCHANGE,144,0,0,0,0.0,0.0,0.0,0.0,0.0,0.0,0.0,1
2026,9,September,Q3,SW,South West,NEW_INSTALL,120,0,0,0,0.0,0.0,0.0,0.0,0.0,0.0,0.0,1
2026,9,September,Q3,SW,South West,REMOVAL,25,0,0,0,0.0,0.0,0.0,0.0,0.0,0.0,0.0,1
2026,9,September,Q3,SW,South West,REPAIR,71,0,0,0,0.0,0.0,0.0,0.0,0.0,0.0,0.0,1
2026,9,September,Q3,WAL,Wales,EXCHANGE,118,0,0,0,0.0,0.0,0.0,0.0,0.0,0.0,0.0,1
2026,9,September,Q3,WAL,Wales,NEW_INSTALL,92,0,0,0,0.0,0.0,0.0,0.0,0.0,0.0,0.0,1
2026,9,September,Q3,WAL,Wales,REMOVAL,21,0,0,0,0.0,0.0,0.0,0.0,0.0,0.0,0.0,1
2026,9,September,Q3,WAL,Wales,REPAIR,51,0,0,0,0.0,0.0,0.0,0.0,0.0,0.0,0.0,1
2026,9,September,Q3,YRK,Yorkshire,EXCHANGE,229,0,0,0,0.0,0.0,0.0,0.0,0.0,0.0,0.0,1
2026,9,September,Q3,YRK,Yorkshire,NEW_INSTALL,182,0,0,0,0.0,0.0,0.0,0.0,0.0,0.0,0.0,1
2026,9,September,Q3,YRK,Yorkshire,REMOVAL,29,0,0,0,0.0,0.0,0.0,0.0,0.0,0.0,0.0,1
2026,9,September,Q3,YRK,Yorkshire,REPAIR,76,0,0,0,0.0,0.0,0.0,0.0,0.0,0.0,0.0,1
2026,10,October,Q4,MID,Midlands,EXCHANGE,302,0,0,0,0.0,0.0,0.0,0.0,0.0,0.0,0.0,1
2026,10,October,Q4,MID,Midlands,NEW_INSTALL,238,0,0,0,0.0,0.0,0.0,0.0,0.0,0.0,0.0,1
2026,10,October,Q4,MID,Midlands,REMOVAL,62,0,0,0,0.0,0.0,0.0,0.0,0.0,0.0,0.0,1
2026,10,October,Q4,MID,Midlands,REPAIR,119,0,0,0,0.0,0.0,0.0,0.0,0.0,0.0,0.0,1
2026,10,October,Q4,NE,North East,EXCHANGE,163,0,0,0,0.0,0.0,0.0,0.0,0.0,0.0,0.0,1
2026,10,October,Q4,NE,North East,NEW_INSTALL,147,0,0,0,0.0,0.0,0.0,0.0,0.0,0.0,0.0,1
2026,10,October,Q4,NE,North East,REMOVAL,30,0,0,0,0.0,0.0,0.0,0.0,0.0,0.0,0.0,1
2026,10,October,Q4,NE,North East,REPAIR,83,0,0,0,0.0,0.0,0.0,0.0,0.0,0.0,0.0,1
2026,10,October,Q4,NW,North West,EXCHANGE,228,0,0,0,0.0,0.0,0.0,0.0,0.0,0.0,0.0,1
2026,10,October,Q4,NW,North West,NEW_INSTALL,205,0,0,0,0.0,0.0,0.0,0.0,0.0,0.0,0.0,1
2026,10,October,Q4,NW,North West,REMOVAL,53,0,0,0,0.0,0.0,0.0,0.0,0.0,0.0,0.0,1
2026,10,October,Q4,NW,North West,REPAIR,108,0,0,0,0.0,0.0,0.0,0.0,0.0,0.0,0.0,1
2026,10,October,Q4,SCO,Scotland,EXCHANGE,157,0,0,0,0.0,0.0,0.0,0.0,0.0,0.0,0.0,1
2026,10,October,Q4,SCO,Scotland,NEW_INSTALL,120,0,0,0,0.0,0.0,0.0,0.0,0.0,0.0,0.0,1
2026,10,October,Q4,SCO,Scotland,REMOVAL,30,0,0,0,0.0,0.0,0.0,0.0,0.0,0.0,0.0,1
2026,10,October,Q4,SCO,Scotland,REPAIR,88,0,0,0,0.0,0.0,0.0,0.0,0.0,0.0,0.0,1
2026,10,October,Q4,SE,South East,EXCHANGE,322,0,0,0,0.0,0.0,0.0,0.0,0.0,0.0,0.0,1
2026,10,October,Q4,SE,South East,NEW_INSTALL,294,0,0,0,0.0,0.0,0.0,0.0,0.0,0.0,0.0,1
2026,10,October,Q4,SE,South East,REMOVAL,50,0,0,0,0.0,0.0,0.0,0.0,0.0,0.0,0.0,1
2026,10,October,Q4,SE,South East,REPAIR,140,0,0,0,0.0,0.0,0.0,0.0,0.0,0.0,0.0,1
2026,10,October,Q4,SW,South West,EXCHANGE,123,0,0,0,0.0,0.0,0.0,0.0,0.0,0.0,0.0,1
2026,10,October,Q4,SW,South West,NEW_INSTALL,158,0,0,0,0.0,0.0,0.0,0.0,0.0,0.0,0.0,1
2026,10,October,Q4,SW,South West,REMOVAL,24,0,0,0,0.0,0.0,0.0,0.0,0.0,0.0,0.0,1
2026,10,October,Q4,SW,South West,REPAIR,78,0,0,0,0.0,0.0,0.0,0.0,0.0,0.0,0.0,1
2026,10,October,Q4,WAL,Wales,EXCHANGE,126,0,0,0,0.0,0.0,0.0,0.0,0.0,0.0,0.0,1
2026,10,October,Q4,WAL,Wales,NEW_INSTALL,104,0,0,0,0.0,0.0,0.0,0.0,0.0,0.0,0.0,1
2026,10,October,Q4,WAL,Wales,REMOVAL,18,0,0,0,0.0,0.0,0.0,0.0,0.0,0.0,0.0,1
2026,10,October,Q4,WAL,Wales,REPAIR,41,0,0,0,0.0,0.0,0.0,0.0,0.0,0.0,0.0,1
2026,10,October,Q4,YRK,Yorkshire,EXCHANGE,221,0,0,0,0.0,0.0,0.0,0.0,0.0,0.0,0.0,1
2026,10,October,Q4,YRK,Yorkshire,NEW_INSTALL,158,0,0,0,0.0,0.0,0.0,0.0,0.0,0.0,0.0,1
2026,10,October,Q4,YRK,Yorkshire,REMOVAL,50,0,0,0,0.0,0.0,0.0,0.0,0.0,0.0,0.0,1
2026,10,October,Q4,YRK,Yorkshire,REPAIR,105,0,0,0,0.0,0.0,0.0,0.0,0.0,0.0,0.0,1
2026,11,November,Q4,MID,Midlands,EXCHANGE,269,0,0,0,0.0,0.0,0.0,0.0,0.0,0.0,0.0,1
2026,11,November,Q4,MID,Midlands,NEW_INSTALL,211,0,0,0,0.0,0.0,0.0,0.0,0.0,0.0,0.0,1
2026,11,November,Q4,MID,Midlands,REMOVAL,58,0,0,0,0.0,0.0,0.0,0.0,0.0,0.0,0.0,1
2026,11,November,Q4,MID,Midlands,REPAIR,111,0,0,0,0.0,0.0,0.0,0.0,0.0,0.0,0.0,1
2026,11,November,Q4,NE,North East,EXCHANGE,152,0,0,0,0.0,0.0,0.0,0.0,0.0,0.0,0.0,1
2026,11,November,Q4,NE,North East,NEW_INSTALL,140,0,0,0,0.0,0.0,0.0,0.0,0.0,0.0,0.0,1
2026,11,November,Q4,NE,North East,REMOVAL,26,0,0,0,0.0,0.0,0.0,0.0,0.0,0.0,0.0,1
2026,11,November,Q4,NE,North East,REPAIR,81,0,0,0,0.0,0.0,0.0,0.0,0.0,0.0,0.0,1
2026,11,November,Q4,NW,North West,EXCHANGE,219,0,0,0,0.0,0.0,0.0,0.0,0.0,0.0,0.0,1
2026,11,November,Q4,NW,North West,NEW_INSTALL,184,0,0,0,0.0,0.0,0.0,0.0,0.0,0.0,0.0,1
2026,11,November,Q4,NW,North West,REMOVAL,36,0,0,0,0.0,0.0,0.0,0.0,0.0,0.0,0.0,1
2026,11,November,Q4,NW,North West,REPAIR,101,0,0,0,0.0,0.0,0.0,0.0,0.0,0.0,0.0,1
2026,11,November,Q4,SCO,Scotland,EXCHANGE,145,0,0,0,0.0,0.0,0.0,0.0,0.0,0.0,0.0,1
2026,11,November,Q4,SCO,Scotland,NEW_INSTALL,121,0,0,0,0.0,0.0,0.0,0.0,0.0,0.0,0.0,1
2026,11,November,Q4,SCO,Scotland,REMOVAL,22,0,0,0,0.0,0.0,0.0,0.0,0.0,0.0,0.0,1
2026,11,November,Q4,SCO,Scotland,REPAIR,77,0,0,0,0.0,0.0,0.0,0.0,0.0,0.0,0.0,1
2026,11,November,Q4,SE,South East,EXCHANGE,301,0,0,0,0.0,0.0,0.0,0.0,0.0,0.0,0.0,1
2026,11,November,Q4,SE,South East,NEW_INSTALL,248,0,0,0,0.0,0.0,0.0,0.0,0.0,0.0,0.0,1
2026,11,November,Q4,SE,South East,REMOVAL,55,0,0,0,0.0,0.0,0.0,0.0,0.0,0.0,0.0,1
2026,11,November,Q4,SE,South East,REPAIR,119,0,0,0,0.0,0.0,0.0,0.0,0.0,0.0,0.0,1
2026,11,November,Q4,SW,South West,EXCHANGE,125,0,0,0,0.0,0.0,0.0,0.0,0.0,0.0,0.0,1
2026,11,November,Q4,SW,South West,NEW_INSTALL,113,0,0,0,0.0,0.0,0.0,0.0,0.0,0.0,0.0,1
2026,11,November,Q4,SW,South West,REMOVAL,19,0,0,0,0.0,0.0,0.0,0.0,0.0,0.0,0.0,1
2026,11,November,Q4,SW,South West,REPAIR,72,0,0,0,0.0,0.0,0.0,0.0,0.0,0.0,0.0,1
2026,11,November,Q4,WAL,Wales,EXCHANGE,109,0,0,0,0.0,0.0,0.0,0.0,0.0,0.0,0.0,1
2026,11,November,Q4,WAL,Wales,NEW_INSTALL,90,0,0,0,0.0,0.0,0.0,0.0,0.0,0.0,0.0,1
2026,11,November,Q4,WAL,Wales,REMOVAL,24,0,0,0,0.0,0.0,0.0,0.0,0.0,0.0,0.0,1
2026,11,November,Q4,WAL,Wales,REPAIR,40,0,0,0,0.0,0.0,0.0,0.0,0.0,0.0,0.0,1
2026,11,November,Q4,YRK,Yorkshire,EXCHANGE,188,0,0,0,0.0,0.0,0.0,0.0,0.0,0.0,0.0,1
2026,11,November,Q4,YRK,Yorkshire,NEW_INSTALL,182,0,0,0,0.0,0.0,0.0,0.0,0.0,0.0,0.0,1
2026,11,November,Q4,YRK,Yorkshire,REMOVAL,27,0,0,0,0.0,0.0,0.0,0.0,0.0,0.0,0.0,1
2026,11,November,Q4,YRK,Yorkshire,REPAIR,88,0,0,0,0.0,0.0,0.0,0.0,0.0,0.0,0.0,1
2026,12,December,Q4,MID,Midlands,EXCHANGE,233,0,0,0,0.0,0.0,0.0,0.0,0.0,0.0,0.0,1
2026,12,December,Q4,MID,Midlands,NEW_INSTALL,240,0,0,0,0.0,0.0,0.0,0.0,0.0,0.0,0.0,1
2026,12,December,Q4,MID,Midlands,REMOVAL,54,0,0,0,0.0,0.0,0.0,0.0,0.0,0.0,0.0,1
2026,12,December,Q4,MID,Midlands,REPAIR,123,0,0,0,0.0,0.0,0.0,0.0,0.0,0.0,0.0,1
2026,12,December,Q4,NE,North East,EXCHANGE,157,0,0,0,0.0,0.0,0.0,0.0,0.0,0.0,0.0,1
2026,12,December,Q4,NE,North East,NEW_INSTALL,136,0,0,0,0.0,0.0,0.0,0.0,0.0,0.0,0.0,1
2026,12,December,Q4,NE,North East,REMOVAL,32,0,0,0,0.0,0.0,0.0,0.0,0.0,0.0,0.0,1
2026,12,December,Q4,NE,North East,REPAIR,65,0,0,0,0.0,0.0,0.0,0.0,0.0,0.0,0.0,1
2026,12,December,Q4,NW,North West,EXCHANGE,206,0,0,0,0.0,0.0,0.0,0.0,0.0,0.0,0.0,1
2026,12,December,Q4,NW,North West,NEW_INSTALL,200,0,0,0,0.0,0.0,0.0,0.0,0.0,0.0,0.0,1
2026,12,December,Q4,NW,North West,REMOVAL,46,0,0,0,0.0,0.0,0.0,0.0,0.0,0.0,0.0,1
2026,12,December,Q4,NW,North West,REPAIR,83,0,0,0,0.0,0.0,0.0,0.0,0.0,0.0,0.0,1
2026,12,December,Q4,SCO,Scotland,EXCHANGE,144,0,0,0,0.0,0.0,0.0,0.0,0.0,0.0,0.0,1
2026,12,December,Q4,SCO,Scotland,NEW_INSTALL,132,0,0,0,0.0,0.0,0.0,0.0,0.0,0.0,0.0,1
2026,12,December,Q4,SCO,Scotland,REMOVAL,28,0,0,0,0.0,0.0,0.0,0.0,0.0,0.0,0.0,1
2026,12,December,Q4,SCO,Scotland,REPAIR,72,0,0,0,0.0,0.0,0.0,0.0,0.0,0.0,0.0,1
2026,12,December,Q4,SE,South East,EXCHANGE,304,0,0,0,0.0,0.0,0.0,0.0,0.0,0.0,0.0,1
2026,12,December,Q4,SE,South East,NEW_INSTALL,237,0,0,0,0.0,0.0,0.0,0.0,0.0,0.0,0.0,1
2026,12,December,Q4,SE,South East,REMOVAL,50,0,0,0,0.0,0.0,0.0,0.0,0.0,0.0,0.0,1
2026,12,December,Q4,SE,South East,REPAIR,142,0,0,0,0.0,0.0,0.0,0.0,0.0,0.0,0.0,1
2026,12,December,Q4,SW,South West,EXCHANGE,140,0,0,0,0.0,0.0,0.0,0.0,0.0,0.0,0.0,1
2026,12,December,Q4,SW,South West,NEW_INSTALL,111,0,0,0,0.0,0.0,0.0,0.0,0.0,0.0,0.0,1
2026,12,December,Q4,SW,South West,REMOVAL,22,0,0,0,0.0,0.0,0.0,0.0,0.0,0.0,0.0,1
2026,12,December,Q4,SW,South West,REPAIR,64,0,0,0,0.0,0.0,0.0,0.0,0.0,0.0,0.0,1
2026,12,December,Q4,WAL,Wales,EXCHANGE,107,0,0,0,0.0,0.0,0.0,0.0,0.0,0.0,0.0,1
2026,12,December,Q4,WAL,Wales,NEW_INSTALL,108,0,0,0,0.0,0.0,0.0,0.0,0.0,0.0,0.0,1
2026,12,December,Q4,WAL,Wales,REMOVAL,16,0,0,0,0.0,0.0,0.0,0.0,0.0,0.0,0.0,1
2026,12,December,Q4,WAL,Wales,REPAIR,41,0,0,0,0.0,0.0,0.0,0.0,0.0,0.0,0.0,1
2026,12,December,Q4,YRK,Yorkshire,EXCHANGE,186,0,0,0,0.0,0.0,0.0,0.0,0.0,0.0,0.0,1
2026,12,December,Q4,YRK,Yorkshire,NEW_INSTALL,174,0,0,0,0.0,0.0,0.0,0.0,0.0,0.0,0.0,1
2026,12,December,Q4,YRK,Yorkshire,REMOVAL,36,0,0,0,0.0,0.0,0.0,0.0,0.0,0.0,0.0,1
2026,12,December,Q4,YRK,Yorkshire,REPAIR,84,0,0,0,0.0,0.0,0.0,0.0,0.0,0.0,0.0,1
